namespace,key,en
,06C971734DE096AA3F847E850113D1E2, / {MaxPlayers}
,F12B4D1440112DA5C59C39807A269803, 40/250
,3BB335B243D7F558DA9DF8B269CC73DE, XP:
,3C5702404C385479467B708A6A113ABD,"""Behemoth"""
,4A04FDBE42F06337E331B2A7C3AF4D25,"""Behemoth, Behemoth, Behemoth"""
,CFFDFB364C620FA868901FBA5404B56D,"""Lorem <Emphasize>ipsum dolor sit amet, consectetur</> adipiscing elit. Integer gravida <Emphasize>nisi quis mauris tincidunt ullamcorper</>. Fusce tristique posuere ligula, nec."""
,804A21B046E27F2805A09AAF8A6BCB46,"""Lorem ipsum dolor sit amet, consectetur <Emphasize>adipiscing elit. Cras turpis</> massa, porta quis porta pulvinar, egestas id eros.<Emphasize> Lorem ipsum</>."""
,14577F0D40AE0BCAC77C079FF4BAF656,%
,9E98C95E4C7C02BAAC41ACBF9D423C09,'Element' Resistance
,2AA05D6F4F93FBD14C5578B4A9BDAEDE,(
,CAD97665444D13F1373573B986B183D3,(
,A72E8B5E4899192E6C62F1B1284D5B97,(HOLD) Continue
,6F7A05D045BED1647A6709997C509A27,(HOLD) Return to Sanctus Clypeus
,7D5585404E006E2D3A51A182FF223BE6,(HOLD) Store
,236F92874ACA53E1DBA7449D6023170C,(HOLD) Store (Full)
,230067204C78E77FA2AF9EB8503D4DE3,)
,582D1B8C4ABFD7A8415C66A5E3DC4B94,)
,59D0A4184E1ACAE2222930895A9D5A8B,+
,73BB62554D93D14C95745FBC32E65419,+
,A68E29404C0817AA57E4C9A1E1F753B1,+
,BA2D17134AF4F9E345C6D293509EF5EA,+
,BC4CBE164EAC86823A5312ADFA15D1D5,+
,CCF15D55446F03CD78F2B8A96C2C4600,+
,E6EB7399456EE86190EC518011FFFD50,+
,82863CED450BE58025D581B40F3E3908,+ NEW LOADOUT v
,E33A3F1946B54C41D911F1A9EA8E515C,+00
,D8E3FE864B91FCCAFCCC4AAFD4358506,+1 Max Health Flasks
,5B23DD52460A0AA3F484538A014A2FD8,+1 Max Lives
,6DFB1B8146DB48D34E8A859CA7EF2365,+1 Max Lives
,A82F0B3D4AE799A18E32098AE1DEA334,+1 Max Lives
,FB0FCD7C47D51AFF8D19BAB3899BBA02,+1 Max Lives
,13901007412EAB6EB7251B8C2A74C67B,+1 Max Mana Flasks
,ABBAA73B4529EF1F8A8DC095EE4ADC15,+1 Shared Lives
,4B3377B34ED7D265DC31EBAF3023394D,+10 Max Health
,5A057E874B2ED9B2E81F1CB1657908A6,+10 Max Health
,7934B3C04465D32D896FEB8D150B5B30,+10 Max Health
,7B1AAD2243F7F37272E25F8964B2CC8F,+10 Max Health
,BD3ACD5246726DF5341CB0BA2D3CC8EE,+10 Max Health
,F43CBAE64763F02A65A8B68372CFC2DD,+10 Max Health
,1D46729E456EFECD9EA8249920A64B53,+10% Damage vs Burning
,31CB47004128475C91FD71AF07892021,+2 Bag Slots Unlocked!
,9EF558A242B7331339A7AAA5A3DD8418,+2 Bag Slots Unlocked!
,CCE09F454E752344C468A4B4F2F03FCD,+2 Crushing Damage
,863100474A2E02BD8F450EAE3C13F13E,+2 Slashing Damage
,7906B4174D773749D855728EB17CF55D,+3 Fire Damage
,CEA2B82A4E61625C43DCD895D4342285,+3 Max Mana
,2FBCA3854BFF040708533C940EBA6972,+3 Max Stamina
,1AF90E0E49144FCBB9408F839CC36011,+4 Crushing Damage
,8851DFE241FF1628765E35A7CC79B6EE,+4 Slashing Damage
,F66F7786456FA51B4D8FBD97003024AB,+4 Slashing Damage
,FBD6326A4E043C80911752951D951DBE,+40 Fire Attack. Lasts for 30 Seconds.
,B4EEDF2E44C867CB0F082881B5EFB808,+5 Fire Damage
,98C0E29D4C66CFD1BBCF878D2C4BE478,+5 Max Health
,1B30AC4841A9461AAEAF88BE0C445969,+5 Max Mana
,65E70958416F49AE52E2B792B172BB74,+5 Max Mana
,B4FDEB5146B5DD8BDDB6BA9B155069BB,+5 Max Mana
,BE11FF674A597391DCF17C99F849100C,+5 Max Mana
,D23D2B9A408B23D4BE59898297221B3D,+5 Max Mana
,027F09CB49ED7593455AAB8F81740B74,+5 Max Stamina
,15389C88417012326D2E9C973B89BBAE,+5 Max Stamina
,8F9A804F466B2EF2B543E59E828015CC,+5 Max Stamina
,9D28C1DD4A8119B528A8B79E0EA3E55E,+7 Max Mana
,588D7EC54F712C37529834876FBC1C7E,+7 Max Stamina
,75B2699247E08323BD2585A8C3375FAA,+Consumable Max Carry
,B422ED384629C09BCD7067953861CCAF,+Consumable Max Carry
,08A290F742AB3B67210969BA237B0F37,+Throwable Max Carry
,4BB2D7AA4634A724F57B61A857680E37,+Throwable Max Carry
,31C41E90469876F2E1056A9997AB765F,-
,40A775C14F322B4FD8459C8DF9AAC2A8,-
,B00B95244F25CB39B40DCF9A265E904C,-
,D9C3DFA34FCDF8EF78A435BC0DC726F0,-
,DA7423C7406863EE3C35C5AF9D808042,-
,3ABD788C494EC4605A3A2E814C4D6CA1,- Restores health
,7BE34632437AFF4B85708DB0C9AE0CD6,- Restores mana
,DEAD4DA34A45C94C2EA1E2B05D6D0745,- the Knight Commander
,F8DD0AB4496E1E61E9B96CBB16C63B3A,- the Knight Commander
,097F290347E8B27E9C793BA560AFCC07,/
,1477EF8C44064EB79026C8AAB0892234,/
,1EBCD7B04923CC9C03E6CBADB3B67933,/
,23E726C64AF1FE341D2D0CAF554DAFD0,/
,81977A8B47EA5C3747238BAC80249010,/
,87A00E0845F0AA7DC721BBA55257585D,/
,91BB5B584E66C669A5C791AD96F8B242,/
,9F7B079A41ABE42A390C3EA2342CF129,/
,E71229FD4E03087980FC4BA6EC676485,/
,3C79E4524F872A20482B0F944E1901E0,/ 
,CB9612F2413887FF572689A6E6922A01,/4
,0711E04C4F0023E4369FC89369E61B30,0
,109D1B3E4D0354EC1E66BA8F5F1FEFA5,0
,114CEE9C462A0B534CE550AF9CBDDBB4,0
,25427D0E494F2D85E82AD08EAD7867E3,0
,2CEB73E846DCFB0C9FECE29A123EE332,0
,3087B39F4D51102A1B2A4AB20B9C216C,0
,336B1F0E4E8105DA2A9B51A4645B97E0,0
,33FA280B4CF4F591BC48F4B8793C49EA,0
,59C00F2B45EF81A97705B782275BF7AC,0
,5ADFE9A2457346A7B6406EBB9C5B2EA0,0
,657693C94FF2E382D67F07BF147E73F7,0
,6809AC934F6FA4CEF1EFFF9431D7EC3F,0
,8FA8B837494806C74D1A74AB5B6349B4,0
,8FBD0ADE43495EECBADDBF95050477E5,0
,96D856444706E20D3285539BA1642EF9,0
,9BE4860E4D6D368A7FF118B4C53E68EC,0
,A17B95354263BB107DA2D591DC09536E,0
,AC4F705D4A4EC30BC427678B1139EAB0,0
,AF1C0AE74FB1BD24FFA9DD89D7377EBB,0
,B031E7A64BB2C517D717B59CA593CC18,0
,B49A00EB4B8302B4DD38539DF1D633BC,0
,DAF802CC481CFE246FDACC872023471A,0
,E76B5D064C0789497D3D55B443144FF3,0
,E81DAA744D57B6330E63099BC1EA7E5E,0
,EAC9E18B4497CF11FDD461879A4768CB,0
,EE21A80B4F1959256B467092AB580058,0
,F4D5E12441C8A569BBB816A411E64854,0
,F55722D44ED707E384E75299BB41C9FE,0
,FB3D580D4760B074DC6E78B81DD8D612,0
,5779E49946FA026CCCE3C89D65960FF9,0%
,254FD8C3497F29A5DC43D3AC9D8067F9,0.0
,BC1E54E9433D69D2B0C11F8BF9E27A4F,0.0
,D125A4D341D91BC7CE53838BCFD69875,0.0
,7FBEB5BA4FB4EF86FB82C0A2E7D4C1E2,0/1
,388B1F794EB7C0C2A7B7659F3A4B72B7,00
,5688A6AB4375757696E2CFA16EA32E04,00
,593BED5344A8A30C403365838DD0A6A3,00
,7C1E01814610E8BA1E1B8DBB485B8022,00
,887B49EE47A6338838475897AB0C604D,00
,ACBC4DCB4ED920A8950F229201204241,00
,B4ABEF1E4C36156D0D3623B6CC63E2A0,00
,C2A0567844310C8B5D7AECAF59131845,00
,CF5065484330E57B92DD969AC28AC762,00
,E295DFBE466510AFFA2B968D17D6C8F8,00
,1F80FA694FF0DCAC1857D586D9976B97,"00,000"
,3757AEA949AC4302091D24A4DFDD3D56,000
,4B6E9FB34DA402A99CB8F0991B9CAF15,000
,6872527742D7AABAD347F8B639B1CA4C,000
,7A8C37BC4C29E5A32725F3965DFB240D,000
,801703384D751EADD530F0B995EB7C3B,000
,D10429A54A5C201034AC2692A567E766,000
,D7AAA5E34B5A6DF0BF17F9A7ABC3DA4D,000
,AE6FD14E48DEAA9C58B2D798C13A2021,00000
,93CF02DC457375CCF3F6C6AEE56A574F,0000000000000
,95C3315B40700102FBB5C0A4EF722902,00:00
,B26B6FD04B4EC83DB7680B811A67B21F,00:00
,CAD54B7645AEE654CFA176AC8490803D,00:00
,662678274966D7DCDBC4508EBF1C4F27,00:00:00 01/01/2000
,D995DA9D433C06F7A68971BF7F57839B,01
,425AF25748F625B3297DB2B0A92B1C64,0:{Duration}
,76E59E114FDE626823169882938CFCA3,1
,B3AEA464400307DCC1B9A1986A26C3C8,1
,C39836AA451C8A7A81822581EB14C3F2,1
,D8F479ED424EA15D25E6C683A3BF8D76,1
,FA148DBD428A1C74EA46248018B678F4,1
,F043191942351E68EB694E9CF4FF2716,1 / 6 Rewards Earned
,8BC80FAA46C955D0219CA2B2E5EB36D5,1/1
,3488A6994C201ADF9392ABB96B49508F,10
,3AF1575E4AEC1FE38EA07AA5EAF3162D,100
,3F4B00FB417DA6D826A349B1CC900A62,100
,48E05C6345FCF3D96A0572A4666B3559,100
,2651B8154D142727A56F98B13E5A6A0D,1000
,313170704EC6A21E29ADF5847A674EAD,123
,C64F674146DA15C6C92433A65149173C,123456
,B2BA13364A532D15F048DEBA701274A8,12:54
,FD6485EA4674514537664091DC33FCFB,12:54
,060EE80B47738AAB213F10AF312DBC76,13.05.2026
,2899FF1944D575055CDA7DBE7B9DFC29,13.05.2026
,72EEF7A44F2396FC22F092A1E5D7EE1E,13.05.2026
,6420197E4E353E8DEACCE4B30DEC1475,15
,48B8F90E4725F257D29237938533FA4F,2
,B0FD99A6441544DEE9EA0E887846351E,2
,B2D92B1A4948090548A70F810CED8D1A,2
,7FE48EB84EE674B6A4F62E84273A98DB,2 NEXUS GATES LEFT
,AE0315AF4E2D535EC282FEA45C50A8AD,20
,B7D4F4544D613DCB3DA0A8A6F643B6FE,20
,980C6E4E48BA3CCBD771FABC8B64F78A,22
,B7400CBA41A745FC89EAA4979F199ADC,28
,50D6162844BD484643608997F1557F74,29
,1F96DA1A4081D2C18A54DBA9B7B4C9C7,3
,5F1D49AE4C28413F13BD1D855ACCBFC4,3
,93A7CA2743BCAD61DDF4798F4EFF9A1B,3
,786AA76B429B87AC3E59BBB390AEFCB9,3.5
,D179721449558995F412B292B2701C12,3.5
,8FEC54AA4EFD00D3CFF9009A85A341CB,30
,ED17BF4A4CA76CF1AC2F7388DAC2FB9B,30 FPS
,0AD0D6C44907C3C0D2A866916AA597B4,4
,096D8C084D48F44E0345CEA2264364E5,4 / 5
,23E32B1F462FD247F6AE838B472B4A40,4 / 5
,02AD9A8B4B2B6CFC10EB5B84F1806EA0,40 / 50
,B7848B0946B2269DC62E95AF1C24914B,40 / 50
,2AEB1752478C5E29461AD3A6A3B3CDA4,40/80
,13AC222B494F345D3E521294D44749BF,47/50
,9141CD3647D30ABE0541F8B7DF966634,5
,58E409D14DBE8A430A5E06B56C9DE8CE,50
,DD12BC1B4A869A764CB48CAC15829736,50
,CDE72C9142F9D10B297EE6A6062F1B1C,500 purified souls
,FED1079947F30E12460B5BAF68873544,54.321
,B6A7A5DA4A115D9324522B8B648AF039,58h
,E4CA949D43D37A7CB8370989D5068251,58h
,B6E07D1A418ECCB62FF3C7813A79F6E5,6
,2AA8980C4F8141A9E36A5194AD5C8641,60 FPS
,DE7AF7014DCE8DE10114BABC78BAFE38,600
,EAF2E7C4463FCB8CB73A3F955D217F98,600
,5CAC8F8B4DEC26998DACAC93BECB0C65,9
,1F235A194D44ECE4717170A94EFC9CEF,99
,9D85997D44C2C225ADB5E5831DFD40A1,99
,9D8F1E53482A35C28311F6BFF6F5C027,999
,2D13C2EB470AC5450E185AB82F0C6489,:
,84F0263B453B564BCFB80E97777FBA77,<
,3CFC47E94140131B6C5C0E9F7CA01484,<Header>ANGEL POWERS</>
,8F4F30934971B07C783CFDBD7A089760,<Header>ANGEL POWERS</>
,DC5527C5448D22C5523F7D94A6782274,<Header>Angel Ascension</>
,D846FA9F4FB7F37E0263648D8593737D,<Header>Angel Sense</>
,7B286CCF45DCA361271E7F8530BA41B2,<Header>Angelic Grace</>
,F308281A4F9E5027945CD7BB1AE03C02,<Header>Angelic Grace</>
,0F1C7F37422BDDDAEF17D3B31DC97AEB,<Header>Backstab</>
,5BA9EBD348975768D5E8CB8B405E6FA6,<Header>Bag Slots</>
,8E2319AD48A71D00FA7A858C04F0E58F,<Header>Blacksmith</>
,8EF38FC44C1C43A6725E39A16A05FB0B,<Header>Blessed Weapons</>
,51903D2A41168DED08066DB9AE6E13ED,<Header>Blocking</>
,313EC7F54FFC455CCC38DE99A9700D07,<Header>Boon Sigils</>
,4F2644C64EE05FD83A5B50BB4C89E455,<Header>Bounty Quests</>
,77DC89FD40136FDFC022A4AB8C20774C,<Header>Co-Op Play</>
,0980B77B4F3C42300E27CE8FFC79C3BE,<Header>Collection</>
,6FB9434B47BF079F6E7844A52D3C03A8,<Header>Consumables and Throwables</>
,969D44DC448A7357731995B74C2C5FFA,<Header>Cost of Death</>
,D2A1EBFD4D45E4E7C16D56AF12992DAC,<Header>Difficulty Levels</>
,100469944D2DFCEC0F57CA9C7C1889C6,<Header>Dodge Frames</>
,DF4EDDA546E460B8C76CB6A6035A8FDF,<Header>Dodging</>
,D5AF9DA940E3831F14EE1391FAB79708,<Header>Downed</>
,731898DB4271464C0153048BF613DDA5,<Header>Enemy Block</>
,F71C1BDF46123D1C8CDAE28F1F7B90C2,<Header>Enemy Variants</>
,A27196CC4D6B86EE30E8EBA921ADFDDE,<Header>Evolving Paths</>
,C807CBAE4459F80282F1E8AD769BBC40,<Header>Gate Locked</>
,E4764533400816E04AB8E6AF922504E9,<Header>Gold and Souls</>
,06E5900C4E91E08E987D1C87C2913BD4,<Header>Hall of Valor</>
,2D48E1124D4734E5A120298EBAAC5439,<Header>Header</>
,873E7DDD4A93D44F1E4DFA8DAD2A676D,<Header>Header</>
,ABFEE87B4990D95C13CEA9A8C453B46A,<Header>Healing Flasks</>
,744A0C4142C262DD6E3180BFD67E4E54,<Header>Heavy Attack</>
,500D0BA74B77212C0BA086AE107E08F1,<Header>Jump</>
,9C2B1E8C4C4D382F29226C9418D8A6BC,<Header>Leveling Up</>
,DA7068A247BD73EC700A20861A6E65DE,<Header>Librarian</>
,49BEEC6540F82157696E738C57EDBF7B,<Header>Light Attack</>
,3C07DC1543BF12A27040F4B6A86A6437,<Header>Limited Lives and Weakened Nephilim</>
,CAD3C32F4976F4B7FD48BBBB00D3B21A,<Header>Loadout</>
,7F32895E4223508498FBF5A0AD29F29F,<Header>Lock On To Target</>
,538F57F4432BED551625A49EEF636553,<Header>Lore Library</>
,85DD749D49D79E9847479EBDDCA1AABC,<Header>Merchant</>
,5705AE464BD87A85727549996A598620,<Header>Move and Look</>
,A96CECDE454AF3A8A49F06BC6D481620,<Header>Multiplayer Unlocked!</>
,2651BDE84E4730D6B05543BC6C746FF7,<Header>Nexus Gate Objectives</>
,D06F68B84F84710D1F4DFA9430364CD1,<Header>Parry and Unblockable Attacks</>
,2545B95F4CE8C0E255B1E3B61F85EBC5,<Header>Parry</>
,6C7CCEC641160994FE8035AB151800B3,<Header>Purified Items</>
,4564896040880D63C2DB559FEF53330C,<Header>Quests</>
,4FC47EE640479E20F5A53D9A85EB0548,<Header>Sprint</>
,F6D6690140245A5858380B8D2454EFCE,<Header>Stamina Management</>
,0181ADCC452ED28676700DB509BCD7E0,<Header>Status Effects</>
,860020824D396F69030C35BF1517BACA,<Header>Swap Weapons</>
,470FB78E4EDEECB5ADDB8BA9C9A5C48F,<Header>Switch Lock On Targets</>
,6B4DB16A4BE22660EFC69FABB8D36CE9,<Header>Upgrading Equipment</>
,305CEE784A156C1C040F3D957BADA9F3,<IA_DownSkip/> Die and Revive 
,DDFC54A647E1138E13E1E0A6983D00C0,=======================
,7FD4F22C49CECD9CB19929B5BA913CC4,>
,9F05639341E338890613C0A3E677AFF2,A
,D660D54245B404A644D83C99A14D06CD,A
,D3D6EC034FF412D7BEF798908130F604,A Bounty for Death Knights
,3170E6FA459428B50E26E19460168498,A Bounty for Feral Vampires
,5CA41CC04D6CEB6154844C80259260E6,A Bounty for Undead Brutes
,FFEAA50B4D310F4DC86DD68392F01FB2,A Bounty for Undead Captains
,84BF294F405F5704E18716AE0B145622,A Corpse Bloom affected by residual cursed energy.
,679A1E4A46FAFB848BEB8796806CDFC9,"A calcified cluster of Anima, often mistaken for a simple stone. This rock brims with life in the hands of a Nephilim and seeps its essence into their soul.The calcification of Anima is a somber affair, only rested its fate by the hands of a Nephilim."
,906F153A419D32AB45A4F1B0E1B29883,A common curative.
,1694CA224216AA4831AB45BB85429CBD,"A little calcified cluster of Anima, often mistaken for a simple stone. This rock slowly brims with life in the hands of a Nephilim and seeps its essence into their soul. Its power is but an echo which remains unheard by most."
,D16A1D0148C6A17D3301CE8EB04E962A,A mighty artifact forged in secret
,AD96D63245B51B7B73BF81A3699BBF38,A new controller has been detected
,B71BEEF4451F6901373C4EA791B2A618,A objective description that tells the player what to do
,6E05DC404A90D657780F338DF08F6587,A objective description that tells the player what to do a bababa dada boop a loop with stuff
,F990A2A64898539417A0D2B2DFD77180,A pungent fruiting body that sprouts from the decomposing organic material that makes up the Hellgrowth. The alluring and bewitching fauna that emerges from the Hellgrowth is alien to the realm of the Eden. Proving itself invaluable as exotic alchemical ingredient.
,65188E5441B1DF6219B8F5B6ED37E314,A request to acquire purified demon blood for the Blacksmith
,3B4C3AB44CA9D9BBDE80DB980963C10A,A ring granting the Aegis of Frost and Guard of Grace boons.
,CCEBF03845068B1F3369D49C7CF95E56,A ring granting the Aegis of Frost boon.
,F85D36C44D1320A422ED949C5CA518B9,A ring granting the Brand of Judgement and Scorching Verdict boons.
,1012612444AAE9E85622678E5033C723,A ring granting the Brand of Judgement boon.
,DBED97F04A0CFBFEB0B6F6B8E63E62A0,A ring granting the Chalice of Conquest and Hunter's Strike boons.
,D91D13FD4997C43FACD113B904008C45,A ring granting the Divine Focus and Frostbrand Seal boons.
,0032A45B4292E080C24D489B1DADA140,A ring granting the Divine Focus boon.
,D095AEAA4C24399642E1B693517EC246,A ring granting the Hunter's Strike boon.
,B2EF18704A09FAC86A8238AB697F5DC7,A ring granting the Last Light
,4902B0B04B391A7DF761ABAB6C71A04C,A ring granting the Scorching Verdict boon.
,A73AD85D43D5C768C5287394BD36BC48,A ring granting the Seal of Flame and Scorching Verdict Boons.
,090988DE4045DF4D46FE9194A359B625,A ring granting the Seal of Flame and Seal of Blight boons.
,0BE32F8849C1BDB95335FC9C809547A3,A ring granting the Seal of Flame boon.
,464C7483470D7E652D06E8850FA169E5,A ring granting the Trial by Flame and Last Light boons.
,B55808C54C90C2C86FC6C4B00643C933,A ring granting the anointed instruments boon.
,07C7551C4DAEE720AFBDA79087BD61E0,A ring granting the boons of the Crimson Oath
,C959BB0741D8A7ECBD41C19526A89B0D,A ring granting the boons of the Haedrik Knight
,F6B99D3D43C370765D3C27A504076B73,A ring granting the boons of the Phoenix Paladin
,04A31C534BE3C1FDFFDE2FBE938788F4,A ring granting the chalice of conquest boon.
,8AB186C846D1C1F2CC1AB181261C1F6D,A ring granting the chalice of conquest boon.
,A702902542271498BF185D90FDFB30A0,A ring granting the crushing pressure boon.
,89EDEBCE43FC126FD659A38D5E7F75AF,A ring granting the death ward boon.
,4141A61E460B7BF5F2CCFB8C1EF806CE,A ring granting the frugal instruments boon.
,D9FE4204475B0219898250AFDE483DE7,A ring granting the guard of grace  boon.
,7363E89C410CF477502ACCA61F972C4D,A ring granting the heavenfire burst boon.
,E9345DAB4980B48BFC2718946AF3D131,A ring granting the longshot doctrine boon.
,28B6895B482BB8FA06AC0D9AF46B98AB,A ring granting the momentum charge boon.
,C80D453A4C6F33CD6383AE9528FB9C3E,A ring granting the oathbound arts boon.
,0031462F4DAF4C62D56F56A398EFA230,A ring granting the scorching charge boon.
,F44BD36B44D7C6E3005CC595FAB120FD,A ring granting the scorching verdict boon.
,32F69EE94E6839FCB9E95090B5C6FB60,A ring granting the smite the fallen boon.
,FBB36AFD469284C3768F2391EF3F1B6E,A ring granting the time warp boon.
,2462B9014DA198AB280D6695F5C78AAD,A ring granting the vigorous strikes boon.
,4F6BC17540B4E4F38381E7971D4201AF,A ring granting the zealot's pace boon.
,28C5C1F047881DC7BB5C7A89A25285D1,A scrap of heavily worn armor wrought useless. Can be used in crafting.
,E99DA074463480A82DAD749404680E4B,"A small calcified cluster of Anima, often mistaken for a simple stone. This tiny rock slowly brims with life in the hands of a Nephilim and seeps its essence into their soul. The calcification of Anima is a mysterious phenomenon that leaves one with an instinctual and indescribable dread."
,3B292CCF43C97578E70F82831B1CC6C5,A substantial amount of Sanctified Blood crystalized into a Crimson Tear. Can be used to expand the usage of a Nephilim's healing flask.
,51C48F3D4B6B341B4B18CFB3565A6ED9,A useless and unimplemented trinket
,CB2A43F841D19F93C14FAF83038FEE40,"A vial of ""Lunar Water"", used to restore one's link to magick. The transmutation of water into Mana at an altar is a sacred rite performed by Nephilim while they rest. As magicians exert their will, they strain their ability to continue performing magickal arts."
,6B2D414142FB9DBCFB9F8BA8F767D372,"A vial of ""Sanctified Blood"", designed to restore a Nephilim's wounds. The transmutation of blood at an altar is a sacred rite performed by Nephilim while they rest."
,1EAF4B174909B5A9ED976597578CC14A,"A warm calcified cluster of Anima, often kept as a charm or oddity by the untaught  . This rock brims with life in the hands of a Nephilim and seeps its essence into their soul. It leaves the Nephilim with an indescribable state of familiarity, which vanishes in a fleeting instant."
,37AA2BD54540639CE0B602A4A72F0CF3,ABC-123
,841B7D7F4794B367B92315AB04D01115,ABC1234
,96D9BEEF4F73AE36ADEDCE8BCD02E4A3,ABILITY LEVEL {al}
,22D0E4D240EDC1D64BFDFCA2BBB8DE0D,AEGIS
,D3C1E5B5431A8F0568573AAFE44AE91A,AEGIS
,DA9E589349046BD693E020941D720513,AI Cleared
,FB82F09744209C22C44D92874AE8E4DE,Abandon Run
,A7EB962C4BA23D94255B48ABC90FBB90,About ...
,CF4277E348EE71850F588187D985FB8C,About the document...
,AE996BAF472A56789A46B38CA40A77C9,Accept Friend Invite
,874A88B44AF93971DF765381B19C2D7A,Accept Party Invite
,59A4A7FE4C46B158433A6EA84811160D,Accessibility
,3E1742E14FD0E07C381BD4B1EC870297,Achievements
,3A26A9904F79D0C488EAF6B96739A6C1,Acquire Two Abraxas Stones to Unlock.
,01AC79814A32F249BBBF19AF348D326A,Action
,05E283814ECB4F945CC52D9DF18587C7,Action
,137E04CC45568DF53AE2D4A831DA4055,Action
,16939D8040E1B2C301614BBF3CC34A9F,Action
,1FF6B4B84558592800FDEEAC70D8C50D,Action
,4F802D1F41EAA8713C5F7EACC1E869E5,Action
,543616BC4445E68F460883A3F0F5FA82,Action
,5B5B372646336572165935BEC2DB2BC4,Action
,5CE07D0945FEA103E64713B80CD238B9,Action
,72CA82BC420DCE4D8A1EA194D3D99368,Action
,7907FD2F44C75AFE9FB11EAACD4E0F13,Action
,981457E6485C6CF21EA4EFB0511E7A06,Action
,A12C7AA043667292D3A9719C2E98375A,Action
,C436744F4AB160268D26528BE2E807B4,Action
,F67209B448C0178C950E158B0538E6A4,Action
,F6D9953249002620F47E87A3CA31AA9D,Action
,3D4BD5804A7B93C678DD57B33208E6BC,Action Text
,0D3320214E1D1D5547E24A8A035242A4,Active
,60AE36E141B9985FE7536985EE748EE1,Active
,08BF00D349BCCB01E8359D9568CC189C,Active Objective Text
,4CC47C6A40C5AA6A7C842FA7B067C24C,Active Objective Text
,6492C7D54634AB805AC134B4D91BACD1,Active Objective Text
,B7A2BFB44F3DAE7DB2D0A1BCCE2EF3C0,Active Objective Text
,BFFE13EB4957D7A1EA815A8884083DCE,Active Objective Text
,FE0C99BD48CB0867831E4E82F4F2F9CE,Active Objective Text
,625C54E04D46BCA44427EC8CF936DF95,Additional Experiences
,39C0E8B04B2206F7B244AB98CEFD1B1F,Additional starting life unlocked at Level 10
,0490FA8040D3A62D12F9B1BEB6F3DE00,Additional starting life unlocked at Level 15
,235D6EFB41420F6F54C2D4A612239993,Additional starting life unlocked at Level 15
,2FA46F8D41572C750FF45E993F7C23A2,Additional starting life unlocked at Level 15
,32C5C3A34A2ECADD07A3A3BD2C645E75,Additional starting life unlocked at Level 15
,5EAF73254AD80814E24407BA2706FC53,Additional starting life unlocked at Level 15
,D8C2354D48A0100F308B2782E89084D5,Additional starting life unlocked at Level 15
,BFD3B57D45EB7ACD04FD619857F9D043,Additional starting life unlocked at Level 5
,0D634275467429433C509B91FB67AD57,Adjust camera and aiming sensitivity.
,E5FD6394452C07295D7436B9222DF2E8,Adjust horizontal camera/aim sensitivity.
,D568E356495928FE32A87F8842B4E5C6,Adjust how transparent the subtitle background is.
,ABCA48CD4FA40A508F04DE91397073D7,Adjust movement sensitivity.
,AB12AC154A8CCBE4AEBC5C90AFA873BF,Adjust overall mouse movement sensitivity.
,A8E720D54556DE08EB2AEB9B898C1E75,Adjust preset graphics settings that control visual fidelity and performance.
,65F066ED4DC907CE6DCF27910E8756ED,Adjust the border style around subtitle text for readability.
,8F5A845945DD0DE5D6936C96EEFA2528,Adjust the game's brightness using the on-screen slider.
,454C0C1F4C3B13C492A1C2B15E1A7796,Adjust the intensity of the colorblind correction using the on-screen preview images.
,3600B1234D9B1D47ED5D2D82CDF1EF93,Adjust the motion blur effect when the camera moves. Higher quality mimics cinematic film.
,1DA8C951471728974DD36BA1035C9512,Adjust the size of UI text.
,821CE0354669CA07489E0A9E4276130D,Adjust vertical camera/aim sensitivity.
,772DB57C43610E1CE2109F8A19B5685E,Adjusts the loudness of all audio during fullscreen videos and cutscenes.
,ADEA11C5437CBE4C32D9958743E8C259,"Adjusts the loudness of all sound effects in the game, but not music, voice, or videos."
,B0C21A6647B439C0CC486A822D4840C0,Adjusts the loudness of environmental ambient sounds in game.
,699BB7E1469F01744EAFF3A459EC8E3F,"Adjusts the loudness of general gameplay sounds, but not environmental ambience or UI."
,6537F30149CB14CB65967F9C0A48C49E,Adjusts the loudness of music in game.
,0842A72B49164EBAE86B499CF1BD9270,Adjusts the loudness of spoken languages in game.
,14F8E2174B8269587899E3B6AB4F9982,Adjusts the loudness of the entire game.
,B004648346B2DE4CFE504788104E4320,"Adjusts the loudness of user interface sounds, menu interactions, and button clicks in game."
,02B5C7DF4A87A9896BB7D5AB358F5719,Adjusts the quality of particle effects and in-game lighting. Higher settings may reduce performance.
,596F5DCC4630CF2E6A4B87BA68C52F88,Advanced
,3B1B77B748A0E15FB54FC88F00922C46,Advanced settings for tuning upscaling and various other rendering features
,3EC284A94DA93192945A06A0BE78F1FC,Aegis
,3F29977441231486CB85528B55A7DE04,Aegis Angel Unlocked
,6E0AA7CA42ED0A04581AE9BD295A449E,Aetheral Ashes
,8B1052E44860AFF1974748B1C903FD3B,"Ah!  I see you're interested in my more rarified stock.  These are deadly, bloody knives, and if you fell your foe quick enough you can snatch one back to throw again!"
,9CA89EC847DD8CCB4B380DA60F06366E,"Ah!  I see you're interested in my more rarified stock.  These are deadly, bloody knives, and if you fell your foe quick enough you can snatch one back to throw again!"
,1BDBB97F4F334E6E34DC768657AB93A8,Akyreon's Tongue Unlocked!
,772180AF4C115C70425D13B8F4CBF414,Akyreon's Tongue Unlocked!
,C821628242BE71417205B5A600ABE12A,All
,6367D4794A6A8BBCD45D19A2245D9D19,All Quests
,EA4FED2B40CB08F547D5EEA4615E419C,All Quests
,C7D6C5664400E348C9DF5DA333763565,"All equipment and items brought back to the Sanctus Clypeus become Purified, and added to your permanent collection!

Find your purified items at the Loadout to enter future runs with your own unique build."
,6D50635A4CD2C49D6632A6A2FDE1BDD4,"All of your Purified Items are a part of your permanent Collection. At the start of runs, you can use the Loadout to equip Collection items."
,1EAF86EF4036BF67E0DCAE9C7F684D9E,Allow Audio in Background
,5FE676E24BD01157B004398B61BEFF5D,Alt Down
,C243895A448589AA783F45B49C06F8C7,Altar
,4DC5A624404EFABA096E268102E0F02F,Always Hide HUD
,84D0ADAA4A82E2C8A88E4A96EDEFEDBB,Always Hide Parry Indicator
,B523FD27432082EB336D1B9189CDB513,Always Hide Special Attack Indicator
,344F4BE341EDCBB1A8A1BE991836B049,"Always hide the glowing indicators on enemy weapons and attacks during combat, for a more challenging experience."
,B4E0FF2E4E4A6072D4F5A3AF79666C27,"Always hide the special attack indicators during combat, for a more challenging experience."
,45E32E9B4B1F69D7372BFA89E4BB8B6A,"Always hides the HUD during gameplay, for a more immersive experience."
,DD46BBB0470894193DCDF7B54E6059D4,Ammo
,2854F5214AD69EC34644AA8F96C26D49,Amulet of Profane Ritual Available!
,D9B2DB264B19F36189DF6CA9ABBC89D9,Amulet of Zeal Available!
,AE8C5C9248DA080CC77527A2500038E6,Amulet of the Guardian Angel For Sale!
,FB4F753B425392D891057C854AB9B10C,"An incursion on normal difficulty
Few elites and special monsters
Uncommon gear, uncommon upgrades"
,C7E790F34ED546E2FAD7E49A550E2393,"An invasive red flower native to the infernal realm. In the years since Spire's activation, flora once exclusive to Infernus now grows in its shadow. Can be used in crafting."
,6665B8E049D1EE95ABD387A557425198,An iron ingot blackened by alchemy and imbued with magickal properties. Can be used in crafting.
,D037049A4DCD71533D5A9C8F222BEE32,"An unstable mote of Calcified Anima, burns hot to the touch. This rock radiates with life in the hands of a Nephilim and is rapidly absorbed their soul. The Calcification of Anima is a microcosm for the cursed cosmos. Spirit awaiting a true heir to direct its course since the Throne of Form was erected from the Draegon’s Corpse."
,B055F49C4B9AD252AD9C61B747582EFC,An unsual key imbued with illegal occult magicks. Used by rogues to open any door
,DDF7B29448C0FB740566FC871C92445B,An unusual coin covered in obscure occult symbols. Imbued with powers not well understood. Can be used in crafting.
,0CC4E3334E7D9C88AB1692BF4FB2CA56,"An unusual wooden shield etched in runes and imbued with an 'arcane rot' that can poison foes who strike against it.

After the Lord of the Wild was imprisoned, his most loyal retrieved his Abraxas Stone and fled Eastward. They endured hardship, guided only by visions of the distant future foretelling a Flame that would cleanse all falsehoods."
,0A6A08074904146CE30E7FB223577C7E,Angel
,32216D414C0AB6381202D9925C578BAE,Angel
,4523DFAF484F2FDF36DAE59248295EBE,Angel
,83E7AF5647F4250DF766D5A4D2862291,Angel
,D9DF58B04CF9295DE30DB5A981F62855,Angel
,8F67C2504453A1AE57F90E99475A1387,Angel Ascension
,F587A28149345D60A600FA8AC154F9FB,Angel Ascension
,7EB395464D439E0D19E020881F906F73,Angel Ascension 
,577A87FA4DA6210C5B1BFCB17F017094,Angel Ascension UI Only
,543A4253406C3263BD2C69A99007489F,Angel Description Goes Here
,0138F1354AE09A38A7174285145637A4,Angelic Grace
,13D70031447CF880FA21CFA2F9B07A7A,Angelic Grace
,3F766910461C712172DF389BBBF9999E,Angelic Grace
,529125DF4B58E351C1F4D6B5C297BD4E,Angelic Grace
,A2EC0B9D42E9578629FD23ADED091096,Angelic Grace
,BC087DF7403E0B036A6298A7D6C44964,Angelic Grace
,F313D27C499BC33471E5CCBC1CBFE26F,Angelic Rain
,CF2FBCEA49375F80C8EC52806DCCD2E0,Angelic Surge Stamina Buff
,7155AE8042B0ADA9EA9108AAFC753FBB,Anti Aliasing
,33D1846A4E88C07E137C6988FC65E274,Antidote
,8E9D9D15441529BFCCD959B7A4C49F91,Antidote
,C373FEB54C4FA1EF5C2DBF96276E1157,Apostate Armor Unlocked!
,987625D0451F74E444E3A2BFA33DC5E9,Apply
,C67BC18B48C8F68C4FDB80A120D8A25F,Apply Settings
,024B5B3E47D3C166B74F7F981EC88E1E,Apply color correction to improve visibility using the on-screen preview images.
,FFF32B604B5E49A4B3016AA7D3326555,Arcane
,DA5C9CD34ED11F9AE900E0B61EAD23DF,Are you sure you want to Unblock this player?
,27E72C8F4EF01D59A18D569D595AC99E,"Are you sure you want to apply these resolution and window settings?

Selecting no, or waiting for the timer to time out, will restore the previous values."
,731797224D17AE266B32B3A97D85CDAB,Are you sure you want to block this player?
,3B841D274322F1202E2BC9894D6B0A08,Are you sure you want to exit without applying your changes? 
,CFD60CC04AA78F375DD4639C7CA2924D,Are you sure you want to exit?
,0D9CC7984A6D70293BE32EBC1E5D5785,Are you sure you want to kick this player?
,951AB49A4DA24B48FDCEF09D71CD1B78,"Are you sure you want to leave the current session?
Are you sure you want to leave the current session?
Are you sure you want to leave the current session?
Are you sure you want to leave the current session?
Are you sure you want to leave the current session?
Are you sure you want to leave the current session?
Are you sure you want to leave the current session?
Are you sure you want to leave the current session?
Are you sure you want to leave the current session?
Are you sure you want to leave the current session?"
,CC7FAAC44AB6AE00A2DAE5A170CC6336,"Are you sure you want to leave the current session?
Are you sure you want to leave the current session?
Are you sure you want to leave the current session?
Are you sure you want to leave the current session?
Are you sure you want to leave the current session?
Are you sure you want to leave the current session?
Are you sure you want to leave the current session?
Are you sure you want to leave the current session?
Are you sure you want to leave the current session?
Are you sure you want to leave the current session?"
,FF01B38A4A9978F5A7137781EB38D44E,Are you sure you want to leave this party?
,7361439643CA004BC0AA28BF0B63D1B0,Are you sure you want to leave your current session?
,C03A19794763FB6D793E0C972BCB61D8,Are you sure you want to purify {1}
,3BA5952C41C7D1AB0E30A09BF54532EF,Are you sure you want to reset these settings to their previous values?
,12097CDF451843D2DDE160B124CF1DAC,Are you sure you want to switch tabs without applying your changes? 
,2A9D7CE9464628CD6D47D1BA3C505D7B,Are you sure you want to unfriend this player?
,3B308DAB43EE23135A4BAA9FEBBAF049,Are you sure?
,391DE72541548BE6085039A013B51868,Area Cleared
,EFB9FEA447403D8583A8209AF08F24A8,Area Cleared
,41A4E85141E2D61D2EDB27AAB19D71E7,Area Name
,159F43464577DF7CB40D5F8A697BC9B9,Area name
,6793C16B4BC72445F0E4599996E6F563,Arena Run (Prototype)
,8D3E0B204DB8F1D82F326F9C07595F63,Arena Run (Prototype)
,06A8CD0A469C82EA2E9996B9398704A3,Armaean Chest
,7DC1BF3B4C75569D2EFD5C8328B5E422,Armaean Gauntlets
,2BD520504C3A5569C2AF6595E467DC03,Armaean Greaves
,8CDC7BDF47B21768BCC2DDAE3C97C3E3,Armaean Helmet
,7D4031DE43F1FFFB70D09FABD7624C50,Armor Scrap
,051F6AD141DDFF1E25C33E8DBE9C71DB,"Armor severely contaminated with infernal taint, ill advised to wear unless cleansed."
,E77E6D2E4F64A7BD8B798FB12ED3B190,Art Demo
,DB2D15074CB8EC3AF5BD6FB7F7D1BA09,Artifact 
,753E8A034F3E53287646E2AB9AA98C22,Ashes of an Elvenelk's shed antler. Used in advanced alchemical and crafting recipes.
,A570FFB342F3480921493D8FD0CD89F6,Attach to {EquipmentName}
,0E2E415549DCFE3262DA97A3D3A9B4AE,Attempting to join Session...
,48207E8C4A56AA673B9ED3821397F7F5,Attribute
,3C119BFF4CBC5370075B3E807FDD5321,Attribute points: {1}
,0E0C3BA3430F165369C4348B2D3EC073,Attribute points: {Points}
,269902B244C7CB267D8B099DFB83B627,Attributes Customization
,81C140D34A24BF5A10DE78B0A53A7124,Audio
,0EDE20FF49BB2E0DC6C70AA1E7E6C8E7,Auto Quality
,1BFB0E2240E53B3AEEF90D8558471900,Auto Quality
,4BF5B98442877CEC35A248BE8971D25F,Automatically adjusts graphics settings to balance visual quality and performance for your hardware.
,6B38F7004E97DFE7DCA60CB63309AE44,Away
,49D63248467F5FDEEFF640A1C783583B,Azerty
,16D2EE694B35CC20EA01729A8C6F0A5E,Azerty Souls
,42C8A3C2423F2255006720B4375ACBF6,BUY (HOLD)
,3A4D36194AB1CFE76B6A0F91408B0B98,Back
,3C0DE6124D23DAA0D9E521A8203F17DD,Back
,41DFBC7248F8F6ED464887AF1BBB2682,Back
,5AC3938945A6A429968A8FB4D4B70C88,Back
,698CEFF34CA16EBCE2346DA75DEED107,Back
,87A4ECC648A646BE00E4579DC613A840,Back
,98D265AD49A72496B37E67A4EC2A9C60,Back
,B7800D584FC45BB675A2F895457ACFF4,Back
,EB408ADB4E8E72A9FE36A3B11D228C57,Back
,EF19113346648E9BDCF8CEAC7F26DB69,Back
,EF67873E46751D961866D79570BA1E75,Back
,F4FE1B11475D12263DCE6787B4BC336F,Back
,18F0FD6842303133C543A3BEB052C885,Back Inventory Menu
,065D823649FDC1723AAD21908DF94E40,Background Opacity
,F61AC58A4E36F2156F0CFAA969568ED9,Backtrace
,DA964FCA4BFA8D6F0147F6AA6857D90A,Bag Capacity 1
,CDE3ADA44CBC54751ECDAA8F887D8B94,Bag Capacity 2
,4286F6D74B77D5ECDCD3809E81347CE5,Batch metasound editor
,E973291344C3C406B7E7AF8ACD2A971A,Belwayne Knight Armor Unlocked!
,BBB0AF9F47F04104A37E708FBB509FC1,Beware the Containers:
,C8B0AC5A4D9A9891511AAEBE329D1F9E,Blackened Alloy
,2614C5D145EEADB3C873D98F283E6FEE,Blacksmith
,BDC0566D4375025D7703ED920CD856C3,Blacksmith
,98A9ED444C2023B8AC651693951DC34E,Blacksmith Unlocked!
,9614EF234752046695EFCFB60CFB230D,Blacksmith Upgrade: Epic
,26F242E6437646B14E0870A6D5F02884,Blacksmith Upgrade: Rare
,5662C6C64B33C1A7F7FA99A3A0CC8FF4,Blacksmith Upgrades
,92D64BBA41975706B0A935A756CE1312,Blacksmith Upgrades
,CF59FF2D462E557EF1E3E581E24723F8,Blacksmith Upgrades Unlocked!
,E2FAA81143D49C0F56E08789D84E2308,Blacksmith Upgrades Unlocked!
,5480B17045BB0603F6606E98FE360E36,Blasphemous Accord Unlocked!
,E38FD548434C88B704B95DB56360570A,Blasphemous Accord Unlocked!
,7D01D6754914660E16142FAEE3F41B4F,Bleeding
,184D527D48600E9C993ACA9C74203F1E,Block
,823314C64A75A5CD703DAE88BE067EFC,Block
,E8428B2440B34AF46006F78F896749EC,Block
,25B652DB442CA97DC86E9085DEA78DA5,Block Player
,63C644614FD4F666CFD6CFB7E1536A46,Blood
,D7F47460475B9CA7735409B1838E82C9,Blood Moon
,78585910469CF24D13A145A3187D1C59,Bloodseeker Blades
,B5188BEF4F4327D57A0853B43D7B7DB0,Bloodseeker Blades
,489A98464B6C85752B86E0AC86899911,Bloodseeker Blades Available
,873988544FFF7ACFE7D1EC87DC23A69B,Bloodseeker Blades For Sale!
,AD44243D4C8E002C1BFCABBB430B61C2,Bloodseeker Drop
,A967DDB7409C7C89E79BDBB1262405CB,Blue Flask
,4CE803CD4BF8D3F682231DB28D09B302,Bone Dust
,2F1F204F43FF2424BF920A87B70B873C,Bonfire of the Soul Available!
,B57AE29D47EB4CAAFEAE8C9862DEB7C8,Bonus Souls
,368BE3CA4CFB149113A5829EE6B1A7B4,Bonus XP
,434A01D847ACBAE2285E2D82994EC44B,Boon Name
,89446923466C5174148D45903CC322FC,Boon1
,3CE8ABD94014ADC1C28501BF5D31D540,Boon2
,5B8B7FDB4BC65CB6921875823F2234BE,Boon3
,76732A064635D777241AF396B1A11B3C,Border Type
,63A6A736422382FCD71C0C976E6899FE,Bosses
,B1A57B7848194963CF901DB4ED041C15,Bosses
,27943EA64CA8CB023B0F7787A0FA4B04,Bounties
,27002FE94BDDF1C85887E39BDD220F2E,Bounty
,82C9910C4DF99C618E5026A37DB2358B,Bounty
,F1F599DD4749C2D3A94D2693FA2E6518,Bounty Board
,AD4F49B847D23B17A517B59DA7FC91DD,Bounty Board Unlocked
,7908A91045D30775B91725B3FAD3ED2A,Bounty Giver Name Set
,4286AF1B47370309BE1D41A984BD16CC,Bounty Quest: Death Knights
,E3915EBD4334A253B34078B98D5F15AB,Bounty Quest: Feral Vampires
,F2595064413BF0C844775AB74BA85BA1,Bounty Quest: Undead Brutes
,4C69C51941B9943D99CD4993171C5A1C,Bounty Quest: Undead Captains
,64B3826943DE1E9E21A7D5A5981D682B,Brightness
,21924DAD45E671A93F76E58A9E9E9120,Browse Session
,4DD39A5F4ED0CB60CA06BC97291F074B,Browse Session
,57B63E254FEF92778F22BEBD15FCE689,Browse Session
,5BB2A9AF459FC4419B99B6A9FF2E4DAE,Browse Session
,9FE733844B4E8A9FA51876B0B29E7282,Browse Session
,EC28730645FAA51CD49046A4F6338D57,Browse Session
,B8A04DD345B115B8B66DDBB354D03384,Brute Defeated
,D14618AD4870149DB73D5D8BF4D8DBEA,Brute Defeated
,E909E317411A281311D9A4986DA4FBA5,Build Notes
,F1EDF73C475CA9A41B7D4598AE9C59ED,Build Notes
,58B20FB146F0B8006935E8B42D1D6A6C,Burgundian Elite
,8355DBEB415B365600B2E2920C7C928A,Burning Heart Unlocked!
,D4F5CC1749C2EA5E744C059B76A37A4E,Burning Heart Unlocked!
,97F01A0B476F65FFF746AABF0A4E54D1,Busy
,1FE15E6F4EC0CAC24C0411B084B57366,Button label
,85D48CDE49D57B5FAB9C27A444ED0EEF,Button label
,ED247EE145EC5FF451CCC4AF247F89C4,Button label
,A046C7954D0E8839384B169BB598FEF9,Button text
,1B1E053B43DEF9A754F21DBEE40714D7,Button text LONGER TEXT THAT DOESN'T FIT
,8F35BB37414548238751DD9618023574,ButtonText
,066ED38F4585586FC2366FA73F83ABDC,Buy
,0D96BEB544F5E9EEB213CAA83AF726B2,Buy
,1398239C472C9C605473E1ACE5B892DE,Buy
,16A2BB0648723ABF3F8D688F2F672573,Buy
,1AB214464D78D01C9A5BE48707FC57AD,Buy
,395DE8C345F4DC936D659F8DED6DC6BB,Buy
,417E8572455408048D94D2970B04477E,Buy
,8EABA5534A413A721C745CB48D3F0492,Buy
,A5A826A64F7F59DE76B530A56EEB1FD2,Buy
,AA5289134760170B1D23A497115EF74C,Buy
,B1B967AC492B21E077254BAF4BD68649,Buy
,B7F57B5E47C373F23BCA2BA798D1B87E,Buy
,C060DE704D9A66C01F647EBBBA5FB052,Buy
,8D9E124E4A497BE73F3E75A72D6BFDA8,Buy Boon
,9332D67949FD03FA371F73A727CF49A1,Buy Boon
,ED5F4538404A9BEEF9B953B07856728C,Buy Boon (Purchased)
,FB8901354F6FA4D97F4C2882CF0E542D,Buy crystalized grace
,B4ADFA354FE5860CAE107E8B62EB720F,Buy scraps for souls
,9F1B5BB34AD9F991DFF5C9978F31E503,Buy throwing knives
,B3242C8A44D84A299DE2D1A4E1CE06AF,Buy throwing knives
,6A8EC55A4BCD6E5CF3FADDB0E47411B3,By the golden down of heavenly wings may the Angelic Form perfect its abilities.
,AD68A36441980E9F32B0A9A9A5CF93CF,CANCEL
,071DFE9D40D93945A5B1349D05F0B6C6,CANCEL MATCH
,B93014BE41010BC43BA082BD1C4B4B86,CATHEDRAL
,BBC058C64E6A5A00996A1C82D4113EEE,CO-OP
,07499E9145DFA9A15FC6CC998B5A914D,CONFIRM
,15D6BB2247D813B943E00F842EC91EE3,CONTINUE
,BD4B50234B5276EB2B6CC790155DC56C,CONTINUE
,D93BF6514641A244CAC8D38E0301A43F,CONTINUE
,DFFD304747A4E8A1B7F5DD90E2112C68,COULD NOT APPLY BLOODSEEKER DROP TO TARGET {target}
,3423747F4BC00A51FD30FC953FDF17E4,CRUSHING REBUKE! Level {lvl} Damage {dmg}
,C397F1834CA45C96F66BA8B0840B0101,CURSED
,5ABF4F164E24915D52A53094A20215EE,CURVE EVAL RESULT {eval}
,E5F54AB149E604DC8F29E287D398A753,Calcified Anima
,D8884C6B4472837DF142F084CBAD3459,Camera
,1F60242C4D8F6E5821D0A49088AAAAEA,Camera Dead Zone
,A2A79E1F4FBAA010FDE45E97625D2281,Camera Sensitivity
,89422EFB443C02195C3F21B694F8C1C0,Cancel
,A436870D4F9849CEAF7BE4933349FAE8,Cancel
,FD95B8064688BF9B4E259C9A13AD2BF6,Cancel
,D84655E8412E93C5983427B52CEDDC61,Cancel Changes
,5669871646CD8D771C377EB925DB2E09,Cancel Run
,A1E032F2404001B01E5613A999E4CA7E,Caps the frame rate for smoother performance — reduces screen tearing and matches your monitor's refresh rate.
,569D900B46B40C8416D83F9735D3BA10,Career Best
,C88845A14029AF2558CE0DAEA51CA70A,Certain actions cost Stamina. Your Stamina is depicted by the green bar.
,4544D11C43B2B10F29FE11AEC401106E,Challenging
,8F3B18C745988B3A63BEBC9CC3FAC6CC,Challenging
,FF018A91468B71F1E71840A164F60E86,Challenging Difficulty
,D855395F4F38A13EEF788DA39B515583,Champion Armor Unlocked!
,A1513D7E4CA783BCE73E169A49C5FCB8,Change
,07D4528C403411385904198B9EC6C94A,Change Audio Device
,ECD9131F40E87F75F7048491F37EA7AE,Change Audio Input
,15B55E4C4F508694939B80A87CD753D5,Change Info
,E2255CE8437A99FEA23550B682E847F0,Change Info
,E994B52C442FB8C57CD661A34E170AC6,Change Language
,2149DEAB432A17266E2FE7A832BF5746,Change audio input device for voice chat
,E5DD438D46F4CCCFCC5B39A47D4BD033,Change the brightness
,820140E74DADB0731921DF9228D0BC5F,Change the color of the subtitle text.
,7672D50D430C4DA7A73784B22AF13F94,Change the volume of voice chat relative to game audio.
,E9DDCB074E3055050203629B0AF06ED8,Changes to this setting may require you to restart your machine.
,EE39D4E147278720B02BFA8407201BA9,Changes to this setting may require you to restart your machine.
,E994660D41C6E02EFB4E70A84C688458,Character Name
,FC6D25254788AB1C268A058C66570C46,Character Name
,F5CE92C24D82F3E93E3DD69125D963A1,Character Stats
,4177517F48F00F69C8440D91535EAF89,Character Title
,A4A8ECC3409A05194601AA8DE780B502,Character Title
,213890CB4650F8245CC764A80FCE23C9,CharacterSelection
,B8F9BA4B4B54A381BD15E0AD7AE97D8F,Choose One
,E2F20EFD40D7E1F2714C4FBA0CD63304,Choose a Mission
,23C6F55C4D6303AE8020479D07E44E30,Choose a save slot
,EAA415794FF7BE7C13880F82D2FE8B13,Choose a save slot
,FE34DDE94BC736E01F4FE2B909AD347B,Choose a save slot
,3BCAC2F6479BAC0C1351CBAD014DD807,Choose an item to purify
,3D47130F4EA57152488BB68A728B340D,Choose between different quality presets to make a trade off between quality and speed.
,086BA9064C355ACC45E69E91F048F3CF,"Choose between purifying an item, or {1}"
,2FF856F04D685595D690D19B9EF9D260,"Choose between purifying an item, or {1}"
,6937B1DE4FD7DCBB50694EA9ED0F0DA0,Choose different sizes for the subtitle text.
,8F16CFCD41D0EE9A548581A3BC171DE8,Choose from 3 different boons to bring with you on your current run.
,A7DE047F4E8BD9050EE4E69123CEAE3F,"Choose how the game window behaves. Fullscreen Windowed: easy app switching. Windowed: resizable. Fullscreen: best performance, limited multitasking."
,D154A6A442A40834285D77B408502E98,Choose the audio device for this game to use.
,6A7693C847029024160BEFB79520196A,Choose the upscaler sharpening value.
,FBEE55A740853EBBFB4D99BF389C881D,Cinematics
,155881654C328A0CC0B2048916ED862F,City Gate Reached
,CD2606874E76EB86B8EFED9158291F3E,City Gate Reached
,B6838F0E4CD2047A3E68BDA565225A90,Cleanse Cursed Armor
,C12573014C0A82820D9DFB9A33FE424A,Cleanse Cursed Weapon
,BB6220F74AF3C537CC24CEAB0F297064,Cleanses World Corruption
,DD5E5A424F6484F47513B5802194E6F1,Cleanses the world of some corruption.
,FECF028F4DE67BD633E4A2AB361CB2BD,Clear
,3F449DF44F5BE3AA6DE3FF9DB4FC171A,Clear Burning City
,0460F04D47525FB8CF4980B7459E69B0,Clear Enemies. Left: 
,0BA94FDF4424EB3BEF87CBA3BB22EB26,Clear The Area
,2559E91C4CDDE6DFA07F648D17087C3E,Clear The Area
,313CB861477F84BDFE66148AA9BAD4D9,Clear The Area
,349F2C8D45EE19AC7942F5ABA62ECC56,Clear The Area
,3ED7F3AF4D3933F85B1B1198C5F609EB,Clear The Area
,49B7D7594A4B475AB65917B2FC836846,Clear The Area
,51A6D3A3449681744A5B95B485C4A1E8,Clear The Area
,74BC246F40AE26669C115B8789F5608F,Clear The Area
,988D2F1F428D7DAAA6E26092B22CDDD2,Clear The Area
,829CED0B4BF11E0B93CB04ADC1F14E3B,Close
,01C426854CD8794400B0A89D2FFEF2BC,Co-Op
,DEC55BB245D03B9F0C1F1A9B246A1F4A,Code Already Redeemed
,7CF3FB104CE9958190D6D78B3B7F79A9,Code Authorization
,F9F9AE1D452E87D466692CA5F6F43128,Code Expired
,651F929E4DECB286E343C3BED2358871,Code Invalid
,8853290E48569EDB7AA8E5A4DD5483B5,Code Invalid
,4051ABBC4B59B339C62062B71BC39666,Code Redeemed
,BFDF39254DBB2C1D571D02981349614C,Collect Artifact
,0677F2684BCADA230B01B392DADECD1A,Collect Corpse Bloom
,16694283472BE0E1003212B042A4684C,Collect Crown
,16A648E64CCE1CAD2818599DF9BDBF3F,Collect Demon Blood
,697E74C947C9CC3F12F9C2862292F1C3,Collect Holy Water
,2054B66147B0B0A4A2722A859030B7EA,Collect Relics
,2CDBE73E4C95DB92DD7B61BE7B336E04,Collect Relics
,2D93CC5C4614FA4A25E93E8910F97932,Collect Relics
,591CCF6343F36022D0C7F9964691C207,Collect Relics
,B98F553A44FCF520556C798A2F91C65C,Collect Relics
,BCCD4FE647433FD85816169A537C3202,Collect Relics
,D1D8808445C9FCE7C519FFA36AB71DAD,Collect Relics
,F2D0D5434265885238C89C99250A0471,Collect Relics
,3E65D7414A8D024120D3378F93EF72EB,Collect Tome
,44B2530A4B2F2E1AC2BF60B679468C2C,Collect Tome
,6F84773146DF4F43B7E27F98D3DD03C5,Collect Tome
,BE07228E48E8C380D23E1B92F9F8FA5C,Collect Tome
,E1A93B2042CDB4865475688527A52BF1,Collect Tome
,5EC0F43E42E059945BAFCE80DB6AC48E,Color Blind Mode
,8249A1A8406AE1475CD45FB3E5BB43BA,Color Blind Strength
,28E57E654354CC22C73F18BFF46D1DC0,Combat
,427B9235465D021A015F2486FA570512,Combat
,45F48A4243956BDBF7E6029BC6F3B093,Combat
,4E8022A841ADF5973150ADB8FB2AF849,Combat
,50BE193B43BC77A1ADD37A9ACD342482,Combat
,57653F3F42D33C470B732C8017096572,Combat
,6D6E773E406185CAC1D383BFE38C2885,Combat
,7FD5CA324E6C90858A1EA086B69EFAD7,Combat
,922CBA284402630B88D0D18623350420,Combat
,964DAF17418B4B3E069D15B3E7082700,Combat
,96BCEBE9458E6FA9741C2EB13460F30A,Combat
,9FEC67644614ED014EC81693AFF9EBDA,Combat
,B1BBA1B8449D4714D274F49D2A307DE9,Combat
,B5D9BA6F4E91DCDC446EA48F0053E3E8,Combat
,B9258EFA475A7BDBFBE3FC95C3BC83AD,Combat
,CABF877B4561F14BCB95629CBF38F18A,Combat
,C2475F6A4A7F83E890788792D42562F0,Combat Arena
,E2716E01406CB62B7F10C39729D5D330,Combat Arena
,7E8FE7D9476EF79929D3A297013A0149,Combat Arena (Legacy)
,4744D6044C3017E9394834BB2B104F39,Common
,9DA84ECC4921AB536133FF94D7ABBA4B,Common
,86E540A04793B809AE3935BAF166E87D,Common Crystalized Grace
,E0890CB84320FF1A7F7EEFADBD5C4CF8,Common Poisoned Throwing Knife
,8422DB98426B3D0B3694FFB406F40367,Common Throwing Knife
,56FBF39448981D68FE3C258DEE818E28,Common herbs found within the Treveyan Highlands that are used in various alchemical and crafting recipes.
,3DC7A6594174A7165DADF7B43F3D11D9,"Common tin coins, can be used in crafting."
,BE4B75B34583E772070308AD93658D24,Complete Archspire Cathedral to Unlock.
,F0C233B043880D5C7E16C98D5347BB71,Complete Archspire Cathedral to Unlock.
,71BE43F7486C779F2ADFE4BE5935D53A,Complete Elk Grove Academy to Unlock.
,2136F92F48573F7353B390A1D58F9915,Complete Moore Manor to Unlock.
,5F6459C94F6C5F6A2D2B5C9C7710F439,Complete Ramshorn Keep to Unlock.
,206BF7BD45C4BC7A467652BDB59DBBDE,Complete Shoreditch Wall Tower to Unlock.
,13B328244282C4EABCA90986C107AB5B,Complete The Forsaken Streets to Unlock.
,CFD2837D441E16A2AC03BA81ADA7EFE2,Complete The Prologue to Unlock.
,811155244A063D11E99DCC8A343518F5,Complete misisons to unlock alternative routes at the War Table
,86E8B2214418DA93D40A08805829156A,Complete misisons to unlock alternative routes at the War Table
,C7284D1D4AA758764E7347BC9BBFF6DF,Complete misisons to unlock alternative routes at the War Table
,96E6D1C24F39CCB9A7FF6D8181532D1D,Complete:
,9E936D2043885343169FCF8D7533B6E9,Complete: Knight Terrors.
,48E7B9784FCEA436FB90969117C3D343,Complete: Undead Captains
,5EC2089743B262B75260F3AEC9E40FE4,Complete: Undead Captains
,817E2C644AEA33867840E49E1D1C668E,Completed
,0468F23844B2481FD6FB1F867FC5010C,Confirm
,41DC9B1F4B878741FA3CD7BD25872CC7,Confirm Graphics
,1A9CB58A4FFBF54DE44AAAAA446309EC,Confirm selection
,012545AD4AAC49C00C857D9ADB14688E,Consumable
,15D59606472F89D1F4A9829E59DEBC6E,Consumable
,18481DAE4718540E86109FA2BD9EDFF2,Consumable
,20BE4F55497E3AC8986CB0867368427E,Consumable
,5C5FD8C04838755255513A9129845F7C,Consumable
,D4EA47734FEC3480167480A53059F55E,Consumable
,E51FEAEA414A7A41EEB46F95D0DACB31,Consumable
,7470DEC6418D9CC19A89DDA67814ABD3,"Consumables are used to gain temporary effects.
Throwables are single use ranged attacks.
Refill them at the Merchant between runs."
,3B80FD7540F033AA368B5A9CF46DA812,Content Warning
,4DE6A28346EA94F7533F61A3E30CC8BC,Content Warning
,00A3E8BC4CE56D205535AFA278AC3A61,Continue
,5434605444D01E6C5A083DAFB7B44DEC,Continue
,61024EFB4376E0D8F7359786B00C2273,Continue
,955E2C824DF73F0ED8BA0AA902ACB64B,Continue
,58260BD745A1B5C96F6AF694EFE09E22,Controller
,9E97BA75491D6F5AC0E034BB1FB2A057,Controller
,357F833843A7EF5BB5B5EDA28C37772A,Controller Bindings
,73698B0542CE36103D32FAB6106CB22E,Controller Bindings
,EC6441E544D5F018B2248CB5BB896360,Controller Disconnected
,66B67653459ABD8B64AAA5BBCE759A2D,Controller Profile
,93E3CC25453445676BFCCD963512EDCF,Controller Tuning
,E453770C47A5A104CCCA8C94A0670F76,Controller Type
,623A1F474820CDCE2E492CBF4C3CD173,Controller Vibration
,B4E7D7764439935EAAA1E98377D0F55C,Controls
,64E44B024EEED3824D86D4BD84EE1E18,Controls how far away objects are rendered before being culled. Longer distances can impact performance.
,12EC06074428B622C524C3935B688A95,"Controls the quality of indirect lighting, sky shadows, and ambient occlusion. Higher settings may use ray tracing and impact performance."
,F2580CA5484AD5D893E92BB1CCFD7E2C,"Controls visual effects like Depth of Field, Bloom, and Color Grading. Higher settings improve overall image quality but may reduce performance."
,54A68462455F8BD930E889ADC974F7D7,Cooldown
,95B1508A4B22E4716D6584AA49F218B4,Cooldown
,753862A444B8AF663C95C2BB52B1C882,"Core mission details go here to describe what the player needs to do. This can be a paragraph
and/or a list of objectives.

Objective outline can go here with multiline wrap."
,421F6FB347F2169CFABDB8A45BE3481E,Corpse Bloom
,98C26FDE4F3D62E28129EF8FFB4ED882,Corpse Bloom
,25E365124A729497073C4389A067832D,Corruption Cleanse
,5ED5D53547B4CF074E05ABB4D11EDC98,Cost
,E8952CE746A22C7AE0D426823CE905DB,Cost:
,F4D698A645DE49A28E0B77943303DE57,Counter:
,90ED0AAE4F3B2E12BFE40692F6923203,Covenant Cleric Armor Unlocked!
,17D444504A503F1F1AA69F93CD373BB9,Craft
,1B3D09FD4850EF1AA79029913BD59689,Craft
,23072F2740003CAABE4933AE9D7D9A38,Craft
,257BA8C1470B48BDD1597691472C4F07,Craft
,4D8FB44945D477649AF7EE956C219BDA,Craft
,5196162E41713307E998DD86B4A7A77B,Craft
,562CE404454577BE004D51A3453781BE,Craft
,717C4B8045C8F6B277B38290EA48EF7D,Craft
,7424F4084F083F6BEC6FB3BFC89B4323,Craft
,7EE01AA94BDC1C6093466792C0E5794F,Craft
,890ACBFE43153497F86B808D8D96DE7C,Craft
,B679B3CD4EA51E4EBD3DAAB5077B4BD3,Craft
,CCDCD2CA49A2827DECB640864133C81C,Craft
,DC08DAB24582B6829439A792709CADF3,Craft
,EF4A699E40933CFA3BCF6B92ED5E8750,Craft
,2583FC7546ACEB8F1F79AF94BA1FBA52,Crafting
,3ACFBB884801F7CCD50810B7B7EEC4E8,Crafting
,556719B7480DC0893603B38D3C036908,Crafting
,6C41EFF346AB9781FA08E6815FDCF603,Crafting
,8C8107C84ADB536F641F0B8DAD0D2CCB,Crafting
,BE2BC7404BE6B2B1E6837FA474ADD018,Crafting
,C27F32CF4FA71551AAC7A9A725D24031,Crafting Recipes
,0C4A8229429B67D8BB79908F28F86F67,Cras maximus hendrerit mi nec.
,207BB2544DBB880EB939EDB3E36D9A71,Create New Character
,468E55724DD15E9E6E9C4D8C9FB35E9B,"Creates a burning zone around the player, applying burn to all enemies caughtin  the area for 5 seconds."
,14400B774F0AE85650D536B9C4000726,Creating New Character Failed
,560F5AD6405F027D9B92CAB31EDF83B5,Creating New Character Failed
,960F16F4487FF599142D50B0FFBE0CC9,Creating New Character Failed
,12182B744D83F3B4A65B3B9CA6CC37B6,Credits
,CF7399A6463F9756F458CCA493976EE8,Crimson Dragon Assassin Cuirass
,647D966D499FB08A1ED98CB133976163,Crimson Dragon Assassin Gauntlets
,6FD37AB547E547C3FDF4328833B36AB0,Crimson Dragon Assassin Greaves
,4FF01AC646B278E76E9F4C86B96DB0E8,Crimson Dragon Assassin Helmet
,04629D4748CD9B89107E12A19AA65CF5,Crimson Flower
,8E2013EF4AB0D067FFF1C1AFC39CF290,Crimson Moon
,16BD1E724D1B723DEA6A9C8F86ACD40C,Crimson Oath
,CD86B6EF4F052EF639031AA7A6CE782D,Crimson Oath Prologue
,5998C8FF4D6824C6A2831BB54155E1DB,Crimson Tear
,D71FE6164629717F6A7001A00669BAFE,Critical Chance
,C26C855546A2D92F3596BD845507186A,Cross Platform Matchmaking
,E1CB09A941BE4B2243CFF1ACA1D08FE7,Crossbow Bolts
,E72B918D409B5375D7A99F8BB7FD82E8,Crossbow bolts
,A1B3D98E4C06FFDAB4CACB9A3A663381,Crown of Cinders Available!
,61EE40AE40114D5DBDB60A8B9C4B7177,Crusader's Might
,419476134BC835F67A6ECDBE69BFA7A7,Crusader's Might Elixirs For Sale!
,B58121B9441E3F09EC2CD48C13D82E22,Crusader's Might Exilir
,6075F050458B97616E07208E6BF6D55A,Crystalized Grace
,F7B3010B4D868C7C71F5DEB302B391C2,Crystalized Grace
,B8591BA64EB83F1D2A758F8506D98F32,Ctrl Down
,8C1C6D1841471341B9EEB19C05949006,Cultist's Journal Excerpt
,91D2C536471BA017BF759AB454B14CE6,Cultravix Unlocked!
,A4F01E0541D943D5A2A011B17D3F5566,Cultravix Unlocked!
,365DDA6342A3AD905199ADA9B970D2D6,Currency
,D1AE052E4991A109432680943C6384AB,Currency
,FFC3EDAB43AF35A881F89B9672A8A9D2,Currency
,30EEF5954EA45F0C9D44A6A1EF6D5FFB,Currency Conversion
,3F0DA9D14205A662B0E651B3C682CDE2,Current Exp:
,5F0CB8EA41ABAD603C7AFBAC77CA53B0,Current Level:
,311A51F643CF879518A3E4A91BE33DA4,Current Level:  
,DD590A5144813AD109A58DAEF97C090A,Current Nephelim Level: {1}
,F517E4654455949B5490958B95BB2E99,Current Nephelim Level: {1}
,2377B72B4C6DFED60971C4A83C551AC4,Current Souls: {1}
,2C5C30D34E47C33E425929B9928AB79A,Current Souls: {1}
,AB1E50E64AA3A5B537C26AB676DC66D9,Cursed Armor
,1D69400E47A508C560B8BEA8C970CA38,Cursed Bloom
,BEEA31E14EFF48DAC5E24A84768F94CF,Cursed Weapon
,C4E058744B9946D58710499C6989CC53,Cursed Weapon
,53067E4948E20F244823AEA8458DEDFC,Custom
,E4E30AA74F53F8F9A3F4B28B18138113,Custom Bindings
,A7BF6EB14C3EC4A8C25DD8A540AC27EA,Custom Loadout 1 That is super long and has too much text
,A6239BDF463B55DBB4EB918FE0CB308A,Custom Quality
,AA2C20C642A2C5ECD3406188F3792BB5,Cycle Weapon
,89FF5BE9435AA7FF56AFB88BF2F7A377,DIFFICULTY: {0}
,E294D3034AF9A17E69E7948D6CE66C6B,DRY ROT KING
,0B67825D4EFBCEE69AAC2CBD84023DF3,Damage
,B56B3DDB47A6E0E718882DAC501BB75A,Darkness Falls
,5F3A0D714284C4ED0666F495D5E1C9A8,Day Arrives
,C61D385C408BE870F863F9B644A1FE73,Dead of Night
,E479651B41AA3BB5FE644BBDB1BB52C9,Death Blossom
,CB030C9A4DC43DCE50A2878BF9BEC85A,Death Knight Defeated
,8AA63AF54A35C01F6EE492860E8706F8,Death Knight Shield
,9830A5EE44B927C3F236DD9092577794,Decrease
,13897ABA411B74AED9EF6C9D349D35A8,Default
,3806E6C44B36588BBAC2A5B584F9FFF4,Default
,40C1F26142CE018A912C998316682286,Default
,813F90E447982A5B65DE3BA7AF52554B,Default
,E3195187410CEE5166E2788F74C2C2AE,Default
,F2582F5E41FFCBE1BC86CCB7D3C681B8,Default
,3F83AC1B4C1C30257CED89B81635210E,Defeat Felwyl
,6C4D99B44841796126464F9D067EB422,Defeat General Valahk 
,B45C6D5C4FF436B0CB3946BD083CC8AC,Defeat Mahkteah
,A507D7CD48DA1BEAF8881D8FD3FB3C16,Defeat Solomon
,9592A0D149CCA437261E619EA2018D6E,Defeat The Brute
,2D58F8894BA3C65DEE3B86AD4C77A01C,Defeat The Cardinal 
,174F53394D3B079105DF358152EC03C1,Defeat The Death Knight
,B75F1257476BF7F6A4F39D9E1C4BAA47,Defeat The Dragon 
,18994072456B47E5BDAD7596B7B3B503,Defeat The Dry Rot King 
,98B087724BDCB97D38B5D0918A48598B,Defeat both World Bosses to unlock the Final Boss
,318223BD4D4986CF8A267BA0F517440D,Defeat the Egregore 
,1D7B621C4CE1C9D0C0BEF68AB09B600E,Defeat the Warden 
,1C6813114D47852F11079CB3DB2E1784,Defiled Night Unlocked!
,B55AB9E14C29120E16BD3EA55A18D49C,Defiled Night Unlocked!
,5A7CDB3A483C003BEC979C859236D43D,Delete
,AF08A8954C98A77B5C8621A718FDF659,Delete
,C512C9DF4F6FB09440A79C82478A6AEB,Delete
,49C6F10845751F80B3BB4A804597F3A6,Delete (HOLD)
,247F37944D17A01638DC61B708500BC8,Delete All
,0DE8EDA341B6C93154C7DC94379CDABF,Delete Save
,B93D045149ABE8DCBBDB2EBF29A31845,Delete Save
,52745A50477BBD61841BF499851F6A8A,Delete Save Game
,BF5C29CA494E65FE59015FA37325EAF3,Dense Calcified Anima
,6C7496104A0CD65C83A5308B4A72CBB5,Desc
,6D1BFF67444C6C2CEE0E0DB7F2450192,Desc
,E2B0E4DB4A8B6F50CB9D518B5A1905AC,Desc
,304511DD488BE9BD2E6932AC9C2C7FE4,Description
,7AD9A1EC44C0F11D47213FA281DCD94C,Description
,A185BA0B4D4889CAA40ECE9B32C05273,Description Description Description Description Description Description 
,9D80267E49484953D5BF5A923AB0C81B,"Description goes here, with a fixed
glyph count for localization purposes."
,978FFB8B48699071092FFD92A6586488,Description text for some item lore.
,81020E2449CB80D99C2EA680C779EFEB,Description text for some random boon Description text for some random boon
,88BD794040A31986DBA8FC9FB7A94004,Destroy Growths
,E27E06D347341DB0B918F5A562010796,Destroy Growths
,FCB0DB3F42F0AE19876080BE23A4010D,Destroy Growths
,2662B04D4FABE5FA3C27A68D4AE241C0,Details
,DE3E5A5D4AE4CB1797A917A92BBC2327,Details
,75AD5B17424D115C151E75A4694AF9ED,Determines shadow resolution and distance. Higher settings improve visual depth but can reduce performance.
,CEA8573C4D6110A43D762293944839A7,Determines the resolution and accuracy of reflections. Higher settings may use ray tracing and affect performance.
,9961C11C4415EE3538C64A9CEDD19440,Deuteranope
,5CE04A8B498F8D30ECFEE8961AE05BB5,Development
,F71507D14C3C1879C32CD39C3B6B0193,Development
,0A03F70C4BADA14FDBD10C8CB9F976CE,Dexterity
,B824D11E4967A98AE770728FA2FCA6EB,Dexterity
,47D902CD435BE257276D31ACD24B69C9,Difficulty
,4D4B76C24F6E5F54C204B2A0288F9388,Difficulty 3 Unlocked
,FFEB989A4D358DA10193EA8D662B333E,Difficulty 3 Unlocked
,24782FAB4FAF91DA77DEC9805E9C279D,Difficulty 4 Unlocked
,74B959BB48CCBE598B754F909E50BC50,Difficulty 5 Unlocked
,36AB3C05402FACA5FCC28AADAE29B0D0,Difficulty 6 Unlocked
,3F17FC7A4E1F80A076F2C88434E5A31E,Directional Pad Left
,4C0C4AC947CE179E688BB9A19E1D6247,Directional Pad Right
,D7C60F9C43A06D21F1A10DB109FB668C,Disables voice chat from your microphone.
,BD1E1E7E4E8379C48E696282E35129F3,Display
,439418314BB60974CA3400959463084D,Display Mode
,01CC17DA4416A80E3BB8CCAD3BE58BE9,Display Name
,CB14EC414E36D397EB68B68A67A575CF,Display Name
,3C7CC31F4EBAC837E34779832D5FEDBA,Distilled Aether
,EC63FEC247998C3371ECFC860EC7AA1B,"Distilled aether, foundational to all matter. Used in advanced alchemical and crafting recipes."
,0035FAC143E3034FDF0ABF8916C3B8D9,District 1
,429557144DDEE737806EB2B6B4BEF03F,District 2
,DC47C509415B5790EF3A34837D0C7BA5,District 3
,6B2EFF60468FFC489931F6B2D93E15E5,District Complete
,CA25BC52444757739B4799A1260CDF02,District Failed
,4429AB8E4ED1FB28E3E0BEAD48E3BF23,District Run 1
,47D52AC64B8592DBFE1353A5DB6D9472,Divine Oath Armor Unlocked!
,2694E14049AFCA1C2E6A1F9040AD0972,Divine Oath Cuirass
,1924EA5E41ED8DAEC98AF8A4F93CE45A,Divine Oath Gauntlets
,9042AC794A931652BA4E8AAD43E56487,Divine Oath Greaves
,1F0FA0FE49BAFA04726242B653BF1386,Divine Oath Helmet
,B2C942314D80683047ACB786CC096855,Divine Retribution Elixirs For Sale!
,0D8ACFD146B9E6577FE1E48A065DF3B8,Do you want to accept a friend invite from this player?
,064404DE431572A784C837BCB60419E3,Do you want to apply these changes? Selecting No will restore previous settings.
,00E8D08C47EB9B25CBCE32819EAE5140,Do you want to join a party with this player?
,A5E09F9F4AC2263BFB7823B8E93DB9D2,Do you want to overwrite?
,086CD63440F1F5FC6C4D3980EA6E0471,Documents
,015D27584FD3AB738D6CCDAC2BBD2EE5,Dodge
,6092F51D4C72824F3D9F7F9F277B4E30,Dodge
,6B50A5524D031E8BDFAA7E944F200EF8,Dodge
,B53FA023405644D971E1FB8B4FC24103,Dodge
,F965893041B06FC3546B7FAFD4E02E67,Dominance Armor Unlocked!
,87DABAA94ADCF997C514AA9FBDFD2153,Double Press <IA_AngelSense/> to activate Angel Sense and reveal hidden enemies and gate locations.
,1F68FD5942FC31B28E3ADDA7496E0637,Down Skip
,4FA712EE4EAFA86C2BAFFCB04EF78BEF,Downed
,99AC39E64B352CC9FD4DB2B5F8F36E2C,Dragon Assassin Broadsword Unlocked!
,EB50B2DC46F2B9B10CE40986E875B71F,Dragon Assassin Broadsword Unlocked!
,833E5FD9456C84A94D7E61A78D3D335A,Dragon Boss
,90E8EBD44896716A092D3A9D2F40CD1E,Draw Distance
,0B121C534CBFD014238FDAADEC093BE6,Drop Shadow
,56B94F8C41C6D7C26C888B800AF8BD9F,Dual Sense
,598106D6478066A75B64279CEC1F7D53,Duration
,631A14DA45E44AA81A3A4CA7054BFD27,Duration
,4573F594403BC436053E63A21E89DCF5,Dusk Falls
,2B58DB384874FF7757C48DBEFB0FE33B,Dust of mercury transmuted into an unnatural form. Used in advanced alchemical and crafting recipes.
,24C003334F8FA646314C20AC5736F9EE,ELK GROVE ACADEMY
,42B1B9E148CBFABF743757B06084CD85,ENTER
,D94EF3D148F015EDA2322EA7E8A131C0,ENTER
,0292DADF467FB3FC78FBBEB4DD68E50D,EQuestsProto
,2F86983848528C8C7114AEA37F3E2DCB,EXIT LOADOUT
,0EAE56C246D074047AE33AB278F24D1F,Each combat area is controlled by a Nexus Gate. 
,7886AA614DA87643CFC1CEA20FAEB56D,Each combat area is controlled by a Nexus Gate. 
,61590196491A5006D8954A938849A247,"Each combat area is controlled by a Nexus Gate. 

Each gate has an objective that must be completed in order to progress.

Clear All Enemies from this Nexus to advance."
,9FA8C4C0488300FBAF34898039631214,Each mission has multiple paths that are selected randomly after each Nexus Gate. Each path has random enemy spawns and changing loot layouts. Replaying gives a new experience each time.
,34A7B90742CC98F2F6066688D07CE45F,"Earn Angelic Grace that powers up Angel Ascension through parries, executions, and over time."
,B0E482B147D9FC5431BB8DA1BD02BC57,"Earn XP from clearning Nexus Gates, quests, and special actions. Leveling up gives permanent stat bonuses and unlocks in the Sanctus Clypeus. Progress to gain more power and upgrade options."
,70A608F14B48CDD3297D0AA5D5A2E06D,Easy
,3129990A447C54ADEAB7EEA051B9BA57,Elite
,F5D6C4B642D4EF7DB19F3E801735334D,Elite
,2F1C9EDD43C66675DDF541A9D39C5373,Elixir Of Glory
,4341CDDD4F67C3338A4A3CB519F9C5D7,Elixir of Glory
,58BC361042265B21F821C89001582224,Elixir of Glory Available
,CB76A6894E22AAC50AA2B4A03F40176F,Elixirs of Glory For Sale!
,A57AA05B45B5BFB57092F3B5F44BBBB4,Emergent Quests
,F22A74704CBE8AE42EA15C838492AB70,Emergent Quests
,F88B0D9C4FAD731C3BBBCB865D11D684,Emergent Quests
,B8C630F545C9B859ADDB1BA2655AC5F2,Empyrean Signet Unlocked!
,A73B96A64ACF72B8008420B8EE448A78,Enable Auto Targeting
,3AF053EE4C90DD18D3BBD89D6ACB0150,Enable or disable controller vibration.
,C0232929429B1149CEA626A7CA9E0284,Enchantment Scraps
,C7B3ADCE4D754609E55890AB73ECDAF6,Enchantment Scraps
,D139FD1E402E1E1EE83A7EBBD3EB2AA0,End Session
,11C4FEF3449A52AD3AA6A1845AB9DC61,Endurance
,12B734E34C111F1731D73782C85E4C64,Endurance
,81A64DE24D35C306D1C0D38EAA0FBBBC,Enduring Vow
,7F6674FC4069646E7B9A179A71D8EF6D,Enemies Remaining: 2
,3F7BF0AB4A4E5C8EE81DFA9CC4A80098,"Enemies flash red when they are doing Unblockable attacks.

You can overcome unblockable attacks with Dodge (<IA_Dodge/>) or Parry (<IA_Parry/>), but not Block."
,7B9DF0F14862D552E699B9BF52274295,Enemy Debug
,991E56F34B8046D6F750EBAECC0502DD,Enemy Kills
,42632E1E4299A08AFC537B9C67235E4F,Enemy Variant: Bleed
,6C1A6EC94A881DD951F4BCA10718E936,Enemy Variant: Fire
,06E1603F419D0CED2DBB15B9A589B074,Enemy Variant: Ice
,8AB2F3C1401C47FA0EBAF59CF4BF2144,Enemy Variant: Marking
,1244FCE247EDB4C795B751966854060E,Enemy Variant: Poison
,C9CA24534DB712346D482394A442A271,Enter Code
,0A45A51B41EE19395BDE2DBFEC11E338,Enter Player Name
,3E30B0A744A881412B2137A1B6AF3A0B,Enter the Gate
,3E72CCB94B1C7DF7F745E3910C37659F,Enter the Gate
,0C6D9DFC439E52D1C0DE5989DB2FA91D,Enter the Gate and Strike the Core
,0D4392894809BC5D784932881A61714E,Enter the Gate and Strike the Core
,1070F8E849F213182E02CFA2B100AB74,Enter the Gate and Strike the Core
,19015A6C454CA1BA71AF5BBAB6CDF8A7,Enter the Gate and Strike the Core
,195CF2B2439CBCC2011743A47BB63D46,Enter the Gate and Strike the Core
,1BC7EF8E4450A9C5127A1B87BF907EFD,Enter the Gate and Strike the Core
,22772AD443FD442F7A1D14B861E0C0D3,Enter the Gate and Strike the Core
,227FA26F4A16A0897F30B5874EB543E8,Enter the Gate and Strike the Core
,25B0E8174BBD8D21EC2AA289072FCECB,Enter the Gate and Strike the Core
,2665F6344B0796AAD23DD8B94F16AFBF,Enter the Gate and Strike the Core
,2DB2DC3B4CDF890D102380A61DE93535,Enter the Gate and Strike the Core
,2F5C81234A362D6563E25D93E488F394,Enter the Gate and Strike the Core
,306A913D436CDD3F62287291F30F1593,Enter the Gate and Strike the Core
,3934224D405976B75C8FF6B3CBAA8685,Enter the Gate and Strike the Core
,3A4F69B8467883F75F8CF89F7F7E0D34,Enter the Gate and Strike the Core
,3AB4784347E8C601253D569FA69D63C7,Enter the Gate and Strike the Core
,459FDC4248901FC58ACB2E99BF0CD204,Enter the Gate and Strike the Core
,5960AA824DEC2A723F36568A7131B435,Enter the Gate and Strike the Core
,59C18910491BEFA5B18544B2D7DCE30F,Enter the Gate and Strike the Core
,5F6EBDDB4A6D9196982618A93AB8E30F,Enter the Gate and Strike the Core
,68D212534C21B505257F42928FDC62AF,Enter the Gate and Strike the Core
,6A6786A44FB7077A8DF7388B0DDFE611,Enter the Gate and Strike the Core
,6D445FF2422D7927648299A552FACAB1,Enter the Gate and Strike the Core
,73C338DB4FE1A84512E9C4828AE5A9B6,Enter the Gate and Strike the Core
,76CA0DF843BC8CEC07DA1DB79137541B,Enter the Gate and Strike the Core
,80DDDA384B7B65AE42F0FB837D4C547B,Enter the Gate and Strike the Core
,86E24BC54EDFCCBEBCF80CAA6493F49F,Enter the Gate and Strike the Core
,8C2A37FF425B90584D741BAA7A401FEB,Enter the Gate and Strike the Core
,905CA97747AEBBB8A18A0B9272F3F459,Enter the Gate and Strike the Core
,9061F7054A101CD0CE9FB5BB653B44C6,Enter the Gate and Strike the Core
,93698725431B65F32962F8A4461B07A6,Enter the Gate and Strike the Core
,9D7B49DD48ED410BEEC7BC8AE1BE0870,Enter the Gate and Strike the Core
,A447D46B434D8686864A78BFFF22B9F4,Enter the Gate and Strike the Core
,A4A0EB304C56D193AA591CB4B146DD4F,Enter the Gate and Strike the Core
,A663A82B4DED9AB5FEDD17834D1EA294,Enter the Gate and Strike the Core
,ABA5B12445318BE87C0409A551419023,Enter the Gate and Strike the Core
,ACEEBF6A44C639752554A3B63760BB4E,Enter the Gate and Strike the Core
,B701517F4F5A21A4731EB48197F908BF,Enter the Gate and Strike the Core
,BE6E02894710601BCD6E6AB079166067,Enter the Gate and Strike the Core
,C0CCC359475FFD73E1F48A86D5D5CC04,Enter the Gate and Strike the Core
,CACD75C348EFE4BC407DE987661BDF79,Enter the Gate and Strike the Core
,CDC24E484060B4605EC8E08E9DCF491B,Enter the Gate and Strike the Core
,CF0186634A9CA9CC9D3585A8784C5244,Enter the Gate and Strike the Core
,D49A5E8949BCE81A308A2EBE34DBFDE8,Enter the Gate and Strike the Core
,E1A595FD4F318041547D09984763A841,Enter the Gate and Strike the Core
,E63F6A404CB3A8A00252D18C412C5CBD,Enter the Gate and Strike the Core
,E7CB573042D74B6A12BD00AD5B2F629E,Enter the Gate and Strike the Core
,E8237FFA425B5493F579EC8044F29D38,Enter the Gate and Strike the Core
,F0362646497D83669677D6A9FB2A1D4D,Enter the Gate and Strike the Core
,F26F33554261710CB88F8CB537A0DD7F,Enter the Gate and Strike the Core
,FC2EEA9A41358CAFB634969F8299CD1D,Enter the Gate and Strike the Core
,A99F45B8449B50F23FC3329AAE28D6A9,Enter the Hellrift 
,45A653574CEF200B3890E9B4E5C96BA7,Environmental Sound Effects
,0B140484460D9F417DC4A084147C4DF2,Epic
,1CC14A9E42B704C2568F2AA57DB9C5A6,Epic
,3587E5074482AB9F1CB96D99A5B1F6EA,Epic
,381B3B8F4DE89E53D6C7D2BF686F61CE,Epic
,3EB16F594C907FD12AB1F38A0C251D57,Epic
,5B5E587A4705A0136FB7E0B316CFD695,Epic
,687911D7463BE70527960091AE875DB7,Epic
,7C0D8CC647AE1D0ECC38149702C8C036,Epic
,9F4BE1EC4E6044B9189C4C957AE0D14E,Epic
,E4F6C1EA406AD668A5E51E9A195E2982,Epic
,6403747A4B8C01465C93819B4FE14AAB,Epic Moonlight Oath Gauntlets
,B887727A490AA2BE294CC1B60F91E6F1,Epic Moonlight Oath Greaves
,DBE0CD204451C65F9E4EC694C18276FD,Epic+ drop rate increased!
,98FDE4A54D45615479C25E9390F86F8D,Equip
,AEBA135C428E5A7E3EDD9698C017AF30,Equip (HOLD)
,35AB621B41B868449E6FA39714DACA43,Equip (Hold)
,5ED6B7A24F15AD24D99FA99669CD774D,Equipped
,AE3E007C430CC442F404A58D1BB6C4D3,Error
,2C1870C44078979BC764B8B75914CC52,Exit Game
,9584D2CB4F75EA664B364294180BDDA7,Exit Game
,ACE59DA74B544EC295F65A80E4EBF85A,Exit the Hellrift:
,1001527F4D6DE6150079818FC051A719,Exit to Hub
,D5A02F494C5DD4E6120BA18F46BE7706,Exp
,2C13D28F49E32875615645ADE505186F,Experience Bonus
,E03912404623CD13BA180FB2863DABDB,Experiences
,0104D6A447AF24A1A1AC8D8D00397E67,Explosive Bombs
,69F432A24233522B8A7980A5214D9ACD,Explosive Bombs
,F66DC03F4C25588116ED1CB07EAA3793,Explosive Bombs Available
,570F30D74B5DA2E789C6548316302583,Explosive Bombs For Sale!
,29DBDDD045FF8C8D2BFDB28C07C9A67F,FELWYLV2FROM
,E786C2AF444E0FE8B8F02A89DE1262FE,FINAL RUN SCORE
,C71034B34285F933E78E97B03077E98A,FORMATTED TEXT {ftxt}
,8FB09B8D45FA42618BA2CB9797C409FF,FORSAKEN STREETS
,8E5764E04061A16373150CAFDD44453E,FREE SLOT
,CB93710E41A1CC5F82E6D981C688827E,FULL RUN
,30C91AB84952C642559C8EA5DB98B740,Failed
,05FFCA184B558290214EBC91012F616B,Far
,D5A3364E41C3AD4E2D175C8FC794B6DF,"Fetched these off a marauder's pack.  They're not fancy - big hefty shotputs, they are, and short reach at that.  But you never know when you might need to knock a man down from thirty paces..."
,936CECE04E0461284AB93CBF91125058,"Fill your Angelic Grace to use Angel Ascension.

Parry, execute, and explore to gain more Angelic Grace."
,770B246443B860DC5929C5B2C2577877,Filter
,789AA0E84FF7092F8DED6BAC33716070,Filter
,389F91E64D0B92A0689F138D23875897,Filters: Co-Op
,F83F6C734B71F22E2FC35FB34EA665C5,Filters: Co-Op
,F270C1A84A23D8177487AEB7CBB7CD7F,Filters: Solo
,D64C2BA6444568200EF8AABC923DD001,Final Boss
,F3AA20254EF449594EF103A5F013819A,Final Boss
,3D9B8BFE4B29FB4039DE7188D5F67677,Fire
,2D52E3C04FF8CCCAE4CA598430DA8B03,Firebomb
,1342F32F432C69170A09358C6DBD4C6E,Flaming Rebuke Elixir
,9C1D20F24712B19AB32290AEE363341C,Flaming Rebuke Elixir
,3CB43A4F4C168FC90DB64C9E6AFAF0B4,Flaming Rebuke Elixir Available
,99775A984080B7F276F2958D693FF093,Flaming Rebuke Elixirs For Sale!
,3B520A60419061D0F775029B22058A83,Flask
,A219DFC643517B1D17827C91496922B2,Flask
,8923095D444D15833690A08040ECA932,Flask of Glory
,636172824D7E4D614397128E7D36ABBE,Float Sample
,2A57DD7542DD4D2AF878B7A054E1302F,Focal Length
,AED420A04AFA204F6B8E8DAAD744EB28,Food & Supplies
,7D2207054E140A9D1A7F549D9155FD40,"For best results, adjust the brightness slider until the left image is barely visible."
,74599FDF4E78BBDE7F105B8BBDAFB497,Forward
,229B7AD74EAD134623DEA99F0DEAAAD3,ForwardHold
,D113CF694AD2AFB6EE3473B4B1257C60,ForwardHold
,55EB4C334BCE71537236749652C6AA1F,Frame Generator
,4AFB87D84DE20968AA17DB87B9903989,Frame Generator Level
,0839C6164C46BCBCAB3B859C9589B8E7,Frame Rate Limit
,306E6BE44CF78001AE8FDAA1E3D2ABE9,"From dead men's armor, these scraps of plate and mail act as both currency and memorial."
,7E76353849B25A689EE6FFADFC49E801,Frostmaw
,6355A6B94AA3CA02F23B9F9712033EC2,Fullscreen
,A6E01C794744C5AED47DEA8745D8C2DD,Fullscreen Windowed
,28F3753B46E88F61FE09A4A8C48C4748,"Fusce vulputate, orci a ullamcorper."
,7286E04248C9EF823DA8049035BAAF27,GAME TYPE: {0}
,3B7EEE5D4F1DDCA9C75428BD2849D2C1,Gajov Resnyk
,90295A3D4082C2E339FA29B5107DAA8C,Gajov Resnyk
,23981DD94D6CDECC38555A9095D5BA32,Gajov the Blacksmith lets you upgrade the quality of your equipment and forges unique weapons for sale each run.
,79994EAA4BA7C13F642F05B5E17072A5,Gajov's Amulet Available!
,00B487A244FF931D07909698A77B9DB5,Gallant Alexander
,5101268944138B75549B9599958355AA,Gallant Alexander
,F0C77DC44545E3FDD4C160A580195D24,Gallant: Bounties Unlocked!
,808DB7B74DBAED7AD4C87EBF7F71D8B1,Game/Map
,CD3979104A66471B8CB3B3AD75D67D70,Gamepad
,3BCE84C748424C5E3F02018AD1F14374,Gameplay
,29E14799402D379F0D45C495FA5E9988,Gameplay Demo
,980DD83849399D3E8128C2924E12E8AD,Gameplay Sound Effects
,7D3A6CBE4448434C446F978ACF2627B7,Gameplay Volume Tools
,2F128BF644204AC0E37709A17B3CB09D,Gamertag
,E64CBB80478B7D365E77038FC0586831,Gate Boon
,D3B1F7654B6FEDEBC3F469ACF2A550A6,General
,DD7F8AA449C68DD86E070DBE79882DFF,General Settings
,D2DD449C4A3368E8332CDDBA5330DE61,Gifts the player +100 Max Stamina.
,65D429E94D584922CD37839159697420,Gildenarch Bridge
,1D3B9EE64EF0D5C996813EAFD9E930D2,Gildenarch's Glory Unlocked!
,759F97054F21B52F509ED284D64A1C83,Gildenarch's Glory Unlocked!
,A8B311C54CA0FAD559D92685506AF95F,Global Illumination Quality
,F46BA3164A031E36A10BD79BDB320598,Go to HUB
,22E84886406761DF72BE48A9BAA49214,Go to HUB as Team
,873DC9CC4BCB13869088B9ADF8E23EE9,Go to HUB as Team
,018A69384FB16C6B155AD183617BC9D2,Gold Coins
,208B847D4E3C6F983EE10FAC1C30B27A,Gouging Throw
,63B6396E4D2EE06767330CAF5FE0D915,Grants 500 souls
,D3603BD2494FA27B47F6E09EEBF5142F,Grants 500 souls
,AC7FFE9145D5894633A3FEB28F81809F,Grants Angelic Grace when consumed.
,52EB910F493B7F0432E919A75A2ACE50,Grants Anima when consumed.
,DEDA7DFA4C99599BE9E18DA76861AE51,Grants Experience Points when consumed.
,C6E6A2DA42CF2BC5B991FCAD5EE62989,Grants a large amount of Experience Points when consumed.
,80EBCBEF4D14F32DC542218C55CEA6B0,Grants a medium amount of Experience Points when consumed.
,02867F384FC2D33B0081129AFE4C265B,"Grants a temporary flaming rebuke when consumed, dealing fire damage to enemies that hit you. "
,D48BE7D045350EC19DBA1E9AFC4A1AF0,Grants anima when consumed.
,82A0E5344F010628801442BB8B48C38C,Grants tempoary Fire Power when consumed.
,CD9CB2834EFC71F36E6ADBB4498DAD38,Grants temporary Physical Power when consumed.
,0E7CCA884BF56CBA3926C1820AEB4E59,Grants temporary health restoration on enemy kills when consumed.
,2C3405A34431E075D1CAE3812FC80B23,Graphics
,98609AFA4512639AB5218493181FBB09,Graphics Changes
,713F0E0E4DD0BE7B3FBB70856F13191F,Graphics Quality
,E35790A54F3328150D4FA8AA49720A65,Graveyard Key
,F49ABF6B4F9643A1E8A6119B910E8691,Guardian
,1B3B31254D99EDC63467B28BBC6E867E,HARD
,7A022A2543FD8C06BC5A5E88C6FC714A,HEAD
,D215509D49A7D83D50ADDEA2853D2C07,HOST GAME
,ED54D6B24FEFB56957A960B367ADC1E6,HOST GAME
,2FF6453A498255BBDF7EC8A9A103E434,HUD
,7B7CEED34C463177F9C713833C880782,Haedrik Knight
,1FC6577946CA3ED39FCAF39A8F84D57F,Haedrik Knight Armor
,A576622B4BA7A79FE62000956F357C60,Haedrik Knight Gauntlets
,D099C02A4A85D4CA99F948AC68CE45C2,Haedrik Knight Greaves
,53F90E2F453D3D9508CD62A1B98CB9CD,Haedrik Knight Helmet
,BFD1C1CE48715D9EE8348DADE693E38F,Hard
,0289D69A475A1D7AFE3085937569BB36,Hard Difficulty
,77570CC54D237ADB4E290C863AF83791,Hardening Elixir
,B9BBAEE5460ED096C03434A87B7E592D,Hardening Elixir Available
,ECDF558C46BA8645C2155DACB78AA9CB,Hardening Elixir For Sale!
,0A8147AE496EA3CA05E8218D1BDD8146,Hardening Oil
,58FEE681470248120CA7309103030404,Have you found anything useful?
,CC749C5D404FF3B15B4E56B96335943A,Have you found anything useful?
,F5BDB4C54006DD2F45F532A63106520C,Header
,3BC46948467760164E2DCD80B2A5D07F,Health
,55890A3E46B30A72E8D0FBB31C7DB806,Health
,671B36CB4A6F5184CC37BCA6EBC824F7,Health
,B4F7824449B82B0FA3402B839BAF1034,Health Flask
,CDC568A449172212CEA1C996045AEF5E,Health Flask
,F224D3174BAC8017FABDF2937502FA81,Health Flask Potency Lv. 2
,2D9898144F60B28658D88B96970C8CF2,Health Flask Potency Lv. 3
,0AAFDE38455CBCE9532986BE40F516CF,Health Flask Refill
,54EB047B4773CD83F3295ABF6A1D1EDD,Health Flask Upgraded to
,8E116A784284C5AEBBB3C9AFE3B346F2,Health Potion
,D95BC5AE4199CCDB1C1D44BA00E0479B,Health Restore
,3FA7DA9745140858C5F2CB98E0CE1928,Heavy Attack
,7872CD174DC8ACC9482301A8FE28F4EA,Heavy Attack
,78FF19C14C876D41613296B4B0B2740C,Heavy Attack
,C42B57CE4839AC5BCEE71DAC0EF24357,Heavy Attack
,D815DAB74E457015DC7ABAB9B133A882,Heavy Attack Release
,F0A3AB0A4099B99A3034DA81188996CE,Heavy Attack Release
,964C56294D8B201E0E489886F2E395E9,Heavy Attack Released
,9EA74C5E45E2A0BCFE7C59B60E96E2F3,Heavy Weights
,C66C23144599E775972CC490B0546EB2,Heavy Weights
,45075579476CD09081A454AFF0EE7688,Heavy Weights Available
,C39B07554DCBFCB9F1F7A0B91BEF2C92,Heavy Weights For Sale!
,26A2ABEF440405FF6FBB22ADE170EAA4,Heavy/Parry Modifier
,DB6D65AA472208527936878259CA7BF7,Heavy/Parry Shift
,75F57CDA4CCD2C99034DF4976925AA7D,Hell Rift
,2DF31CCA46C5F472F92DEDAA702DB084,Hellgrowths Purged!
,AC2AA5F549366BBF05BB8E8458A97F6A,Hellish
,197F2E2C48F20A9FC7D94EBA46DF3651,Hellish Difficulty
,ADB047A94BA91DC2D1A5FFA9C98B62A8,Hellrift Destroyed
,1BC48D6949C7EBBED001F6B7FF8CC901,Herba
,1C3E7CC24FBBE7DD499E07856D0ED766,Herba Leaves
,1312B57E4C3A026CE5F9F4B33FD474BD,Herba Refinement
,AF9C4EFA4E84DF0BC28C7182F92497B7,"Herba grow in sporadic locations around Gindenarch, some say they are the last remnants of the spirit of nature trying to  assist with the fight aginst the darkness. What we do know is that they contain alchemical humours that are used for potion crafting once refined."
,8FF12F6240EC1DD200F77EB07FD586DF,Herba leaves are dried and through alchemical processes are concentrated into a potent ingredient used in potion craft.
,057D17724AF5B4EE1B99DAB66564FAFA,Hero Pawn
,126353354543197137D88F88262C90BC,Hero Pawn
,3B988C444644C08B2556DC9C68E8D329,Hero Pawn
,68D75960473E51FF40A1F9ADCF8E9CEE,Hero Pawn
,9C0FD0B14ADEDEFC2E3608B93FE0ACC3,Hero Pawn
,0D1958204E81042271F9CAA92D021787,High
,103C6AA44FA3665E4E86D9B80C873962,High
,4BEC94CB432D6F5B522FD1B43D1E0E1A,High
,69BB0CA44628307FF58B1B9BAC07C835,High
,80A707A449C66549B1DF7E8342A08CF7,High
,910519D345E1E5208DCB90A63FBF214B,High
,A7BC51C3409E4D65B12DEC811B89BE08,High
,C7CE409D49CF47BE2CDCE2B53F7B555B,High
,DCBA213B416BD5B30523A491A6A02906,High
,DF69827D4373688AC877449697A955CE,High
,C3EFCEE249F7AEBE1535BBBE213FE0F9,High Contrast Mode
,9168B17642D63A2D1EF37BA217BAC783,Hint Text
,F4F176A345DE53494D3C989F25B0CBCB,Hold <IA_Block/> to Block attacks.
,E52C16D5491D140EB206A6A1F69FB949,Hold <IA_Interact/> for more info
,9573F7444F090122970AC9B043485F00,"Hold <IA_Sprint/> to Sprint.
Sprinting uses Stamina."
,64D5F36B4AD93F2FABC81E8747794A11,Hold Buy
,2ABDAFC74DD391BF360E9B946595B38A,Hold to buy
,5775F6CF4C928E0A23A9AFBDECEDF71E,Holy Aura
,561298DF4FC63701B99A1EBA4B58B0A3,Holy Fire
,9DDD2D9640801FA8E2822FAE4AA18FCF,Holy Fire
,26B633F946BF89E53F92E497EB420AAC,Holy Fire Exilir
,C8C7628A433C7F69766C5A97B52A1DFF,Holy Water
,6D48002044837058C40C4DAE5B438ED3,Host
,8B99E64C49CAF7D48376A98D1EE6305F,Host
,BF35EE0E495A7E60066F59B4BDADFF11,Host
,DEB7C4AE470BA0DA983085BD57ED7B00,Host
,C5AD7C2B4DA5EAD078B90295E7B444E6,Host Only
,AC70F769455D1652F6A0DF9C987BE542,Host Session Code
,720CBD464D50AD5D01FB97B4109D15A0,Host a game to share Session Code with friends
,2401DB174CA5535D92A1E1AE75928C9A,Host game to share Session code with friends
,468142C94A9A21EEA3AF82B7FCC54BBA,Host: {HostName}
,BBC01A324E1D6212836B24840655E6B1,Hub
,6565972548B3E0460C6E22A18BC2D22F,Hunter
,F19C5B204C970639B26075A42441D5EA,"Hurl your weapon and apply Bleed, then attack again to recall it on command."
,2720292F494C49C000931580B6C26502,"Hurl your weapon and apply Marked, then attack again to recall it on command."
,55BDD4564C58C36C8430CFB0B854E7B1,I
,F339E321443383DFFFA374BC6A04F39E,I
,64665AC743187A8CD69A06A66D2BE80F,II
,9D79398A4B737F307092C0921CF33E9F,II
,00E69A9241590F3409AA83B7F7307846,III
,39626D43409059D346C16FA1A3FA9238,III
,514FD1BE410A4DFF5CB4A89F64CF4DEC,INVITE (HOLD)
,C5DCE02B4914C6F1BBADAD92CF875483,ITEMS PURIFIED
,D01DD00A45A6E1E3972A3CA018A2EEA5,ITEMS PURIFIED
,DD31676B4E196D1B2F4939974C6C5895,ITEMS PURIFIED
,39531A2143B0E6B3BA4132BC84B82DE7,IV
,7BDEAE024BEF40563104E195C5608C7C,IV
,369A9F44478C8FAAA164E2866FF7D770,"If this mosnter dies in the next three seconds, it always drops an ammo recharge"
,3435D0874F468D458FDBC2876DC6150E,"If you have a surplus, the alchemists always have a need for Herba"
,74138E10444898270D52CC8B7FB14D19,Immolation Bombs For Sale!
,3C52330249EFF992F23F7588AE3D592F,Immolation Elixir
,404FA8BA44DDC5D51F34AF888B8C9628,Immolation Elixirs For Sale!
,A9C128B64451E7420E5D5B97D17E24AD,Impaling Throw Mark
,DAB0B1964CC63F464AB016915ABAD203,"Imperial currency minted with the visage of a dragon, a dire warning to the perils of greed, unheeded by the men of this era."
,0C2AF72D4EA7411C307970BA65C847A0,Impossible Difficulty
,F2ACAFAC4CF87F960B5FBF8AD09A08BB,"In Co-op, players share a life pool, and can revive each other to prevent life loss.

Expect more enemies and unique challenges suited for co-op."
,69C8A24D4B3015980D8C9DA5A24C0331,Increase
,D74C54A14E712B54A53A5E9756216000,Increase UI contrast by adding opaque backgrounds to certain elements.
,75647D7447E67EC9BCA437B6CE6AFCE4,Increased Wisdom Rune
,80AC428645DB820E2BC23798F0674430,Increases character wisdom
,415BED474ABA0F30F756DD9B16C40E39,Infernal
,78F04A594879257A24722B83E5552144,Infinite Stamina for 5 seconds
,6820154B43956F4EDBD383AB3B255466,Info
,F0F5221A403179379A2626943EAE8EDE,Insert any lore about the focused mission here.
,5C1858FE424B0C4139C703980B663035,Insert any lore about the mission here. It should have enough room to give a decent amount of lore.
,17F6FB1849BDFC82701441AFBC26400A,Inspect & Equip
,88945B844F1B6EB0EA01E586BE4598CB,Integer Array Sample
,1EF64CD34978C3FAF8C8C49C7F4E5CF8,Intelligence
,E31E12B5436E5F9FA9F72592ECD39480,Intelligence
,43F43E534FDB3835F92EB088D8163D9D,Interact
,5163264E48BC90B60BC840A6D6EA95F7,Interact
,8E519F224F6F3E701A33DEA9643746A9,Interact
,97DB48444C9D018D66EE2BB4B599A0A6,Interact
,A12D8DAD41B4E4D6CF71B09D4DA8521B,Interact
,BA96ECE1482DD7F7686CB3B98163BD96,Interact
,BAE1C8944807CED60969F08584DCE347,Interact
,A33D0A824E53A1399627689B6F6CA9B6,Interact(Hold)
,27F18FA848A27B1EAFB4DC95FFC89F37,Interactable Descriptions
,007B9AB34C2A61C6D9C97C83E083D813,Invalid Request
,7B04C4F84F6C91E36F099EBDD9EC52F2,Inventory
,8AC8EC184E9A8451275491A8086453F1,Inventory
,AA2C8F4D4D1C6CC525BF948A522F85FA,Inventory
,C4DD6EF544FBFAAB1D86589EC262B7A2,Inventory
,DB75D6A54AC6A7C6104544ABD00B86A2,Inventory
,E1D752D743F7DAF0E5C64C9E333364A0,Inventory
,00FEEDE14FBFAF0316F79093DEA710E0,Invert Camera
,601C6E424FA06CC94BF721B8C7E388D2,Invert Y Axis
,A8ED5E0F4917CE17A2A117921DA0655C,Invert the vertical mouse look axis.
,A3A6FB2B42379651FB7ED593C35ED7E7,Invert up/down camera movement.
,05B958B546CE085E1F9A7789B7E75607,Invite Received
,920E54FA4B5219441E75198C91E8E5AD,Invite Sent
,D24679E94CC6562E5F0B1ABA8B425660,Ironbreaker's Signet Available!
,2845A29B49356FFA16B43691A0544292,Item Description
,41A4C2734A3EEE9DEF108E8D92C32668,Item Name Here
,3343DF82431CCE2C841101BE91ED645F,Item Name Here for Longer names
,C620921E47373DE866ABAB894AD43EF4,Item/Weapon
,2D61F5654AE4D26962777FB8B9B6B528,Item/Weapon Description
,9FD4174941E61F2A68F3D09AE81C43E5,Items
,FD00805D4BB69C56535EED90B7092B5E,Items
,FF43371C49AFBEEDC6A4778A90E10E95,Items
,96656E284A31B612C118F7B5AEF5D336,JOIN
,C958C711420F68109B87E59D30937522,JOIN GAME
,0F17C3F84725C7BC57DFCA8417E60010,JOIN VIA CODE
,4D333FD246AF93E0B60089AEAC123F24,JOIN VIA CODE
,1AD7A2954FC6CD36B764D1B1B1F05CFD,Jenkins
,E4CA8D7640302C91887C1EA4B5E82FFA,Joey
,1D3F742D4984C475BD02C18FE9EBE114,Join
,B66905AC45DD6660F5450A874EB47271,Join By Code
,A1A5BE874C46469D297B0A9B9135E228,Join Online
,C211C3FA424869FF6A124587328203EB,Join Online
,08C01207457D63B4057FF88BF1B8B427,Join Online Game
,6AC35490423BB64488846A886B0DB05E,Join Online Game
,F8C48AAD41851937BC1300B541A406A4,Join Online Game
,2B3D6070443DF7BB18BEFBB4E9C87111,Jump
,3C89EE8946824B05E0E22486AA0239FD,Jump
,AA2D871A43C83315331564A3AC0B4CDA,Jump
,E4EEE9724BEB61C0C23B89B52CE7A6C1,KILLS
,4567DDE04FEC993E670BC1BF1701FB9B,Karsivite Orthodoxy
,72D9B9AB4A94B999FC73859CE14E27D1,Karsivite Pagan
,0C7B0DC8481B959B71E620924DA1E9FB,Key
,628C10004A651A21ABF8EAA83C69EE37,Key
,6A9331D34A7F62E41D285693EA83F559,Key to the St. Lucious Graveyard House.
,1F81AB5F4F6ACC290A3C7D807A924DA7,Keyboard
,BFBD8ADF47F742C14319AA8C194884CC,Keyboard Profile
,279127FB46E9F72B442F63A9A3E41B13,Kill Deathknights
,78DE08AE414D3AF6DAA8EB98B394A169,Kill Deathknights
,0615763046A590E7A63FB4BA05FDE933,Kill the Elite Leaders
,B234EDD348E1F3344E2E8FA582538253,Kill the Elite Leaders
,5C85E3D944EEBFC6F6E970B83B8E8D8D,Kills
,9E77BE214CE74B1149D1D2B8DCC249BC,Knight Commander
,DE862748461F9DC36C7365A85687E22C,Knight Commander
,DE8B174046E205C5F48B7EBA8C91C85D,Knowledge is Power
,6DB133CC41FDE88F558A988C194D7CF2,Kunai
,345FFEAD42FF159D917A38B96CDF7D9B,LEADERBOARDS
,072A1F6345FD9DEDD1C466B35800C60B,LEVEL
,BF14B34F41C74FBABA7DAFB5D109152A,LEVEL
,833B37F043B596BFC8136DA0D0D68A2A,LOADING
,D1E7B4F84A830CD4E6F24691C2CB6323,LOADING
,5BF3810544BEAADBCEF837B1CFB0AFA5,LVL
,A42415BC4A30756277D3AA9CEA07CB13,LVL
,EE35615945E60A8D8B24239025522AEF,Lady Bug
,9C4798784A25F1B44C15B3963CE1DF00,Language
,B1C6B4864C1C876EEC85AC92210647B3,Language changed
,19B13EC04DB85537615A25B1D26E5DF5,Large Calcified Anima
,2EE42F6E45EB87B48C00FA908B1B8CE9,Larger
,60EE942A4E73EF77EF67BDAFB23E4EAC,Larger
,036C9BF34B2E0094BB06AB98B7917992,Largest
,58900FF84A5307198D5D61A79A495B28,Leaderboards
,254E73264F3C4E1EE3E38D982405352B,Leave
,C5CF73494F028C4018770385E77D0AD8,Leave
,53F5234F48B9E6E906DA458BBEDC7DAC,Leave Party
,1694DF62474851D2F5DE8EA9AD09A2A3,Leave Session
,188DCAEA4537BA3A125AAB93CF1A318F,Leave Session
,42D12D1A4E2C07222701FA99088EE15F,Left Shift
,09C9098A4311D8530E541195FA00516A,Left Shift Released
,26C3E5064BA05180C50D4199E5AE21ED,Legendary
,F30001BE485400BF59883781207E5567,Legendary Scraps
,AF3B5F67459FF7817F8EF287A864D6CB,Legendary drop rate increased!
,01F3A7F749162B5B52E2B18E806185E2,Level
,876C427D4D3B10BCC919FBB2E8E76DA2,Level
,AE7ED6D84DCC0224F39A30B3BE827DE4,Level
,6D0483BB49D363F07D7A7AA2F66729F9,Level Up Nephelim
,8F7BC02B48C1E87C0CB143AA287F9A9F,Librarian
,F63AB0D9419A303526DBC2A73BBB9196,Librarian
,EE9B00AB4A804D9988DC84ADC6562FF4,Librarian Boons
,D0AFF7D142565C9AA3FDD896F9660611,Librarian: Boons Unlocked!
,54FA72A143C98F111F50119331922D79,Light Attack
,90C39828469FA87EF576EFA36D414840,Light Attack
,B15ED2AC4F53DA877FE362B7918B384E,Light Attack
,3B26086A429F6184FAD72B89D0A8F9C9,"Lives
Left"
,6B66787D49F35F9200AF2B82CDAAB251,"Lives
Left"
,C7A763A94C37E421FDA6FE8E54BC88BF,Lives Remaining: 20
,814F4DED4772894B1AE75C91E672FA45,Load
,D6088FAC456658001F626A9C348B0AB3,Load
,E95F8CD34FE77B784F31A8BEA3CC9126,Load
,8887BA23494801357F519AB61114C2E2,Load Game
,BA3D1EB145F569F001A843B54274477E,Load Game
,1556E7FC44E09A0B24EFD28ACCA0D1D8,Load Save
,B8541C8548983F9FDC97FAA672243B86,Load Save
,3CE66AC7434AD1823A9E57915D21A59A,Loadout
,00B937C146DD8EF2BDBD9A9CB716C6F6,Locate and enter the Nexus Gate
,0B1210AC4FA6CF5E24A5E3B811C4ADE0,Locate and enter the Nexus Gate
,121721B74CB373DF7F2B86B9FFCF9451,Locate and enter the Nexus Gate
,190BA0DB46365B44801315AB81EE4370,Locate and enter the Nexus Gate
,2AAC465147311AD27F7F538ADB2A4E0B,Locate and enter the Nexus Gate
,385586FF4B8C658862677D8D4E445986,Locate and enter the Nexus Gate
,38A524E1453A7D9CA18AA0BBA6BC98F8,Locate and enter the Nexus Gate
,3D227E074F5EE748EBC2C281206C9EEA,Locate and enter the Nexus Gate
,61833C15462995CF9A39C0B7B6B89643,Locate and enter the Nexus Gate
,73C5988A446A26FB450F66A2E9781351,Locate and enter the Nexus Gate
,7FB9CE52456D72C3794DDDBFA92575F5,Locate and enter the Nexus Gate
,85DE68C2453DB45954ABAB9443BEB153,Locate and enter the Nexus Gate
,8D87AFA14D7AC1B3D22886A1ABC6FA5E,Locate and enter the Nexus Gate
,D6863F9D414F906B4E8A34A49B98FE14,Locate and enter the Nexus Gate
,EF6FCF3C4734BCA7F710C49DE3EBF3F4,Locate and enter the Nexus Gate
,FB729FDD4C2E19D9AF97C28F34DB804C,Locate and enter the Nexus Gate
,2F7B547F4F1BB6526C8214BD16DE84D2,Location Name
,A760272F46153E465A1EB3A815EECCE6,Location Name
,085E3F7D47EA6F9178A4DB9479321356,Lock-On <IA_Targeting/> then press <IA_Attack/> to Backstab an enemy from behind.
,1DBBCEA74E3BA9FA7FE88D9C7ECDE79F,Locked
,EF162E384A0573498F7F9A99805269F1,Locked
,16BEE13442F54FF72F6D19970A4788E8,Locked - Pickup Blessed Weapon
,8CA5191E4E654571F24D649C287BA326,Long Run
,8DD904FC43564E5E1AE4568B33ADFA86,Look
,B2EF16C242828D6B876B9295CD1E2C3D,Look
,2E3B6153441F39F4A13568A6CEAD65C5,Look UI
,3BF4804B48971C22CCD51D91858D817B,Looted
,A544A640425970C95AF2CDB9EC904787,"Lorem ipsum dolor sit amet, consectetur adipiscing elit. Nunc vestibulum fringilla ullamcorper. In pretium urna non laoreet placerat. Suspendisse potenti. Duis interdum ipsum eget enim malesuada ornare. Fusce cursus dictum diam eget euismod. Nulla ac metus aliquam, tincidunt ante non, pulvinar arcu. Donec vel pretium ipsum. Sed hendrerit consequat urna, vel rutrum quam mollis a. Vivamus scelerisque ullamcorper nunc a scelerisque. Mauris eu placerat metus."
,EA2E619E4330912FDAB630A77F0CC232,"Lorem ipsum dolor sit amet, consectetur adipiscing elit. Nunc vestibulum fringilla ullamcorper. In pretium urna non laoreet placerat. Suspendisse potenti. Duis interdum ipsum eget enim malesuada ornare. Fusce cursus dictum diam eget euismod. Nulla ac metus aliquam, tincidunt ante non, pulvinar arcu. Donec vel pretium ipsum. Sed hendrerit consequat urna, vel rutrum quam mollis a. Vivamus scelerisque ullamcorper nunc a scelerisque. Mauris eu placerat metus."
,261DBB5F40E136EE9F596E8BB6A1961E,Lotte Ananta
,F640A6EB49138084178512A4D0D4E68B,Lotte Ananta
,D63700904A0B181A78D67597D241A650,Lotte's Ring
,655F1F9B47D84B99D27F1DBE7AA3B5F0,Lotte's Ring For Sale!
,10C686EA4097F89B4FD2FA9A45025993,Low
,7BE3C94747C54189CC833AB3EE50165B,Low
,9466BDFC436A78773D0464BE86984E81,Low
,A512802E4AA978E01CCD86AFC0AB4AD5,Low
,BB3B24764E0136FBB23CC3A323820277,Low
,C589D6F646199AAA35C88AA88E1FA8ED,Low
,E6C76206445FC962D43D51B3C2F9FD52,Low
,F6DEBD67442E8D35A309B8A88E0D2536,Low
,DC7217554235A60E7109678D86A6AECC,Low Latency Level
,667B04394D4A8FBB982B8AA1B0720A66,Low Latency Mode
,14702CBB470EA590809C86B6F3E2123C,Luck / Smuggling
,7D84CA2644261F17DC2A33A3527A27C4,Lucky
,AB91317E431579C7B949DE8C5442A076,Lunar Priest
,90048EDF44E5EF8134D7A888053EB82E,MAHKTEAH
,6120DE4247F9804C1B03BC8175CFA1C6,MAX
,6E82F3FE439AB4CB04B96C855FF46767,MOORE MANOR
,FEDAC1A5499F871EE8AE999CE38ECEEC,Maecenas quis rhoncus odio. Aliquam.
,C0B2D76E4ECED3A44C19279BE7D61652,Main Quest
,0F6AF0B4498BF20FFC8C588C72E46BD9,Main Quests
,651F653D470C93FD9A018C88DEA46D13,Main Quests
,E944FAE2422DC1AADEC96F93A64FE86D,Main Quests
,CB4BED0D4919CF1CFDFC408E407530C0,Main Text
,F524338849BE344E347577BB16D92B95,Main Text
,AE286B2E4787186C2A9499BAF9E403A3,Make Metasound
,3CBE45014BD314E1F8465C94F11A1E44,Mana
,400B24CA4E5819991BB003868D171389,Mana
,916949C84D8AD9AA41533F84E5D71DBA,Mana
,BEDECFE345520607372699BC12955BAC,Mana
,E02B361741405D7C07DBF2B4FDE4C0C0,Mana
,BD0F4B4B4CDCFBBE5EEAAEA2FB693F5B,Mana Cost
,FA91A176480CD994AEBB0F8BB568FDEB,Mana Cost
,1AA4395B41945AD3BD268BB89267BDAF,Mana Flask
,C3E912F447F9675445951CA6798B14ED,Mana Flask
,E6B21A4F4CF81490E7CAD8BA82C8CA8D,Mana Flask Potency Lv. 2
,E1C8C07A451052A2B492578A0D3C8621,Mana Flask Potency Lv. 3
,88A3D79049809220A5E036A28CBB7049,Mana Flask Refill
,57E923CD48EC21BF4AF83A958274909A,Mana Restore
,3A8BFD934C163632B405A6BCF9E4D141,Mana Siphon
,69A5DE184B53D023DBD3D390870F62B8,Map
,3F079B2242BE39498D54D2AE9F7E2B41,Martyr's Medal Available!
,0EE561334F7152208192AD9C5321E92E,Material
,1EA7293145348AB20C13278615E63F5B,Material
,1F33C46441B7FE667E5990B81286B5E9,Material
,2B4A295C4279C52C9A7F5BAF5E9BBA90,Material
,2DFF54AC409A053145CFA08AAD7C1353,Material
,38DA40FD45E979B5AE789BA65172CB2B,Material
,423A6E8B4115C3FAF7BD37925BD24124,Material
,45374E3549C95A2665A92F92E43E8995,Material
,51729B3E448F0B2ADC8BC69E79185410,Material
,51EFDB5C4AB03855C455849C5C4D37C7,Material
,58C700E543E5B5E2F87E588CEFF2EC0C,Material
,5CDDDA0344A02E98175F8998DD81FE41,Material
,668C0C4B4A2E5B3D2EE24F87A6F53F36,Material
,9852E23D49DC419F4C8550B8819E8AF9,Material
,C10D926C4FDDD767353B8198B4184352,Material
,C6578584455148595D1868B2D213FFF9,Material
,C7570596454CA79EC2D704AA25797620,Material
,D740376447433D6E7977A59960FDD37C,Material
,DC8057814CBAA210572ADF852B49EE02,Material
,BBF2250443ABB7D0D22827A5710EA2EB,Max HP
,A9106AE249E47086F825AB97471CF3E3,Max Mana
,2D6936C648DB3F291ADF279187F553A3,Max Stamina
,2B5D25DD4EE078B86CBD0685A68C16F9,Medium
,384D07C84C9D0CABB69E6295ED046151,Medium
,3A2FC0B54FBB64F48B3107B276C073AC,Medium
,410C4ED74A72F4D8F24F18A1F8D36CE5,Medium
,59E6E54442B66B58AD8406BE0DEE92AA,Medium
,65D03808424EF249327606AAAE3AA073,Medium
,925908224C318B9443B46FB38B467C3D,Medium
,E791E81E4B09177C4DFD91B36F87B6FD,Medium
,F0020AB641543D3EFC0536A18F707CB1,Medium
,FD60D8524A237F3DA6899D92F193C4AB,Medium
,9AC23F05408A641FC3DA09B9842183A0,Medium Calcified Anima
,027BB7F74610FA2A037F3686F3B48FAA,Menu
,200DA3F84261D6F851C548ABDA43AA3C,Merchant
,5A6586344B1E643E99310588E199C584,Merchant
,8289CCA84AADBBD3699D0EBE027C2C34,Merchant Rank 1
,469CB10849FF33892A45C3BE1579D772,Merchant Unlocked!
,B011FD3743FA0A250EB53CB979369340,Merchant: Firebomb
,0A888BF945CDEC6174DA7F857472CDED,Merchant: Holy Water
,8A7135DF41A7F0125E1D3097A55EC226,Mercury Dust
,ADE6AD6546EFC5207E44009370020BA8,Mereda
,ECC884974A8BECA52E68238639247FB5,Mereda
,8A3C1C674846FEBC2DAD0FB2E0C17592,Mesh Trace Checker
,6BB5A03848C6835274513FBCAC9BF540,Mission
,3AF96D1F47C7386603EAA1BF84A37C39,Mission Details
,4A8D34D34AB7AEE52E3CB190544EB9FE,Mission I
,14F19AD048AAA6BBEAA958AD18A9329A,Mission Name
,B080BDAB4B877D7E5FF530B4CAA73A31,Mission Name
,29DE0E874FD55AF652FCAA8BE22AD2CB,Mission Run Name Goes Here
,3316ABEC4EEF95FA8CA63CB59CDBC820,Mission Statistics
,B35C777E4338FED4F08CA88BB40E5F5F,Moonlight Oath Cuirass
,6C5D2B69498090D7F46FC48D6ED5431A,Moonlight Oath Gauntlets
,1ED1B17D4F837D9670DFDD8AA29113F5,Moonlight Oath Greaves
,9C5DD3994EE132F49576F292122A94B1,Moonlight Oath Helmet
,6D44F5264FEC2597D4BD5D89403A2EAC,More to Upgrade to Health Flask
,9D5B7E3F4B816737028D2FB385661CF5,Motion Blur Quality
,74954556450099E9644D7085363731C6,Mouse & Keyboard
,2D68C22A43B56B374C6E8188E9542166,Mouse Sensitivity
,980458F14D65DFF4BDD1FDABCDE8CE94,Mouse Sensitivity X Axis
,72901DD7455B559376A974AFA3BC38BC,Mouse Sensitivity Y Axis
,1E6A134A4E2AA8E49DCEEFAAE2BBC2D5,Mouse/Keyboard Bindings
,7FD64F95468FB0D84BEE73BF9BCCC80C,Mouse/Keyboard Tuning
,6AE2FCBF4F9432FBFB5FB1B59AF26F21,Move
,C785B36F4E96B696A8EC1FB7D2562C61,Move
,36F31A1B45B62728E10076A60F446342,Move Back
,3AF43FE94D3B950815A9A9A8C9040CE5,Move Forward
,F452468C4D732B64B8A435B67D6D7594,Move Forward
,6D79D2974A54A7DE8A2F6A8A379243B4,Move Left
,7BBB58F84C606D84BCF567A87B2C96C1,Move Left
,A29EB5FE42A8B3AAA25439BEEFBD3C7A,Move Right
,16F827B84CEBB5F8FD135AB74D6EF5AB,Movement
,19F4005E4EDE2551E84CD08E4C637E14,Movement
,213A6E264D9C200A44FF0B9EFE313497,Movement
,36D7A58B473FEFFD6E4F8B828CC9D9E8,Movement
,5AD2F7E74D58E8416709C89F8F48E344,Movement
,6320EF824BFC17A1B0F1DDB2A652217B,Movement
,7FAEEB5541C7CE59DD0F898E060C567C,Movement
,80E6098B444BD8FF41CD93A603DE602C,Movement
,8838069741E61584CE3B6BBAA1006F5C,Movement
,F24146474EA7C33F27CEA0A23E3C9FE6,Movement
,AAD778FB46A08CE643408E8E8EE23DCE,Movement Dead Zone
,D2DE084B44DE78F0F6B66ABD29676A83,Movement Sensitivity
,D8F397C447C93733896C02B351E7B384,Multiplayer
,2C73A04D42847BBD5FBFF6A27D6B3E61,Music
,094C69C2425065800CE8B5B2221516B9,Mute Local Voice
,0C1B6ECE4ADA56CD230AFF97C7712A2D,Mute Voice for All Players
,D0AD95E44A0A6C7BE7A5A5909F499052,NAME
,6A3F5A8746BD49A096C26190C287490C,NEW! AT XP RANK {0}
,E5B1202A4F0518C43CAA05AB915C2385,NEW! AT XP RANK {0}
,75FF3F7141E2649244667AA27A1C9E53,NEXUS GATE UNLOCKED
,1178B57245447CB924ACE49168417B57,NULL
,674194184D761C5C2E3E4BB97B7728D4,NULL
,C6E440744CC4D5B32C2CD18CC5FFD846,NULL
,C97C0B194A13415B6098A490F02E4D34,NULL
,9F37148440908F96928A1BA806870F39,Name Of Player
,53DEFEEB474F98B1D66DD4BDFE0DBDC4,Need
,E88E229B4718FA2F411DC680EC49071A,Need More
,EC3D1E354D0F02C0A2661789D742D2CD,Needed Exp:
,4DC6783D4BB18C836295E4B52CC165E2,New
,157AA852407D337D2282D09886664C93,New Angel : Aegis
,9514B98642A8E283B1E38B9BFE33CE11,New Angel : Sunder
,30FF0F004B1849964BE1358602A61BD2,New Character
,906185FB4DC4DC80265DC8AD2BDB8076,New Character
,E678FC8E410A279910E060A657AF8DBC,New Character
,6445B400474CA2F4484E7681BEACCE25,New Controller
,75C054F74D4B7B72724B7A86168B3633,New Game
,0BE7FFA740A1C0EB51D2C1809D5A8F22,New Route Option Unlocked
,6A5ABAEC4A0B2D8CC51EA4B2AFD03FED,New Route Option Unlocked
,6FD7FBED48788629BDB4D6BC4E8A149C,New Route Option Unlocked
,8005F5314A7C6CE9282B17A12F957109,New Route Option Unlocked
,BB4EF25743F14D04DD879BB9663C8D08,New Route Option Unlocked
,A5598CE0432E6319A53402812E56F8C2,New Supplies
,04C5498F4C5A11B5722FB9A7F5FAA84F,NewGame
,7A99B18C49A6144B93E5F0B596A682CC,NewPlayer
,CD7747064937E8E8244AACB9FF040D30,NewPlayer
,836712FA410CCAB5D74EA58BC398E273,Next Level:
,FCFC396C40A78FA674E953927163AC5E,Next Level:  
,B9EB9D3F4EBC2ABA9ECA8DA2B781E25E,Next Mission
,FACA3C80499FD4FB25A8A4A4AE0C0241,Next Tab
,E303F9324E95AEB3EE3CB29342CF5A56,Nexus Gate Objective
,B0A5D53F46735995163C72ADD7F7ED93,No
,70A8555242E2BFB643A7B39BB53661CA,No Redemptions Remaining
,B4C63E984EE40BDCD95EE9910BDAA848,No Rewards Earned
,29A3BA8A45102CBD254AE5BCE7D67572,No items to purify
,2B868D854CE2990513AF09B79037DF8A,No {Flask} found!
,43DF09B7452B5908120524926D5C93EA,None
,681D6552483C57E6137AC5A03D07D4BB,None
,7E5F344A47CDAE08603F5988ADE3803B,None
,9A1A1ECA49216337A0DE4E90D9F57CBE,None
,AB13AD914BEDADC299E5A6A6F57F20ED,None
,C8D37B554542B0FEADACEEB9C0BFCB8D,None
,D8FF1D6F4EF544F0FD1849BF75715DDB,Not Now
,DC6F95EA464B1441B07A14AC8DEDCDA8,Notification message
,77C4F2E5461E0D03566CF495FCFE40DC,OK
,1094A57F45D7E204ECE74DB27F473649,OWNED
,8F7E6CFB41FB08ABA0AC5490FFCE6033,OWNED
,F9F2D7A14C6C95BE9BBE09AECF6EC57C,OWNED
,437C158944ADB630252162912D3339C2,Oathbound Oil
,97DF15DA43F7BC17F629A799034521AE,Objectives
,696C3FE84A74FBD317E90FBB6CDEFCCC,Off
,900635B540D1B988080B7EB8E61B922C,Off
,1167C29A4106B02A9615C7A95653CAF0,Offline
,4397321D4557E765268900A1E964708E,Offline
,BDEFCB6B47661B1853BC168B68CBB32D,Okay
,6824C0624B61509B5B0E29A0DD2474D8,Omen
,24073C2C4D21DCAB1C2A19B87E8B6E79,Online
,56FF305D40BCDD222F308984E1753005,Online Privilege Check Failed
,F0A25A584CB4335BD7DD9187EC9DD853,Online Privilege Check Failed
,F2D5490A44DF1CEF667321A7C5A39E5A,Online Privilege Check Failed
,0323ED09458FD7B5494C829555B091BF,Other Reward State Text
,093A571442187E4A8F6F73835829753A,Other Reward State Text
,1ED785D14B49EB3BB4366AA2F0DA79DF,Other Reward State Text
,223129DE4ADBE71A99A8B4A4E2C71735,Other Reward State Text
,23DEE3C447FB59F52B8F8783A4C77C7D,Other Reward State Text
,2BF4261A4A9525E0684F77AD22849A22,Other Reward State Text
,2F0400994DD778B99AC238BAC605BC53,Other Reward State Text
,31A33F794442C007AFCEFB89D9AE2E5A,Other Reward State Text
,3466B48049971476D01608A69DBE2511,Other Reward State Text
,3A0D600E4F437E1B568222AC3ABD53F9,Other Reward State Text
,3A2F9E5743EE0DAB886A8DBD754ADA29,Other Reward State Text
,3CC06F32405EBD0CFBD5FC8FD8F05E37,Other Reward State Text
,3E2721074395649C76DB5A8C3646505F,Other Reward State Text
,3FA531EB4C7670FF8E59578F507E7D98,Other Reward State Text
,4112DC7F433D5656BE0FD69BF2F4A813,Other Reward State Text
,48113D974026C82228804E9352F9A5C3,Other Reward State Text
,5C21446340A97A3799ACC0B8174E5D09,Other Reward State Text
,5D23AEC346BC2A1F29D39CA387426F2C,Other Reward State Text
,6066411C4C794B7D8968E8B9A74B890F,Other Reward State Text
,61CD633B49D3DE39AF4003B51D424F0F,Other Reward State Text
,67FFF9374CE17E8B2124D8A699ABFAE7,Other Reward State Text
,6D6AD3AE43CFD0AB25EF3A8F4DAFF493,Other Reward State Text
,6ECD1CA0449C1186B71214923009C220,Other Reward State Text
,6ED5AD7640BD70608BC55F97F7B4BC75,Other Reward State Text
,74589F254E0648167225799121E3F606,Other Reward State Text
,753F7631469775A73E5D0A926661E7BE,Other Reward State Text
,7AA3029A478EB63A47C0BE994A75C187,Other Reward State Text
,7BF3E40D4F6E72063181D1BD14BD5360,Other Reward State Text
,84797F7A453A8E2AE6BCD5853D303B96,Other Reward State Text
,930F4FC044E375D849C389BCB00FBCB4,Other Reward State Text
,99D3AD954E9FB3690A191E817BB9FBDC,Other Reward State Text
,A1E4CCD641D6DBF100DC6E8761BBA767,Other Reward State Text
,A6DDC53D4E5E03939D15E7AE1D8ECF85,Other Reward State Text
,AA7FD91C429910AF576AD1B9E009A6D3,Other Reward State Text
,AC8BBD8043F5621170D08B932EA72F86,Other Reward State Text
,B7B7F50B4D6DF83EFAF7BC917AEAB4A0,Other Reward State Text
,BA706EFC42D5A2005A524CBE750CE8D6,Other Reward State Text
,BD0A535D4AC38FDD5F1FFD8B6F0C9A85,Other Reward State Text
,C05CEA38427E29A053D655AA90F279DB,Other Reward State Text
,C766C7E74206FEEDF0CD04BFED4F77D0,Other Reward State Text
,CB933BA64E978183D3C59080B5EF07BC,Other Reward State Text
,CD76B03E4751D2AA870902A7C1625DAA,Other Reward State Text
,CE097423405E59AE8BE20698C4AD29FE,Other Reward State Text
,CF64A34840076D91D067BD898832CA2D,Other Reward State Text
,D92BF64741E6F8AFA7D08FB7EB3DCFF8,Other Reward State Text
,DB596BBB4DA52B27FF780EB7532B4620,Other Reward State Text
,E58FD1D742E61698A8A5F9BA720B774A,Other Reward State Text
,E98E9F0A40685F6308F2FA996D787F20,Other Reward State Text
,FD40309E42CB4C94572DD6BFBC22DEA1,Other Reward State Text
,FDEC6C8E4AA95AD9C9AC25BF6988EA86,Other Reward State Text
,DEC7F973443F69D0D7E3F1865B00320F,Other State
,04598245469923B0424F5287A5F22AD1,Outline
,20CBF2DA4DE70DBD3208EAA28DC50334,Overall Sound Effects
,884614AD44D767C8E9BE94B4DE711BD5,Overall Volume
,048A79104BBB854197415593B803BA50,Overwrite
,8910027444CF78B2658341A97BB72029,Overwrite
,E8D0D1A04E44FF2D14EF63A91D87996E,POS
,6BB979954C0A739E090068AEF2DA94BB,Paladin
,566266714D04619F6A3B67BEEAFDA1BD,Parry
,649047E8492F12E68FBB46819F3AAECD,Parry
,6E039CB1443622DC28ABE88583493DE5,Parry
,7B7496F943ED85E245E227BF67E74892,Parry
,C904FA8C40F34ED79B44CB9197B759C9,Parry
,2E98D09C47ED763BC95E4ABB89A24E7D,Parry Duration
,C81CB53547B3F8E42D3CF59F289B7711,Parry Duration
,526C14854C5AD63E9B7FC0A1737A068A,Pendent of the Plague Available!
,9CD394A441EC80A0F744CB8F6AC52975,Percent:
,24F9C98040E8E3571CBB02A4D70A1944,Perfect Parry Duration
,C829F163477C8A03DD1E6880368361E0,Perfect Parry Duration
,8D0CA5A14D66E70914DEADAB0A217A6D,Phoenix Paladin
,849F047B41501E8A7C93EF8ED5C2E01F,Photo Mode
,973C198B46EA3CE22D9C3A8446CCCC96,Pick Up
,58F9977545F837564EB1F99041410DE4,Pick Up (Full)
,887F39D04BE3724C5231FAA8436EF569,Pick a profile to change your controller mappings. 
,668B9BCE47FC41E7523772937B543B85,Pick a profile to change your key mappings. 
,6E8307AC4702A3207812019EBEEE8D5D,Pick one item to purify
,75ECB9E24B31989D789B7CB00CDA6044,Pitch Rotation Offset
,2BD3E69A4B2BE6153E9C82A0DE3C1500,Place Quest Name Here
,9D75BCF343C2AAE1E4F80C972D009034,Placeholder
,73E63D8541E591C1DD69E9A16B781B18,Placeholder Buy Item
,0A484357400496F6153B2CAAE1A77231,Play Online
,F12AB45B4B8E83A00471C7B851E6283C,Play Online
,06E2DAAF43784628B61B068EF060DD19,Player Attributes
,0E6296424474E152793ED693D31DA215,Player Attributes
,616C4E8447D9C9883B74B38FFB12AAEE,Player Attributes
,756FD38048181C9D80902F80AFEF10EA,Player Attributes
,85E10AE14AA4A4622A705EACD29320A6,Player Attributes
,9A3929A649EFE98A5D9361A704878895,Player Attributes
,A368061A4C527E211A9C14B4FC492C54,Player Attributes
,F837880B4D3130E34E6E3A9A37F41859,Player Attributes
,1D9E6E7442AD62891B63899BA6CCCDA1,Player Name
,8F30E88346FB02AC1B7BDFAA81AC7052,Player Name
,E0174CF649002A57311E58A222F2DC1A,Player Name
,0B1FCE5942FFA777CDB98F94AB8A4E90,"Player Name Is Empty, please enter name"
,66AB3BB24449D8E1D5CF3DAE52200757,"Player Name Is Empty, please enter name"
,DEFE767848ABE38A3C8694B58EAEDB9E,"Player Name Is Empty, please enter name"
,02DFEAF743E9A876C2A230878E9ED0DB,Players Ready
,05D2337F42448915B7D212AA8EBD38CF,Players Ready
,0757CD5F4F6B5653C35A8A9A0F3D6E1C,Players Ready
,08092CB7428C1BD58CDD6CB9221E21EE,Players Ready
,09FEFF7C42FD8BA0ABA08AB46E992E90,Players Ready
,0AB7C45A418123F2A7F8BC820749964F,Players Ready
,0DBF72A54752DD4CA91075AD8B12E398,Players Ready
,143EC9B6443CB80987C42FA06FE32A47,Players Ready
,1757991B4DC611EF4F87AC9709431875,Players Ready
,21B1434549917020CFD5538837A6A582,Players Ready
,26B2EA654DEA7E60D85C87B3F2D702C7,Players Ready
,273565F646336FDEBC124CBE3759ED77,Players Ready
,2A02088C458050F78955CEABE0EC4298,Players Ready
,2BD7109649B61E03A08D839A5C03B975,Players Ready
,30D6BC8C46EFB4F55325969546691B01,Players Ready
,319AAAAF4D80F63A13C6279B334D4E96,Players Ready
,3557DE914F39CDDD51A9089873159634,Players Ready
,3F051CE44D4E414056AE53AE100D242A,Players Ready
,3F596CF94B2E3C1FE58014B13F904C07,Players Ready
,45512EB34FF3B1CFC8F650AFA061EA07,Players Ready
,456F6BC74D5C04757AABE680C94223FE,Players Ready
,4660BC824165E7C7B9B77586C465D6A3,Players Ready
,49DCAA6C4A75F1C3FA2DF9B3D38D9CF0,Players Ready
,4C6D2029462A41DD2A256E88B8B86BE8,Players Ready
,4EC75506499F8DEE38DEE898D43CA29A,Players Ready
,53F56D34411354FA13FF329249506A7E,Players Ready
,5BEFE9EE4AE75A1398CC53B85DE848F9,Players Ready
,5E7F325444B8D0C78605D9B190A91149,Players Ready
,624B9A6747DBAC933294DD957BB3D3E6,Players Ready
,62B19F3B46F3602C258A78A844501E81,Players Ready
,67D4B749491211D557EEDD9B7AD8AE83,Players Ready
,68BC8255428B4F52D49E8A8C4F418B5F,Players Ready
,69D5629B40932808AE27C183FBE04FF7,Players Ready
,6A8E96E94F79ECDB049F658A46692252,Players Ready
,73000EE54924E6979EFBD8BDBC70982F,Players Ready
,742699E34FE3A5597A15D881FA0F1A93,Players Ready
,877AED8846667F72BB189E98E6E221A8,Players Ready
,89E104B84A63BFDE28D26ABA3E608ADA,Players Ready
,8AEF921245F549D3D95E2687939DB7DD,Players Ready
,8E6748F8426B0768857DEBA4A35B15D9,Players Ready
,92BF3114432CB9F2DDFEE497DDF4FAD8,Players Ready
,9490D57F4EE0F0125BA1E9BAD9A80BCD,Players Ready
,A06A215942C24C7984588A9E8068237D,Players Ready
,A480A587440637A9BFB006878C4E56B4,Players Ready
,BDCD45964403F1F4940403A1B3D78D60,Players Ready
,C171093F4DE401D69886AEAA98DBA88C,Players Ready
,C7B1244348E9ABB96F97B99B1DCDB576,Players Ready
,D4A348E14513503BBB3930A6F3FCFD62,Players Ready
,D8D471FE4488C778218565A9292267CD,Players Ready
,DF557C0B4CCD25529B2E69BFBF987284,Players Ready
,E0BD1FCF4044A3178CF881A43BF43792,Players Ready
,F49A9C1045270CECFA9FF2AF329CE785,Players Ready
,8DC6D47C472C52A4F912FFA2F6CB5BAD,Players Ready:
,3C439BB8461C9A566FE740B3E9989B8F,Playstation®5
,ABA52CDC410537A63611FAB870CA67FF,Please Play with Controller for Best Experience
,FAFD36CA4748FCD5D27303864FFBA31A,Please re-connect your controller to continue
,FC4BAD37411C51655C629FAE5DCCE9A8,Please return to the main menu to change languages.
,1403B522492A9C62FF9C45A8BA2F6B8F,Poise
,945C1BE649E76542482EFF8A45D7AAEC,Poise
,936BB62D4877F6CCEFE94F9B75D3950C,Poisoned Throwing Knives For Sale!
,D3020B6246DD7F718821919082A94A60,Post Beta
,F11990A346C83ED57918D3922E9238E0,Post Beta
,A78E3D1545D313EA4A0B5481C4149893,Post Processing
,BB44BB3E429341F1F740D98267B0A572,Potions
,947BB4C6460C8927FD9169872AC589EC,Presets
,C1701E2146D86662C88C5EAE40992116,"Press <IA_AngelMode_UI_Only/> to activate Angel Ascension.

Angel Ascension provides heightened powers, defense, abilities, and cleanses all negative effects.

Use Angel Ascension now to vanquish enemies."
,0E91B0E947B6F7793FDD89B72BD3E713,Press <IA_AngelSense/> to activate Angel Sense and reveal hidden enemies and gate locations.
,62DB6C1D463267C7CD51C39CAD099D33,Press <IA_Attack/> for a Light Attack.
,E6CB35A04F2A2A322C5543AFF6792652,Press <IA_CycleRightHandItems/> to Swap to your 2-Handed Weapon.
,4514669749E248598E9562B1F203D93E,"Press <IA_Dodge/> to Dodge. 

Press <IA_Move/> + <IA_Dodge/> to dodge directionally while locked-on."
,39C3E4164805B3717E6F699EE92E3282,Press <IA_HealthFlask/> to use a healing flask.
,2BC97B3341AE639746EA02908C7EE17D,"Press <IA_HeavyAttack/> for a Heavy attack.

Hold <IA_HeavyAttack/> for a Heavy Charge attack."
,71DD61974DFA72BB7974AD9F72EDE340,Press <IA_Jump/> to Jump.
,F3E2BE7A48F1FCFC25EFD5AE97705620,Press <IA_Parry/> just before an attack lands to parry an enemy's attack.
,8514E3A5467FB2A008F9F098446DDE23,Press <IA_Targeting/> to Lock-On.
,6114FFB34FA24909B165D4AECF482FA9,Press Start
,66895F37473235F977DCBD8574F2446E,Press to Remap
,0D02CCC347FF66A5B14DF58882C0A32D,Press to Start
,594967804F695B8DFB0D9987078C4380,Previous Tab
,CA533E5645CCA37299DDA4B423E2AC50,Primary Hand Test
,0F006978420880CD6451D689F719DC35,Private
,B43E2A534B2A9621479E0CBE33084CC3,Privileges Check Failed
,A81FE5F44DB501C53D715EBA9D1878F6,Progress:
,4FED719E4FA87194B9D76E9260AACA3C,Prologue
,BBC85D264E14657BB689A0847E5B1572,Protanope
,4A40C6CD481A77903B9BF683427AA819,ProtoHero
,B8D53F4B42C4FCACD1D23E91462AFBC2,Public
,13DD6E934D1B9AE4C9732E9A13DCFC0A,Purchase
,184CBB034166BFE16DA3AF8781BA77B9,Purchase
,227D5A3A4B87A03E3FE732BED4DA5A25,Purchase
,3B8461574DC727D882A5D59653F46A1D,Purchase
,475EDDB94FFFD75A9AA4F28E5BA1532E,Purchase
,7740EB474EA2C03C23D626ADDE431759,Purchase
,84F5F89F4BD5C53873C4819DEC31645F,Purchase
,AA92A8BA4381715B02CCAEBCFE48E7C8,Purchase
,C263E8734942C25677286FBABBD3931A,Purchase
,DF0A3FE54B69B2EDA336CB9370A993F6,Purchase
,EC6A84404AA14346B49655B97177E862,Purchase
,B2F7F39245E788D2B78A7FAD5B6DD757,Purchase (Hold)
,423DE6414F3654FF8D91BB8D427BBF16,Purchase Boons
,C4257FC64BD35B12F3E76498730DC9A7,Purge Hellgrowths
,C43B343C47F72A5FD95405A7E91A828D,Purified Items discovered 
,2D2323F94511CE27552E3B83FA54E9A4,Purified {Display Name}
,27F9F30C4DB6D05C82ECB9AF5734E2F5,Purify 500 souls
,45E4E0E94780F35A6CFD6FBF469EF504,Purify Item
,9EEA957740B05DDB740A36863032333F,Purify Item
,AE7AC2E046C445A15AE5EDB1EC285B5E,Purify an item
,CE3BCEAD4A72DB608906E08909E291DD,Push Your Luck
,9D2A7559465025921A6C95A73CF899FB,Putrid
,4AE376524239BEF71C999FACB989B01F,Q
,3416988947360883593EB598F3528BA9,QUEST TITLE
,0FE0EEA2411C02676755C98615925711,QUICK MATCH
,EA72618A41D82E10F8AA39B4541ADB24,Quality Presets
,EFBB28A841583F086D33E483B94238D3,Quality:
,3746ADB8463663281BDE72BEC2E13FC2,Quest Item 
,227EFCA145B4499F902892B5317D0599,Quest Quest Quest Quest Quest Quest
,7E9782854C378C12EB12D9AC03F0E750,Quest Quest Quest Quest Quest Quest
,9B6DBC0F44CC8E0D26136FB5A439B1C7,Quest Quest Quest Quest Quest Quest
,A10A7B6E4FADF17864D873AC0A4A4B6A,Quest Text
,DA5A871149A8BED916C321B676503FDC,Quest Title
,2F3A60F246D6377FAE7A88A2538017E9,Quest Tracked
,F7157B1B4AC07DB0033CEB8881211DA5,"Quests are acquired from characters across Gildenarch. Interact with Gallant and select Quests to receive and advance his first quest.

Track Quests in the Quest Log tab. Quests also appear at the top-left of the HUD."
,535E42234C5E280E465FCDBF7C8F6DBC,Quick Match
,A1F6C83E48F04790EA6043A54922C541,Quick Match
,3C11E8464F17453716DE239562D12843,Quick Test A
,50E0EB6B4337C11DB465FBB24F5623A1,Quick Test B
,DC8E96084DBD182F56E47CA24CE1FDB4,Quick Test C
,68E3001646512401CD7F01AFF10CCAEE,Quit Game
,6B6F83584424253FD86F4194AD078CAD,Quit Game
,CDC6B5C74F3C55883AE2CFA1093A9C6A,Quit Game
,4A32F87443BD66C74CE8429C0235F671,Qwertz
,8BE6B7604C07CDD21342579BDE57C0C9,Qwertz Souls
,723F2CBC415E4ABDFBD8B7AD2CE07FB9,RAMSHORN KEEP
,8BABED5C409ED27CF52086A0DC359C3F,RESERVED ITEMS
,1530EE9D4F7F60C170B5708B63A67C6E,RETRY
,451FE869479A3B8D73AD56BE774A7DDA,RETRY
,1D99D7DB44B118D9DCE787AACB9ECD52,RUN SOULS
,B56D7C654C600D4CAB2AFBAD33064B11,RUN VICTORIOUS
,DD3F7D0F42FAC0732BEE8689D6B5C717,Random Item
,47C0F4B24F7B055EC0BA97BCB6092AF3,Randomize
,6309CDF344C9B72C4B817C9FB37B9928,Rank
,4611CB5D496BB88FE14FE4B86C3202A2,Rare
,FC2DE29141A0F29469548EA949634BD4,Rare
,653FD3BE4348A7C362094DA764873341,Rare  Dragon Assassin Greaves
,B15A35F148CCBBF022D546BC3BB10D0C,Rare Apostates Sword
,6DBC022747862A43DAA4C9BD246764EA,Rare Champion Sword
,B8E3F9F34600CC5D50B2B9B5DDEBC205,Rare Crimson Dragon Assassin Cuirass
,3F8258A545343B878512E1AB51038307,Rare Crimson Dragon Assassin Gauntlets
,D25891E84CDF735F587E67B5556EBCBA,Rare Crimson Dragon Assassin Helmet
,B56D89A44DC6F8FCDF0A9F89CE8319A0,Rare Moonlight Oath Cuirass
,55D511B84DE0144984169B930AD4C1D3,Rare Moonlight Oath Helmet
,C02B650742E9D3C6FD79D798A2521863,Rare Obsidian Shard
,82AB93EE4DC66A747F215E8388D51667,Rare One Handed Hammer 3
,6E932D3949CC28D6EE75A49CED263C87,Rare+ drop rate increased!
,4686E67E4273C375C919D2A3632EDF8A,Rarity or Description.
,F1CBA03E4A86CC5E187076B7F711D65C,Ratto's Diary
,0FB98A4047F521C3402C2AA33F8A9D74,Reach Level 2 to Unlock. The Blacksmith upgrades the power of your weapons and armor.
,88B121724152D8413855B5AFDDE7A6D8,Reach Level 2 to Unlock. The Merchant offers powerful consumables and rare items for sale.
,808A25F74A39D16B0AEF7E8005A28D80,Reach The City Gate
,ED49BDDE4440EC69DBDBC2A057EA9DF9,Reach The City Gate
,4960DC1649D41AF0CA8612B7EBE8A915,Really Close
,9DEE95384CFB3141518A6E8C0CE3311C,Really Far
,E206353D4941E22C7651F3805BAF3A20,Recipe
,39ED8A184B11E61866F66085585358CC,RecipeName
,73201C7D4D5EEB467C12518D3F233EE6,Red Flask
,DAC8E24C464644F8A9DE77ABC387B936,Red Obsidian
,2F33FE944182BE8ADCDC65B85AC3ABFA,Redeem
,64C23949460BAF46ABBCB8959175CC90,Redeem Your Code
,B897CB3F42B757959041FAA4D3AD8118,Redemption Failed
,98BCDCA54D62182F39F6D6A3DFC0308A,Reduces jagged edges along geometry. Higher settings smooth edges but may lower performance.
,B7F672984B6E2859CFE8318F9ADA0A6B,Refills your assistive flask.
,F3F4157A4641BADF458D918C814CA875,Refills your vial of Lunar Water.
,48856A9E4234F2A5739B51BA189355E3,Refills your vial of Sanctified Blood.
,5C3514344E6358407E8EC9B71A1C832C,Refined Herba
,CF5E8AD64BE85516CAE8D0ADF71BC574,Refined Herba
,B49382264615B0DD3A2FCBB536A12984,Refined potent herbs found within the Treveyan Highlands. Used in advanced alchemical and crafting recipes.
,3A01972E4F3EE371FE5D62A2DEA1B147,Reflections
,289C689645061C44018C0B9D5597811F,Refresh Search
,5BD6FE354E7FF0EA0AE3C1A12669222E,Reinforce Gear
,D54BAA9B4F2CD5FA8514D0A3040539A5,Relentless Momentum
,46F57978459E72D0839208BD3C8051BF,Remove Player
,F9E17FFD40B867247339EDAA478BAD67,Removes Poison
,D5F701414FAEF6CA69BAD494C7330E4D,Request: Bad Blood
,C12AF4DB41AADA82735615A710813D51,Resetting
,188551A24F8DABA82DE7E7B588B3BB4E,Resolution
,1F11AE9E438F6FBDD56721B5CD8D336E,Resolution Scale
,19AABC7140BEA000829939B94972EF43,Restock Supplies
,089F5E794FA9509A7D8D039BA1F9B8FE,Restores ammunition of your throwables.
,2623A4AD441F0F58350AF389758D6A01,Result
,9B9FDA634F9653AE35133784D3978D81,Result:
,EFA672EC46974A515B51B9B01A2B6DEC,Return To Hub
,03C741C84AC35554B4F902983E447DED,Return to Hub
,9907670A404E9AD53E984983E139FD3E,Returning to HUB
,336FE0B749C595C54984DAB52D7670C6,Revive
,3A134DE04C7ACE74D652DEBF7390B820,Revive
,5F4A534C45838BDEA1667AAD47436995,Reward description here
,313BDF134B2CBFDFFB581092C344E035,Rewards
,FAC113C14BD9935ACDE2AA917F5F5041,Rewards
,BCAB91E44E7D6A677B9B7084E4A81FD1,Rewards Earned
,7B4FCCA243D0FFB48F40338A01FE1330,Rewards Screen
,076716E24FFBA9065AA730AFDA9BEBFD,Ring of Aegis of Frost
,A2A2D7944C99F3F3139596BD897F76AA,Ring of Anointed Instruments
,23DFCFD44017DE5856DA84A36F980CD0,Ring of Brand of Judgment
,05033AFA4FC9543480BEC39DBD9DB374,Ring of Chalice of Conquest
,E35305F24ACE32EB6183D88847F3DF6E,Ring of Chalice of Conquest
,1B43626045CEF1C450619DBF951003C2,Ring of Crushing Pressure
,0745624D48325D0A5141ABB1C18C6D95,Ring of Death Ward
,C6409599467F93BF766120BCD8D9FA75,Ring of Divine Focus
,89E7ABB545B04B12627FDE82A0154821,Ring of Edicts Available!
,50D73A074F9C7DA33087CFAE3C416BF9,Ring of Embers
,F3146B934005888E9CFCB1B4FED148DF,Ring of Frugal Instruments
,2CC03F014752C8FA08893FB27DDD6974,Ring of Great Branding
,225323D244593CB129A9378773AAF2F0,Ring of Guard of Grace
,9CA3876744D21E4B50E7AC9D28DB79A3,Ring of Heavenfire Burst
,EF3B3B544CE607FA168C298AB1A2583D,Ring of Hunter's Strike
,187A538A4492DA3EA9FA30BCCDA6A2F8,Ring of Last Light
,B9FB4EAE4C3C86E7ABA568894C23BB8D,Ring of Longshot Doctrine
,00EC1A28490968A6318810A716B99B3B,Ring of Many Available!
,AF291EB84DC19DC608B1AE91FEE1F5F1,Ring of Momentum Charge
,BFEF3B7542EC17E9D459798ACC523751,Ring of Oathbound Arts
,84F371A74242C2C961BBF39C2163FC18,Ring of Scorching Verdict
,B667900A4171693728DE0FB04EF2904B,Ring of Scorching Verdict
,72C1044D4D9537F5D4B67E8B7C7CA692,Ring of Seal of Flame
,BF3DAFDD4C51CBE6C46D3F9ED7B0982B,Ring of Seals
,6FED37E94ED44AA61C00CA961DB77097,Ring of Smite the Fallen
,E58A6B4C4C3F2E3EE785BF94371794FB,Ring of Sword
,396899524708FB90E5D2238302EFB369,Ring of Time Warp
,ECDBE1E54D45DD696BF8F8AB2789B663,Ring of Verdicts Available!
,930F4FB84E8A0E9E057129A06D5013C9,Ring of Zealot's Pace
,DD26740742FF5035AD58A197EB534F63,Ring of the Crimson Oath
,BC931FFA4BCECE6931E763ABECBE0DEF,Ring of the Flamebearer
,F4C246794E16E998D435668B9BFD083E,Ring of the Frostwall
,E53BB7E64D245A17A2FC93BDCB518371,Ring of the Haedrik Knight
,FE4EC7B74B29A5BA04025E84EE023827,Ring of the Heart Hunter
,BB1714B0455873984164A5A28C64887C,Ring of the Phoenix Paladin
,91A11A5F43A3F9B6139334A5E8300B09,Ring of the Scourge Available!
,AC454CD3497F710E7B9A77AC414E86D1,Ritual
,F051A9DB43F9973F148066B054B61367,Ritual
,FB5F60B044EF901EB28DEA909F6684A7,Ritual Coin
,26ACCA3A4CC5AA1DAFE0398B8F8E3377,Roguelite
,9D806F704668B0CD72E7EABA1100C24A,Roguelite
,DB2E26D5481A48FFDF849CA298E765DC,Roguelite
,7A8FE0AC465C951F1069C4B3C87E5B79,Rotkin's Thorn Unlocked!
,882306B94E1F899E495EDA9D5063F280,Rotkin's Thorn Unlocked!
,7708E9234E28993920A5249A90233866,Run Active
,999808E2459932335E9180AE23E44C0D,Run Is Not Active
,FD8FC6C84D14BE03FAC814BA2F6ADD58,Run Not Active
,259555EE47210D4972262A95449D9ACE,Run Souls
,49D032F44C1489FE88C4449EDE63D8AE,Run XP
,50CAF46343F26E187B389791148FD8A6,Rune
,27E920044FEA0A1DE7DAEC964113BB7D,Runes
,787F01E14581B77411B02D8282FE0B26,SOULS
,9C153AC344721D9B341C269D46081414,SOULS LOST
,84ACCD1E48576921DD1B55A7ADA4A56B,SS
,1149F8D0425199F3EC9E53A9B22AE054,SUBMIT
,C5831E514A3C571B2686AC89C54549E6,SUBMIT
,F10CDE204B19137445468D90DF091323,Sacred Ash
,FF8AEE524D62DC7132169C8488633739,Sample Text
,4CE6C43A4959A703BD34C6BBC04C336B,Sanguine Slice Ring Available!
,C43EEE2643B986AF2868BF8483E4374D,Sanguine Slice Ring Available!
,4C715EB14F128385ACF2B895F5C15360,Save Slot {slot}
,7397BF3345FC6DB7F4156996CA5D064C,Save Slot {slot}
,9ACA2CAB478D77458100D883F84E5A37,Scavenged Items
,3AAAC6EE4F7053139F6EEBBBD05F81A4,Scirax Unlocked!
,E9E6C93E4E2D62D7821E46BD93E1B75E,Scirax Unlocked!
,7459550D4E526FFF4F9888B9F9EED96D,Score
,DBAC5528409D0216BBF561B218758A85,Scraps
,B727DBAA41D2D1D2A9753F824FE616F9,Scraps of old weapons may be melted down and used to renew the fight.
,4719EE7D413B847A8FB9518AE649CC6D,Scroll
,60AE17AB449EDCF2F088C19330E392D4,Scroll
,A47B427B482C73406EF52FB8EA97A4E0,Scroll
,4783BCE847CEA709043567B976F40EB1,Searching for session
,67D44CE54B2A59740930B088F08EE53B,Sed hendrerit tempus suscipit. Fusce.
,4737427E4631A609C25FF5B20B74707A,Seed aka Trials
,760DDFDB49AF21C9EF74DD92E263EDA2,Select
,E19EF7A84A996705E5CC2E98448EB2C9,Select
,DB5067AA4A2697D390F76D94DF17F319,Select Class
,1DB8FF634FF9267F8204C18ABF51368A,Select Difficulty
,7E66EC6D4825E59A8C78CAA215C4A8EC,Select Run
,9E56ADEB4B86BA63EA5DDDBB2CBDC0B0,Select Run
,710A838A4AF77692A7EDA5AD4400B84B,Select Run Difficulty
,91ED1D9F4504C779A22F4BA0E9CAED8E,Select a mission from the War Table first to open the gate.
,2633CCB44B9319175EA99AA945F90FCB,Select the controller type to use with the game.
,54F446DE43EEA9E00A8307BD39DD403F,Select the desired Low Latency Mode.
,5CD70F8E486A4BD1F03B5E9DB70D4E73,Select the desired frame generator level.
,08C80D8643CD93BF008CA7B10AF05AA9,Select the desired frame generator.
,825EF72346A74C76476B8E8B965E6A25,Select the desired low latency level.
,A99AF6C845BB5B4FDABDB59734AD8F48,Select the desired upscaler Quality Mode.
,C43197AB462199DC143DFE956F8C64CA,Select the desired upscaler.
,5A766FFA4E3B80E778198EAEA00D90A5,Select the language of the text in the game.
,809BD8094B36C46086D75AB64A862583,Selected Run Name
,5F18CC8A4365550211EA759430194494,Sell Herba
,603216DF4AD471087EF83DB0290E3E28,Sending a party invitation to this player.
,844466404AB7CB03BF1F92ABF4638341,Sending an friend request to this player.
,0DF68C3C4D1E599A7BB394B5EA7104B5,Sensor Height
,503B4B1542E149DE21DFE1A45856B034,Sensor Width
,A3B6FC2D469E537CE5F259855E1AF4E4,Session Full
,19164B1D437F0D0D729B2ABC6598D0CA,Session Search
,7EB3BF18419E3DA8CD307A920F636230,Session was not found.  Now Hosting
,009F08F04661D7C85F07E7B859E81C86,Sesson Create
,D39792C24D474976E268229B9F558448,Sesson Create
,E99DEFA94544EF4A27CC2FB233C747C6,Set II
,0710D3184196D89ADAFB36800B6A3BD4,Set display resolution. Affects window size in Windowed mode and output in Fullscreen. Some resolutions may show black bars.
,002AC6544DDA2A7F33BAF9B4A6CEADCC,Set other players in multiplayer to muted by default. You can override this per player when playing together.
,E98B2A284B6D98365CEF788144199CBB,Set the dead zone to prevent accidental movement.
,073D6AB44FC03064C936A89EA2D9FC29,Set the dead zone to prevent unintended camera/player movement.
,CB9803EC4D52D6B5530FBABA297AE1E2,Sets the resolution at which objects render. Lower values boost performance but reduce clarity.
,937271514B63C152EBFBF5B6870FDE2C,Sets the resolution of in-game textures. Higher settings improve detail but can reduce performance.
,24EDDAF14176C5C5B3D56B9734C71A26,Settings
,C73D81FD40AD15A4C0FA09B16287C212,Settings
,54F7C8EF427B978F0EB9239D253E2963,Settings Changed
,94CEE43543B77888E34F8689CA562F2C,Settings Changed
,F88FBB6F4DCE5F23E51A1DBBCA03DDC2,Settings Changed
,EE896A2E4C583B33ACBCCB932A842509,Shadows
,CA5E783246F05E39E91B9F83C926A14C,Show Subtitles
,27C1D72E4C668FF7CF6E158B8F815CF5,Side Quests
,7C87B1A04E9ABE885DBED18AD6F3507E,Side Quests
,8A40C3E840807EB147BF2E948E0C1DB3,Side Quests
,3F6F0F144392237334E623878A97875C,Skeleton Key
,0144E9F64F6519FA3505FCA9FB02FA40,Skip
,5184B6304E2F0B0A914D168FEDCB6754,Skip
,B10B551E44EAD3B9A72629818587FA42,Skip Cinematic awdj oajwdo i
,FEA8B4F040426B9A2C53A98FD0BA0745,Skip Dialogue
,8F0B7B134F70037FBBDDC09E5DA64491,Skip Transition
,6078B9004A03E7A61381598DD826B31D,Slashing
,F0DFB5A54A694AA4D9E59EBFA1E7E5E7,Slect
,793F8D1740ADAD781E13669E7E96C6A7,Slot into {EquipmentName}
,24805A52425D3066AE97FD9014D5D9AD,Smaller
,DE03F91F46B04CCE764609A11CF2BD0E,Smaller
,153B8C8A474BC1AF7638F28413F2CC57,Smallest
,E43EADFD453BCA4D22530096A966193C,Smallest
,1483D6854D7B9E376566B7B1AD78D392,Smoldering
,9FCA24194DF53BC784A87CA67A0DE78A,Smoldering Calcified Anima
,498129EC415D9A02ACCBEF914CF5E529,Soldier
,880EF38E40F3E84FF8B1CEB250560DCE,Solid
,FDFDA5A64CDF0736593C359F60D704AC,Solo
,8D8C8E264FCBF30476F5B2854A7C7034,Some enemies block! Dodge to find an opening for damage.
,1B7531B54A1BBFAEDBABF8B5D0382D45,"Some enemy attacks can be dodged-through, if you dodge at the right time. Learn enemy patterns and dodge timing."
,C55833C24A53C098A85DBA82E13A892D,Sort : 
,F9D7427A4821241B77240EAF601C1D5F,Sort:
,F82CBB1448732F9CC61F799659117783,Soul Drain
,0C290B754137C6CDDFC82D944ECB63AB,Soul cost: {1}
,C162798E4F65FA20DE42FBBFE9CAB77F,Soul cost: {1}
,2D5F725A48555E618BFC718BC41334BF,Souls
,7A06B473440DF8465D94F4B2EBD1D04C,Souls
,F9BCEE1A4B85C7139CF3B393F35C10D8,Souls
,479E1CF34EC5A0B390CB6686CE2D7ED5,Southern Ward
,CC4468484FAF9B530FBE968A8A96B906,Special Additions
,F0868B3A4D4782BD45510A905F04622C,Spend
,FDD9C8EA48024BD2F0EC8E8BF4A646B4,Spend
,96DE3734469C28F3D50E16B99E0841E3,"Spend Gold to upgrade the base Quality of an item in your collection, giving it increased power and capability permanently."
,4FA4AB0847064B1129530BB67034D616,Sprint
,CC94143344D7175403A4DC8272E22AEB,Sprint
,D6E5F084466DE3F6FFE7A98D541199D7,Sprint
,4348A8F8419A0A40CA126DB2521CD66B,Sprint Attacks deal +20% Damage
,69ADDC0A4DCBE9AA2D9B308FCA9E8D64,Stamina
,6E5F8E5D4F4A5708462A34A848CC131B,Stamina
,C71A677B441F206A039294B03EC8A1CF,Stamina
,D5E1577640B696A964FB08887468A143,Stamina
,F25246664DB0C99B32FB028F81B68784,Stamina
,2715BFBE40E6C17CDBC5B99307D5C476,Stamina Cost
,32B1C0B343E86D70EE2A2887714ECA28,Stamina Cost
,A3741DBD42511687D1B340B54143176E,"Stand in Boon Sigils to acquire Boons, that give bonus effects that last through the run.

Boons can also come from weapons and equipment, leading to powerful synergistic combinations. Each Boon is a critical choice in your quest to save Gildenarch."
,706470364DA3F9C68C18B98A8B2D940D,Standard
,AA47368942982B282FBB63BB23B5422C,Start A New Run At The War Table
,10A6EFFB4F54712EA966C4BFFCA3D37C,Start Offline Game
,47D7590D437B36C3BB5A138766E665E6,Start Offline Game
,8058F21F4ECCBC7E2AA7F38BC84CFE14,Start Offline Game
,AFE3A3FE42B0EDB0DCF29F97F2B118BB,Start Offline Game
,BC464F9E4E9427352C51658C3F275BA7,Start Offline Game
,D4E5EF614993939FBBEE0A86A86881F5,Start Offline Game
,2CBB84FE4F4A1CA7CD6B5EB88D89E3C3,Start Online Game
,6BF4FA1A41E327A4DEFC94A707B7194D,Start Online Game
,9A081D9642EE1E8448D28CA9B33562C5,Start Online Game
,E7B61CEC470A18438979DEBB846DD4EF,Starting Lives +1
,3ADBD66C4D10163425AA04A073B6DC21,Starting Lives +2
,4378E2F14C92FB817AE3C682338AA5CA,Starting Lives +3
,46A1F6D34F167DA8BD8F109D36204B02,Starting Lives +3
,96136F1649EB26965E9F09B24C7E5A3F,Starting Lives +3
,9994D2A74292ECDE774708A92A1D7586,Starting Lives +3
,B9605AF24C708224935037A73C24CBC8,Starting Lives +3
,CA81B006408B92549F7AC1BF2A83CF30,Starting Lives +4
,F626E0CD45B5C590CC189D99AFB4955D,StatName
,4B5BDAFF436F218994BB3DB7AF10AADD,Status Flask Refill
,8E3D65FC43B2FFD73B84B2BDCD452039,StatusName
,ED897BCE4FE602EE599FE1A366670448,Store extra items in your bag slots to be purified at end of missions. More slots are unlocked by leveling up.
,1B4F0AFD4D0B41B1DF4E8B833B18DC36,Strength
,A5BA8157495D332124F182BCA596AA69,Strength
,B424141146EB56B9A067D489E61C923F,Strength
,EC1695724D99234C59EFDD976E441FDF,Strength
,8BEF67A741AD205CC97E85A30A8BFFE9,Sub Text
,C233B2AD4F2128B23E7F20A808CC09AA,Sub Text
,2F5B4D39422D5BD488B2D7BAE7E8E2F3,Subtitles
,6202DF43415BBAA55D685696CD1FC2E7,Subtitles Text Size
,43FBB33E48CBB7920D490D880FBDF1BC,Summary
,047E30524162E62CAC90D084846A1925,Sunder Angel Unlocked
,ECE552534A6C214EB47AD29BEAC58E17,Sunder Angel Unlocked!
,6E1F26C74F2D00825ED4CCB53E11CA55,Survive Waves: 
,EF4E054F43F22D66496CF58B33EB1320,Survive the Ambush:
,4B16B11140725DB2D1D3A5979B932316,Swap Weapon
,6095A4734CA2FBA80C6693A6A30DC570,Swap Weapon
,8B918D0F4F41F85097D80BB54B881AD7,Swap Weapon
,FEE4E0254D5FD883B60E9DB30AC64D1C,Swap Weapon
,91CC0D5F4562EEEBBFE84CADA6DA7794,Synchronizes the game's frame rate with your monitor to reduce screen tearing. May slightly affect input response and performance.
,5A727A4D4FEE99A7B6264EA2B50CBD0D,System Default
,FA56138E49271711996C1DB474669055,System Default
,20426C374F7F233102DFC48AC1414941,"TELEPORT FAILED, DOING SET LOCATION"
,ADB2F6F849CA225CD57BFA8B642C0B36,TEXT BLOCK
,1F1BF5584248E00E36E8018B9A11B2BB,TRUE DEATH
,348EDECE4BF7C5B996DEC39DC5BF1775,"Take Bounty Quests from Gallant to earn bonus XP, gold, and rewards."
,A58CD9F14BAE2274653169AD36FD9003,Talk
,CDCF0BF548E9E1754703B8A01AA9EEEB,Target Arm Length
,00B6B8F041FC66C3F0BC6389E61F3326,Target Lag Speed
,DED7FA094F44D3596000BE928276833E,Target Y Value
,49114D5A45B4B9C7729801A5B8D0FD73,Target Z Value
,93F0EE44466309FF31A75DBFC2B40936,Targeting
,ECEBBFF24B7D367300072CB98FB47EFB,Targeting
,F9A9817E44B71A0B23CB6A9B12FDEAE0,Targeting
,5D4FBD4F4841707BDC6621823E5DDD55,Tarnished Wooden Shield
,478A73804DC29499C068E0B21904F19E,Teardrop of Mercy Available!
,E0C665B243932612764E7197F734AB2D,Test A
,5B006F2F49D4F5FEECD0C88FDA73C92F,Test B
,BE305A554E46DACD9DF350BF26DEFE9C,Test B
,AC204F4343451F20C30BE898ECA12A87,Test C
,B54A937E41648A0F09B529BBE4ADB0FB,Test C
,21C6E6B548D47DEDA53E3DA7704B0007,Test Section A
,F46743264306839430FAFB9E595FF0E9,Test Section A
,F562FF1F42DF40D4A32C9993ACF70C90,Test Section B
,B9BAEE0D4EF70D2D2F065A9F31E97BBD,Testing Omen
,04023B7141F2ADA8008450BFEB9CA342,Text
,0F1F05B045678C37F59660B049598791,Text
,1C2CC83E47B3FDDA2D43F29960E15325,Text
,7571AC4A464CCA3B9EC9CB8148201CBB,Text
,8E25E80648D5D1E91585398FCFC58BC5,Text
,80844D964BDFB9B8545EE1ADF4B2A69A,Text Block
,C6BD3A47487271C65FB419962B498AA0,Text Block
,D9DDB104401A9787785BA89AE4A50252,Text Block
,19F19739480A8EDF337709881527E665,Text Block LONG LONG TEXT TO SEE CLIPPING
,022CF24E4C08465B7765AC85742DA1E8,Text Color
,91BAC0F843C17E4615533A933F198774,TextBlock
,C3C4CADA431022BB6E6619B28EA1F76D,TextBlock
,007682014DB589D6269071809A633977,Texture Resolution
,3A8709CB4001AB5AC478CD842B032CA9,The Blacksmith
,C608BA3243C5E598AA3423A03D63AF2A,"The Gold you find in missions persist across runs.

Souls from kills, however, are lost on true death.. 

Look to spend your Souls to help you gain power for your current run. Use your gold for long term, permanent power upgrades."
,175609D14F096E865CD3279F1B730452,"The Shepherds have returned with another haul of cattle from the surface. In accordance with our instructions from Lord Felwil, we’ll separate healthy adult males from those who can be fodder for the Hellgrowth.

 The men will be carefully vetted to determine their ability to withstand the Growth Hormone derived from the new strain of Infernal Flora.

It is expected that at least 7 out of the first 10 will die, the surviving 3 will move on to the next round of hormones. Should any perish, we are instructed to scavenge the limbs that have achieved the most growth.

It is not expected that one male will survive every round of injections; rather, the orders inform us to expect upwards of 29 healthy adult males to create the construct; the fewer, the better for efficiency's sake.

Should this Iconostein, Felwil calls “Behemoth,” be successful, we are to report our success to him for the next phase of the project."
,271F77E84FF25D9C56E162B7B31B12FD,"The Shepherds have returned with another haul of cattle from the surface. In accordance with our instructions from Lord Felwil, we’ll separate healthy adult males from those who can be fodder for the Hellgrowth.

 The men will be carefully vetted to determine their ability to withstand the Growth Hormone derived from the new strain of Infernal Flora.

It is expected that at least 7 out of the first 10 will die, the surviving 3 will move on to the next round of hormones. Should any perish, we are instructed to scavenge the limbs that have achieved the most growth.

It is not expected that one male will survive every round of injections; rather, the orders inform us to expect upwards of 29 healthy adult males to create the construct; the fewer, the better for efficiency's sake.

Should this Iconostein, Felwil calls “Behemoth,” be successful, we are to report our success to him for the next phase of the project."
,A12386B9458DF14CFA8F79A56F87AE1C,"The Spire blast has severely weakened your Nephilim powers.

You now have limited lives. Reach 0 lives and you will lose unsaved progress and revive in the Sanctus Clypeus."
,47ADA33A4A81D9532E81F5988C958472,The Wards
,D55CD41B49B77FAD8664C2B5FCF976F9,The art of the kill can be applied to a weapon with this resource.
,EEAB08EC40CBBF2495F344BB0605D23C,"The cherished life essence of angels who trace their lineage to the almighty Divine. The Angelae, the first spawn of the New God, are inextricably linked with creation."
,5B328F6546C67307FB2EDA857259396D,"The crystalized essence of a perished angel, sought after by demons to ascend their consciousness. Can be consumed by Nephilim to charge their own Angelic Grace."
,69979BF640C0E4E859B39DAB99F7EC69,"The dust of mortal bones, useful to the keen eye as an invaluable ingredient in Alchemy. Can be used in crafting."
,E156AE2747B5601CD75E3D9243AB827E,"The soul is irreducible, but by this currency it's scope may be expanded."
,DFE2369D4741956A00FA44969227FE17,These scraps of ancient coinage may pass enchantments on to weapons and armor.
,E153D843447ECB03FB11C38C7BA0035D,This is a long message text that doesn't fully fit
,0071F8A34339DF396D924EA0E6BE04EB,"This is the Library. Here you'll be able review found lore and unlock additional quests from Mereda.

Mereda will be vital in helping you uncover the mysterious events that precipitated the demonic invasion in Gildenarch, should you be interested."
,5A28E9D246523E7C041261B2E06BAB4C,This is the description of what a boon does when selected.
,6E2432DA44EC717596548F8AA10C7953,This will end your run. Are you sure?
,B3788B1C40E6BF0EAA569BA7A57EA65A,This will increase area difficulty!
,6C1B029041E674B2C978B28E924D4315,Thorns
,75CDFFD043993B49690259B63191EF7B,Throwable
,9A3348E5481AD497FB148BBD5C5F55DF,Throwable Ammunition
,3F65851F48C1041D29112882EF683364,Throwing Knife
,69954ECF416C87B279CFA5B89482640F,Throwing Knives
,8425632244EF7EA888DB5BA132FAA437,Time Remaining
,7039CDFF486297EF5914409F4FBB4349,Tin Coins
,03E0A379448A07534543278332DFECDC,Title
,0688BB4D46826F7133A6EFA85E5EF933,Title
,5CB5689D4C0D3233E1C1DBBA65B95355,Title
,8C0B1FBF431380094978DAB830EC8E39,To Next:
,66849B73442268F40CD21AA262BDB3F6,To Next:  
,C403EF0B401D93A7CFE7B2B47CDB9CB0,To Upgrade Health Flask to
,45CF60BA4C1608961D0448BA2D3E7DC9,Toggle whether the game should remain audible when not in focus.
,F17E69824319869EFA324B9B7AEFE3FA,Toggles the descriptive text shown alongside interaction button prompts.
,2C69C11745C3FA0FC8AB448C4AF453BC,Tome
,160B723547B6FA4309F2F5A0AC3B9ED6,Torc of Suffering Available!
,EDD078574A38DAA8662FB180BF5BDF4B,Touchpad Pressed
,AD2AB76F45ADD8B02193A287AA5D46A5,Track
,768CBE064F3A3AABC91DF7A2BDEBE6C0,Transmuted obsidian used in various alchemical and crafting recipes.
,E57EE3F142798721E20A7097F9996088,Trinket Sample
,121321FF46A87ABFAF64E48560E34D4E,Trinket Slot 2
,7D7238C44A00369FED8245915698E993,Trinket Slot 2 Unlocked!
,7BC0D7B74EF2A761033238AAE83E24D6,Tritanope
,5B7BFFA645832EAF00F727B2E6E0A798,Trophies
,331B29A9415A160A6C5B348250ED5172,True death has a cost: you lose all run progress and lose all of your Souls.
,806C4B734584E70200CDDEAE1BFA5E55,Turn subtitles on/off.
,2F9641D54BA935CD0566A786528E7999,Tutorial
,5261B17D4909D389C06D3C8383914523,UI Back
,76DE1F66436F35433BF06EA7639D05C6,UI Debug
,49A14D23493845E8CE68D4AE13374C08,UI Sound Effects
,AE95278D4F50B3DAD096E28B9E47A8D3,UI Text Scale
,25ADCA6144DEBF65B7CCC2A1467C3EA8,UnBlock Player
,21B4589140677C3A56271B9DBA3B25D9,Unable to complete request.
,B3BBE5B7424AEF0F2A5438A575EC18EC,Unavailable
,66EDD6E2439B91AA334586ABBE06936C,Uncommon
,8E8EA6DA47B0BBB280D3D4A054BE739A,Uncommon Hammer 03
,610079BC4BF59C8390B135B612EC44A6,Uncommon Moonlight Oath Cuirass
,55AA35A047BF1525978883B2B58E1542,Uncommon Moonlight Oath Gauntlets
,8E4BB5AF4719D28D9CB000AC86D5EEFE,Uncommon Moonlight Oath Greaves
,1B030EDD4E4B0621B561D29646F8AE7F,Uncommon Moonlight Oath Helmet
,332F3EC44EA72C301405938A6F4B6738,Uncommon Obsidian Shard
,3FA3BB794E05427600C6A6A27B4D167F,Uncommon One Handed Axe
,0BC25B244AA6A2DB38D8D18634C88E76,Uncommon Wooden Shield
,3EC7D94941BF005E25F12EBD80074B0D,Uncommon+ drop rate increased!
,1A7EA97549EC9D75CC9783B29B4C7209,Unequip
,45E507004C78BE999FC263988AC5340B,Unequip
,E0515696474D31A701925994EBA2B872,Unequip
,4E1F06EF48F70FE96407809203C8011A,Unfriend
,3793ACD542FA8079DEE11B9473E8D153,Unhallowed Ash
,30812C6341F3A62DBF61B58E03478A4F,Unknown Location
,CF2198F7429B62C19051B39CA0CB674A,Unlimited
,739985AC4C44839F36C8518191BB9891,Unlock Item Text
,39F995CC4759B7F4D9EA2EBBF918213F,"Unlock new Difficulty Levels by completing missions at lower ones.

Higher Difficulty brings more Elites, provides higher quality loot and greater XP."
,1EF97A6B4B918EFD4CEC7C8C7B69D337,Unlockable description text
,4147B14044D527B607CEFB8D9E502176,Unlocked At Rank: {0}
,A5A08E4241B9AEF0F6F64CB41FCCC75E,Unlocked: Blacksmith Items - Lvl 10
,64E8367C4A52EAA3670AB9867806C817,Unlocked: Blacksmith Items - Lvl 3
,666E1CA74FF5E569908617B34CA89F5A,Unlocked: Blacksmith Items - Lvl 4
,200A8C3448C8929FE3928DAAC51C07B9,Unlocked: Blacksmith Items - Lvl 6
,62A5735C4E0560EB78DEEFB5C04E1D0C,Unlocked: Blacksmith Items - Lvl 7
,A9C60CE04F223D58D40C75942F404D1F,Unlocked: Blacksmith Items - Lvl 8
,0525749F47BC10AFC34A1AB3D9196053,Unlocked: Blacksmith Items - Lvl 9
,4627569842199916C2FC2FBBA92388F8,Unlocked: Bounty Quests - Lvl 2
,2DD9D3864739E54DCA39B49D805FA77A,Unlocked: Bounty Quests - Lvl 3
,78ACCA4E470718C0E1107DBE041BB5AA,Unlocked: Merchant Items - Lvl 2
,242C6A074D3E944BCFA9CBB43B040C7A,Unlocked: Merchant Items - Lvl 3
,82354E874DA728F00DA15F80AD4C39CD,Unlocked: Merchant Items - Lvl 4
,D46E657C4AA6658624A704B528B8CBFB,Unlocked: Merchant Items - Lvl 5
,725E36804436A1115B14199020C90DDF,Unlocked: Merchant Items - Lvl 6
,742819E44F363134D2912DBC956B0EED,Unlocked: Merchant Items - Lvl 7
,26923BDA45EB37B915AEDE8B09ADDB3F,Unlocked: Merchant Items - Lvl 9
,64F08FF94D3619567670D7A089AC2221,Unlocked: New Librarian Items
,871C8ED1492B6C8455906F89DF7399C0,Unlocked: New Librarian Items
,D88CC55C4259A78F562449BAE039DDEB,Unlocked: New Librarian Items
,16CAAD01408961551457868E05A76DC9,Unlocks at Level 2
,AB472FCC499010D3C807F8B676BF809B,Unlocks at Level 2
,9C23E334469D80509A38A480350AAA0A,Unlocks at Level 3
,164D795A4B5295461D3FEE80957AC03B,Unlocks at Level 4
,A6F8BC6846BC2A812B31F187EFE1824B,Unlocks from Quest
,1509B2B24C715C34D9D7C89B403068CF,Unmapped
,CA4B24584110F2C89EC935A51D712E20,Update Global Scaling Table
,F6045F154C9CB80800B0B2A502D812C3,Upscaler
,E7A5570844E41135F7757DA3A1B95C8F,Upscaler Quality Mode
,A2333B0F46B62B9758830485718352B5,Upscaler Sharpness
,95DF770F48C0B6E409BF80B4B728F653,"Use <IA_Move/> to Move.
Use <IA_Look_UI_Only/> to Look."
,9E785FA240495203E300FB908E7CB7CB,Use Consumable
,927719D94187EC104C1B3E98ABC73856,Use the Loadout to select saved armor sets and change Angel Forms before your first mission of a run. 
,4847F8AD4A509A62C95A3BB763826D62,User Interface
,C8974849461F39BD6FBDE696E7127A47,UserText
,0F2A23F84A0703F0A20D0489CA5D6730,V
,A93007BB4387BC19BE78E99A3C3B0094,V
,4A12F7DD4C09D3972BCFBAA1692B0671,VALUE
,D359323D469CCB11390A719398630DDA,Valahk's Broken Sword
,F518B372460B1F9913A1EE880F1D97B1,Vampire Mana Steal
,DF6A2314440EC61CFC0A209ADF7C97A5,Vampirism
,C34626894DE1F3681C274B88C2B9AC2C,"Variant Enemies begin to appear over time that apply Status Effects and use additional attacks.

Elite enemies have increased damage and health and need to be executed."
,044476EA41698BA1DCC3218342E7A70E,Verbals Browser
,C25D918F485CD39ADB1AA0A72D57B243,Vertical Sync
,C5EB9FDB46EF86248A2AF8AE57C65C6A,View
,E0D7A9D84A6BBFDD4676D68E61A305DD,View leaderboard performance here in the Hall of Valor.
,B9AAB81F4232BCD19116D1B010E1601B,View the content warning displayed when the game was first launched.
,8EEA568E44E32AEDA322F78E32C0A187,"Visit the Librarian to view Lore Scrolls, unlock boon rewards, and select extra Boons during runs."
,0E4AC34F45017034A8ABD3B09EF35B08,"Visit the Merchant to buy Items, unlock new consumables, and refill your stocks."
,469BBE9347ECC802166885A990DD2E29,Visual Effects
,CD60CAA3440E37657B756483E4171C10,Vitality
,FBBAABDE4A00480422EA878201D98D55,Vitality
,83B38F914A574CC934C619AA9087F06A,Voice Chat
,5219F61143F8809B3C17339658B63400,Voice Chat Volume
,D1DD5FCF436356B85753D1A1E89C2B08,Voiceover / Dialogue
,5B167F6944662F31893ECABBD986069F,Volume
,F5279C844D766CBB8903AFAC8A8E0765,WAITING FOR HOST
,65F59D274588918953548687C737A751,WALL TOWER
,8DCA56F54491FA1D96717DB29E54D644,Waiting On Host
,F85099E54C40D7536F4522BCDB5B0930,Waiting On Host
,BB94CBC24B54FC7179375CA3B9589BE1,Wall Breaker
,0F82D544409A2AC24F1AB0AB282D8F79,War Table
,250B37D1499D81BEB0F7FDBFD9C185A6,War Table
,736542CC47E35F4D078900B218578D6F,War Table
,829CAF5B43DD40F68534AEA50DBBEF56,War Table
,8A03D81F4852851A4353B0B2AA727920,War Table
,8E6D04A54A63B7106B78B29EA190E477,War Table
,AE0661754CFDF50FA30617AAD33DAA1C,War Table
,AECC93F64C19C8D0892261A442D6A616,War Table
,E1FA2AF744B4E6C1B47F3E8779D6FC8F,War Table Unlocked
,1062C94940EF685A15E715AB0ACEC8EE,Ward 1
,F20D630443C48A5CC7D5B0BC28C18084,Ward 2
,289F82D44E41B44520D28CBB3D000EE3,Ward 3
,A0CD91E246532D4DA2A6BEB457C0498F,Ward 4
,755D81314D545CCC07B8BE9F4E57E84B,Ward Complete
,64F9251D4B707E5515EF76A8874ECEB9,Wards
,8858B3BB4E5567444B5D78B4A61465BD,Wards
,BCBCD8444111D78DE1D5079BF359EDA3,Warning
,B582A26C457939FEB8678D83BA7F6F27,Wartable
,F9AEC9F04A7518AE9E21C6B83BDF337A,Weapon Art 1
,450AB92A4225FFC54D4400A4155505B4,Weapon Art 1 
,3A6C80D843419FCD477EDCA54086A2B6,Weapon Art 1 + Y
,59FF3E41483A743AF0D30B99228559EE,Weapon Art 2
,9C46093C404FED5DDF7791B2E2070B92,Weapon Art 2
,A90FC2274A2BFA2ACBE80CAECE2DE0C0,Weapon Art 2
,C5A75F314877CED47B5E79AC014CFF33,Weapon Art 2
,7AEA045D4365AD2DE4471BB652B46E5E,Weapon Art 2 + X
,D4039CA7433ED79F2DB9DDBABE1682D4,Weapon Art 2 + Y
,7B95EB5C46A01F5108ADE1857CCDF873,Weapon Art Hold
,8286D2E54AB1BE9A35318F92994F3EE9,Weapon Art Name
,86D40A17499F629AA88813A1727C7F96,Weapon Art Name Goes Here
,1766859B4A94261E1BB3EFBFAF86627F,Weapon Art Release
,0614070A4C4195586DACC0BEAF116A2F,Weapon Art Scraps
,A29D38944BBC977C8F818E81E9010CFB,Weapon Arts
,E69B783E405094E8DAA91BB4D9184BB1,Weapon Scraps
,0E1015FB47E77173EAF8F7A067DAFE6B,"Weapon severely contaminated with infernal taint, ill advised to wield for long periods unless cleansed."
,97F1B02C487ADCB7929A989C2B293925,Weight
,F6F39B67400901C3844344BE8E0C3B83,"Welcome to our Art Experience. 

While we are still early, this is a quality, performance, style, and feature exploration.
  
Gameplay and combat are not the focus of this, so please expect performance to be variable."
,8E4592B140AAED4F7F964DBAE4C5544E,"Welcome to our Hub location. 

Please note that this space is still very early in development and is not the focus for our July hands-on or is expected to be finalized for First Playable, but please feel free to walk around to get a feeling for more of the art and future working going into Crimson Moon."
,AF1CC0EE495CE74AD6EF60B932C82AA6,"Welcome to the Crimson Moon's Summer Build!

This demo reflects the current state of team's development towards our First Playable milestone later this year. In this play session you will be slaying monsters, scavenging for gear, leveling your Nephilim, and more while exploring the first of the two areas we are building as part of this gate. 

Everything in the build, from difficulty to combat to systems, is being iterated on, making this a great time to step back and gather external input as we iterate in this next stretch.

Thank you for taking the time to play our game and share your feedback with us! We look forward to sharing our progress in the coming months.

- Team Metal"
,E8594E6E4F81B30DB2C4518348B23BD7,"Welcome to the Summer Build for Crimson Moon, which represents the current state of Crimson Moon’s progress towards First Playable later this year.

This mid-year preview represents our working version of an initial District (one of three level sections that make up our larger Ward levels) for you to explore and provide feedback on. The session concludes at the end of the District, but feel free to continue exploring the next District to get a sneak peak of where the level will continue expanding.

Please note that difficulty is reduced to allow for streamlined hands-on experience"
,EDABCC9F43FAABFAB77C329969FF75EA,"Welcome,"
,A3A13B5141D89DD73AF1D6813C552DE5,"When Downed, you can crawl to other Nephilim so they may revive you."
,8502B7954820C879B94466AEAC258B69,"When an enemy hits you with a melee attack, they take 25 Fire Damage +30% of your Fire Power. Lasts for 30 seconds."
,93C4CADC4B0F23A3C1420FBBB1C5DDF8,"When enabled, enemies will be automatically targeted."
,5C85A43D4E09B0C1B9AD8D84AF7D7CC5,"When using quick play or any form of matchmaking, allow or disallow connections with players from platforms other than your current one. "
,B82885814BA5498FFCFC2483838E402E,"When you kill an enemy with an attack, you restore 45 health."
,070A9C354FC88878FDCEE787F5FCCDE0,"While Locked-On, flick <IA_Targeting/> to switch targets."
,2C96E1C8443258D3915E9BB16C9F96FE,White
,B881D4DB4D0F3444961CB0A61393D334,"Wicked ashes of an Elvenelk's femur, obtained in a profane manner. Used in advanced alchemical and crafting recipes."
,03AE7643412CCAA9E1EB9186394912C9,Willpower
,65B8B70B46C8E6011BEFA19FE042E579,Willpower
,F2CF40AF4982AFD7164AC08AFACF91FA,Windowed
,5E80C281424F98FBBEA2E09980F61803,Wisdom Rune
,16C7416B4AD60BA1828CDD882301D970,World Boss
,52CF9D434D0A7DBA258B4AB64D863C3D,World Boss
,C8EE23E64DC5A7DB534D3C92153D39D8,World Boss
,EB9DA710453897822D3CF9A1D7142045,World Corruption 0
,880919B24A9AB8016DBC2C8D19AE548D,World Corruption 1
,645EB51E463538FE3E9BB0AB21CE5944,World Corruption 2
,E6B7F6B74013BB2CAB5431B3AD1A3F6F,World Corruption 3
,D226EDEC4B71B5DD82D3F4B7DC849E8C,World Corruption 4
,A5046A76452F8D9221B44AB2FB6615F2,World Corruption 5
,77E9080A4A1D7E92A486C48F3FE644AF,X
,DA0BFAB0406FCF30E6EFF7BE2FBC212F,X
,A6D0AEE945C048FF29F00198C8C4FBD2,X of Y
,2469651E415AD843B2DE51B04A054452,XP
,279C4EAA4F4409D3F6CD25AD1A7270DA,XP
,48E9781A40B4EAA7D6BCFB9C1C163F2E,XP
,ADF9B673459459F5CD62409BD9D911DB,XP
,56FAA8114D6C88798ED8F0BC6BF36B72,XP BANK 000
,C569CBDE494E08CFC5DD96A7CE7A1768,XP BANK 000
,974EAF734E3929A06E03E1818B81ADCF,XP Bank
,0037FE06438DB2C43C832394269F007B,XP RANK {0}
,2C97F33A450FDEE92638D9A1711E0882,XP RANK {0}
,E03EDA944E48EE55D395899F1BBAFEF2,XP UNLOCKS SUMMARY
,64C23A6642487035BF88638365C86D65,Yellow
,81D3314E48AB388926A86B987F2AD5D7,Yes
,41530EC740913EA0AA7A6CADBE8EED57,You Are Not Yet Ranked
,BFE416EA4686E6A9AEB9E8A76825E5F4,"You and Enemy attacks can apply many Status Effects such as Burn, Poison, Marked, Frost, and more.

Each Status Effect deals damage or powers their target in unique ways. Wield equipment and choose boons that apply and resist the same status effects to construct powerful strategies."
,A46998094024FED6C9812FBFFE99D90A,You apply oil to your weapon. The next 5 Heavy Attacks gain (+33% Bonus Attack Power). Lasts 60 seconds or until all charges used.
,56BC5BB34452C0A77C5FC9A09D610529,"You apply oil to your weapon/shield. You gain 75% Bonus to Slashing/Piercing/Crushing Defense, and your attacks cannot be interrupted by damage. Lasts for 20 seconds."
,8B092A4D4DD9FCE1D9F80E99585B2BA8,You are your Angel.
,285705F24FFE40B4C0DD59819A9CA68B,You can now play online with another Nephilim player. Use the Play Online menu or visit the summoning statues here to join or start a game.
,C814517D459A4491486488BF66A44AF3,You can't change resolution in fullscreen windowed mode
,561190674503082764F81EB273C7C06A,You can't change vertical sync in Windowed mode
,2AE28FC246AF8196E2F6E4906733AAC9,"You have a Weapon Art. Use <IA_WeaponArts_Option1/> to unleash it.

Weapon Arts cost Mana."
,AC6DDCDA45BF1175A7A99B897C6B7A38,"You have a Weapon Art. Use <IA_WeaponArts_Option1/> to unleash it.

Weapon Arts cost Mana."
,CA19D45E4ACC361D72D8539107780420,"You suffer Burning (1 stack), every 3 seconds for the next 15 seconds, enemies within 7 units of you suffer Burning (1 stack)."
,B9396D94488F6E15C25B108338F16B4F,You will need to restart the game completely for all language related changes to take effect.
,264F942B421B88FEC257C8B74A611A06,You will need to restart the game for all video settings to take effect.
,FE63B1A14AFAC72719500D84C78060BF,Zeal Damage Bonus
,AA000D994CE6B2ACA70C0EB2DB5E7B21,[GA_PlayerParrying] - AchievementsSubsystem not Found
,F34E9EC843B8ED9A63873090D762213A,[GA_PlayerParrying] - AchievementsSubsystem not Found
,DADFD0D44ED5A3735022E4BD753A1E06,actor {name} was ignited by cleansing conflagration
,E526BEAC4D8E677EDF11DDACA198A57C,are you sure?
,BFB2E51149A1AF36119D9FA7A602B863,desc
,ED9B735E472CBF55CDC4E888DF314AB3,gain an extra shared life
,820413B144B269EDA586A2BE86E1B610,join a game
,34E4467CCB8BA6CD49C2E99ACB8BA6CD,leave session
,DDDA17D2411BC56C6E0B44B1A3C10EF5,lvl
,EF2603834F29EF5BFD5A7A9EECF94263,lvl
,9DD12C6B44AA36463ACF9BAE9ED6D742,ping
,1B8A836E41998520813191AECA1F4D16,purify 500 souls into a consumable
,B7B916BD4B79A21787C1239CECD1DE4B,test
,ED4F3C9B41F184D8F8039DBE719E51B3,to Empower Altar
,B92FFDE044CCE2097EA127B414F935AF,to Empower Altar?
,B3E34C2D45675E7FA4CC9686F2380491,x1
,4DA848484023F4037952F2B217CAEE79,x3
,0DDB615F49A1B08905E50FB01EC1F61C,x{Count}
,C523ED1247B216BF68222D8A62709E74,x{Count}
,2FCC1FF94129CD996A575EB4316A9AEB,{ Button label text }
,A435CCA54BC0535F145985954BC21094,{ Button label text }
,0467F0F54238E4476D37CF9B9157AD37,{0}
,03CBA3B64E92A68922474F9D26103C7B,{0} ARENAS REMAINING
,D48F50FE4CD046E42C569B8A7F0AE7F7,{0} NEXUS GATES REMAINING
,542FCB3E487B00CEE550DCBF75EAFA10,{0}% Shaders Compiled
,5A3EA87E42C624F7D9475780EB8374E5,{1}: Failed to find health flask
,D264CD6242C357193A648CB62E0995EF,{1}: Failed to find modify flask
,0584FB834E29A8418522FEA6AE8FE4D0,{Action}
,86E989E64871447B6CA76DAE9C8E555C,{Action}
,6861EB4C42AB2BDD15E313AF8D9B95BC,{Back}
,6CF7DD2841C5620437489798D081C85B,{Back}
,79DCD1AB4318E7CF236C7983C6B9CEC5,{Back}
,6DEEAC7340EA435DB81B27B3AC5CD482,{Button Text}
,143449B046F665FD31A6D08E3BF98E9B,{ButtonText}
,208A753540003F86724384BB9028F622,{ButtonText}
,3AFE35EF4EDF3FB80EC552B68FB90D59,{ButtonText}
,95A4624341AB9513B1259C824019865A,{ButtonText}
,991851B14FBF28C2D7E5F9A1B2684E86,{ButtonText}
,B39E0F874416FE7246FD8183ED90984A,{ButtonText}
,B9DAE0B1475752EB5BCD95965D2A978C,{ButtonText}
,CA693E934769BD1FEA9CB5A2C534DC32,{ButtonText}
,D33ABC4845886E4394FEB88672A022F8,{ButtonText}
,DA9233F3461447739F15B38D911C7C35,{ButtonText}
,EE2D8F814F79931155C3868C3C846F71,{ButtonText}
,F1F78E2043E668CCC4F18F9640465C45,{ButtonText}
,F7BDE33B488B277F1BA7AE909AAE6C0F,{ButtonText}
,098ACACE4702227AAC823E84F253A626,{Count}/{Charges}
,AB86DD124A29C35AEDB26BA5F8A7A94F,{Count}/{Charges}
,892022C5431969787FC6DCB84B4DAEA2,{Dist}CM
,A75A2E9A496DC97C05DC6699C6A29655,{Dist}CM
,978A04E14ABE0F5878BE238D6A7ACEC7,{Game Mode}
,CFDB3F4F45A5E02EAA046B8D1E6B5636,{GameMode} / 
,274D07E74B28BA57A2F592AC3F06B9E1,{Host Name}
,E9A6661546C34FA554DEA59E755E5BB5,{Map Name}
,EC6262B1438E97E8A27D22A5202269C7,{Min}:{Seconds}
,CE6A35A34F206A8CBBC69DA42DB0A078,{Option}
,0BAF203B4DEA9EC07B4C7A8DA86DC6E0,{Ping}ms
,5193269946518C9E3E2D5FB8002300C2,{Player Name}
,B1F5A53E449A5E66D4B117AD9E01C19F,{Player Name}
,DB13CD9548AEE60E863D3191A3229FF8,{Player Name}
,D4DC3D984486DD16B433E6BD0133A562,{Pure}/{Total}
,DB6E3A53454933126C2F1C87CB7C770A,{Quality} {Category} 
,7FF085E34C2D96BDC5075DABA72E5DD4,{Stat}: {X}
,75FF46924D5C6F73C0C2F9B8BD7A0468,{X} of {Y}
,EFED35184472349AFFB0899F028E8525,{a} / {b}
,84C7EE334447F25FB04B5AA057944BFE,{count} {XP}
,9C77642F4DD7818B983704A405C9ED2B,{count} {item}
,049A46734E45071276D3998B50A024D6,{text}
,483A528049F249D580FC98BFF0B8C1A4,|
,5330E87D4AB120295478EAA95D38AB95,~ the Knight Commander
AsyncLoadingScreen,Loading,LOADING
CloudSaveCompare,CloudSaveLabel,Cloud Save
CloudSaveCompare,CompareTitle,Cloud Save Conflict
CloudSaveCompare,DownloadComplete,Cloud save download complete.
CloudSaveCompare,CompareBody,"Downloading will overwrite the local save in slot {0} with the cloud save.

Cloud save: {1}
Local save: {2}

Overwrite your local save with the cloud save? This operation cannot be undone!!"
CloudSaveCompare,KeepLocal,Keep Local
CloudSaveCompare,LocalSaveLabel,Local Save
CloudSaveCompare,NoCloudSaves,No cloud saves were available to download.
CloudSaveCompare,ConfirmOverwrite,Overwrite Local
CloudSaveCompare,OlderCloudWarning,Warning: the cloud save is older than your local save. Overwriting will lose newer local progress.
FIRLAdapterDLSS,DLSSFrameGenerator,DLSS Frame Generation
FIRLAdapterDLSS,DLSSQualityMode,DLSS Quality Mode
FIRLAdapterDLSS,DLSSSharpness,DLSS Sharpness
FIRLAdapterDLSS,DLSSFeatureUpscaler,DLSS Super Resolution
FIRLAdapterDLSS,DLSSAPICaptureActive_Desc,DLSS is not compatible with an active API capture tool such as RenderDoc.
FIRLAdapterDLSS,DLSSNotSupported_Desc,DLSS is not supported on this system.
FIRLAdapterDLSS,DLSSSupported_Desc,DLSS is supported and available for use.
FIRLAdapterDLSS,DLSSIncompatibleHardware_Desc,DLSS requires an NVIDIA RTX GPU
FIRLAdapterDLSS,DLSSOperatingSystemOutOfDate_Desc,"DLSS requires at least Windows 10 Fall 2017 Creators Update 64-bit, (v1709, build 16299)."
FIRLAdapterDLSS,EStreamlineFeatureSupport_NotSupportedDriverOutOfDate,Driver Out of Date
FIRLAdapterDLSS,UDLSSSupport_NotSupportedDriverOutOfDate,Driver Out of Date
FIRLAdapterDLSS,DLSSFeatureFrameGenerator_Tooltip,"Frame Generation boosts frame rates by using AI to render additional frames. 2X is supported on a GeForce RTX 40 Series graphics card or higher, while 3x and 4x are supported on a GeForce RTX 50 Series graphics card."
FIRLAdapterDLSS,DLSSFrameGeneratorLevels,Frame Generator Levels
FIRLAdapterDLSS,EStreamlineFeatureSupport_NotSupportedHardewareSchedulingDisabled,Hardware Scheduling Disabled
FIRLAdapterDLSS,EStreamlineFeatureSupport_NotSupportedIncompatibleAPICaptureToolActive,Incompatible API Capture Tool Active
FIRLAdapterDLSS,UDLSSSupport_NotSupportedIncompatibleAPICaptureToolActive,Incompatible API Capture Tool Active
FIRLAdapterDLSS,EStreamlineFeatureSupport_NotSupportedIncompatibleHardware,Incompatible Hardware
FIRLAdapterDLSS,UDLSSSupport_NotSupportedIncompatibleHardware,Incompatible Hardware
FIRLAdapterDLSS,DLSSName,NVIDIA DLSS
FIRLAdapterDLSS,DLSSToolTip,NVIDIA DLSS uses AI to boost frame rates while maintaining great image quality and responsiveness. This feature requires a GeForce RTX graphics card.
FIRLAdapterDLSS,DLSSFeatureLowLatency,NVIDIA Reflex Low Latency
FIRLAdapterDLSS,NVidiaQualityMode,NVIDIA Reflex Low Latency
FIRLAdapterDLSS,DLSSFeatureLowLatency_Tooltip,NVIDIA Reflex Low Latency reduces PC latency and increases responsiveness. This feature requires a GeForce graphics card.
FIRLAdapterDLSS,EStreamlineFeatureSupport_NotSupported,Not Supported
FIRLAdapterDLSS,UDLSSSupport_NotSupported,Not Supported
FIRLAdapterDLSS,EStreamlineFeatureSupport_NotSupportedByRHI,Not supported by RHI
FIRLAdapterDLSS,EStreamlineFeatureSupport_NotSupportedOperatingSystemOutOfDate,Operating System Out of Date
FIRLAdapterDLSS,UDLSSSupport_NotSupportedOperatingSystemOutOfDate,Operating System Out of Date
FIRLAdapterDLSS,EStreamlineFeatureSupport_NotSupportedByPlatformAtBuildTime,Platform Not Supported At Build Time
FIRLAdapterDLSS,UDLSSSupport_NotSupportedByPlatformAtBuildTime,Platform Not Supported At Build Time
FIRLAdapterDLSS,DLSSFeatureFrameGenerator_RequiresRestart,Restart Required.
FIRLAdapterDLSS,DLSSFeatureFrameGenerator_RequiresRestartDesc,Restart required in order to apply DLSS Frame Generation.
FIRLAdapterDLSS,DLSSFeatureUpscaler_Tooltip,Super Resolution boosts frame rates by rendering fewer pixels and using AI to output high resolution frames. This feature requires a GeForce RTX graphics card.
FIRLAdapterDLSS,EStreamlineFeatureSupport_Supported,Supported
FIRLAdapterDLSS,UDLSSSupport_Supported,Supported
FIRLAdapterDLSS,StreamlineOperatingSystemOutOfDate_Desc,The Operating System is outdated. The Streamline feature requires a supported operating system version.
FIRLAdapterDLSS,StreamlineAPICaptureActive_Desc,The Streamline feature is not compatible with active API capture tools.
FIRLAdapterDLSS,StreamlineNotSupported_Desc,The Streamline feature is not supported on this system.
FIRLAdapterDLSS,StreamlineSupported_Desc,The Streamline feature is supported and available for use.
FIRLAdapterDLSS,DLSSDriverOutOfDate_Desc,"The driver is outdated. DLSS requires an updated graphics driver, please update your NVIDIA drivers."
FIRLAdapterDLSS,StreamlineDriverOutOfDate_Desc,The driver is outdated. The Streamline feature requires an updated graphics driver.
FIRLAdapterDLSS,StreamlineNotSupportedRHIPlatform_Desc,This RHI doesn't support this feature at runtime.
FIRLAdapterDLSS,NotSupportedHardewareSchedulingDisabled_Desc,This feature requires Windows Hardware Scheduling to be Enabled
FIRLAdapterDLSS,StreamlineIncompatibleHardware_Desc,This feature requires an NVIDIA RTX GPU.
FIRLAdapterDLSS,DLSSNotSupportedPlatform_Desc,This platform doesn't support DLSS at build time. DLSS is currently supported only on Windows 64.
FIRLAdapterDLSS,StreamlineNotSupportedBuildTimePlatform_Desc,This platform doesn't support this feature at build time. Currently supported only on Windows 64.
FIRLAdapterDLSS,EStreamlineFeatureSupport_Unknown,Unknown
FIRLAdapterDLSS,UDLSSSupport_Unknown,Unknown
FIRLAdapterDLSS,DLSSUnknownError_Desc,Unknown DLSS error.
FIRLAdapterDLSS,StreamlineUnknownError_Desc,Unknown Streamline error.
FIRLAdapterFSR,FSRFeatureLowLatency,AMD Anti-Lag 2
FIRLAdapterFSR,FSRFeatureLowLatency_NotSupported,AMD AntiLag2 Not Supported.
FIRLAdapterFSR,FSRLibrary,AMD FSR
FIRLAdapterFSR,FSRFeatureFrameGenerator_Name,AMD FSR Frame Generation
FIRLAdapterFSR,FSRFeatureFrameGenerator_NotSupported,AMD FSR Frame Generator is Not Supported.
FIRLAdapterFSR,FSRFeatureFrameGenerator_NotSupportedDesc,"AMD FSR Frame Generator is not supported by your hardware minimum requirements AMD Radeon™ RX 400 Series and newer consumer dGPUs, AMD Ryzen™ 2000 and newer APUs. No mGPU support."
FIRLAdapterFSR,FSRFeatureUpscaler_Name,AMD FSR™ Upscaling
FIRLAdapterFSR,FSRFeatureUpscaler_ToolTip,AMD FSR™ Upscaling combines high-quality image upscaling with frame generation technologies to generate high resolution frames at fast frame rates.
FIRLAdapterFSR,FSRFeatureUpscaler_NotSupported,AMD FSR™ Upscaling not supported.
FIRLAdapterFSR,FSRFeatureUpscaler_NotSupportedDesc,AMD FSR™ Upscaling requires D3D12 or Vulkan RHI.
FIRLAdapterFSR,FSRFeatureFrameGenerator_ToolTip,AMD FidelityFX Super Resolution Frame Generation increases frame rate by creating additional frames computed from existing inputs.
FIRLAdapterFSR,FSRFeatureLowLatency_ToolTip,"AMD Radeon Anti-Lag 2 reduces the system latency (the time between user inputs and visual responses) by applying frame alignment between the CPU and GPU jobs. AMD Radeon Anti-Lag 2 works best in GPU-limited scenarios, by preventing CPU work from being queued up while the GPU is busy."
FIRLAdapterFSR,FSRFeatureLowLatency_NotSupportedDesc,"AntiLag2 is not supported by your hardware minimum requirements AMD Radeon™ RX 400 Series and newer consumer dGPUs, AMD Ryzen™ 2000 and newer APUs. No mGPU support."
FIRLAdapterFSR,FSRQualityMode_Balanced,Balanced
FIRLAdapterFSR,FSRQualityMode,FSR Quality Mode
FIRLAdapterFSR,FSRSharpness,FidelityFX Sharpening
FIRLAdapterFSR,FSRQualityMode_NativeAA,NativeAA
FIRLAdapterFSR,FSRQualityMode_Performance,Performance
FIRLAdapterFSR,FSRQualityMode_Quality,Quality
FIRLAdapterFSR,FSRFeatureFrameGenerator_RequiresRestart,Restart Required.
FIRLAdapterFSR,FSRFeatureFrameGenerator_RequiresRestartDesc,Restart required in order to apply FSR Frame Generation.
FIRLAdapterFSR,FSRQualityMode_UltraPerformance,Ultra Performance
FIRLAdapterXeSS,XeSSQualityMode_Balanced,Balanced
FIRLAdapterXeSS,XeSSFeatureLowLatency_NotSupportedDesc,Failed to initialize Intel® Xe Low Latency. This feature requires D3D12 or Vulkan RHI and an SM6-compatible GPU.
FIRLAdapterXeSS,XeSSFeatureFrameGeneration_NotSupportedDesc,Failed to initialize Intel® XeSS Frame Generation. This feature requires D3D12 or Vulkan RHI and an SM6-compatible GPU.
FIRLAdapterXeSS,XeSSFeatureUpscaler_NotSupportedDesc,Failed to initialize Intel® XeSS. This feature requires D3D12 or Vulkan RHI and an SM6-compatible GPU.
FIRLAdapterXeSS,XeSSFrameGeneratorLevels,Frame Generator Levels
FIRLAdapterXeSS,XeSSFeatureLowLatency_Name,Intel® Xe Low Latency
FIRLAdapterXeSS,XeSSFeatureLowLatency_NotSupported,Intel® Xe Low Latency not supported.
FIRLAdapterXeSS,XeSSFeatureLowLatency_ToolTip,Intel® Xe Low Latency technology uses advanced algorithms to improve responsiveness from user inputs to display output.
FIRLAdapterXeSS,XeSSFeatureUpscaler_Name,Intel® XeSS
FIRLAdapterXeSS,XeSSLibrary_Name,Intel® XeSS
FIRLAdapterXeSS,XeSSFeatureFrameGeneration_NotSupported,Intel® XeSS FG  not supported.
FIRLAdapterXeSS,XeSSFrameGeneration_Name,Intel® XeSS Frame Generation
FIRLAdapterXeSS,XeSSFeatureFrameGeneration_ToolTip,Intel® XeSS Frame Generation technology uses AI to generate interpolated frames to significantly boost performance. XeSS Frame Generation is optimized for Intel® Arc™ GPUs with AI acceleration hardware.
FIRLAdapterXeSS,XeSSQualityMode,Intel® XeSS Quality Mode
FIRLAdapterXeSS,XeSSFeatureUpscaler_ToolTip,Intel® XeSS Super Resolution technology uses AI to deliver more performance with exceptional image quality. XeSS Super Resolution is optimized for Intel® Arc™ GPUs with AI acceleration hardware.
FIRLAdapterXeSS,XeSSFeatureUpscaler_NotSupported,Intel® XeSS not supported.
FIRLAdapterXeSS,XeSSLibrary_Tooltip,Intel® XeSS uses AI to deliver more performance with exceptional image quality. XeSS is optimized for Intel® Arc™ GPUs with AI acceleration hardware.
FIRLAdapterXeSS,XeSSQualityMode_NativeAA,Native Anti-Aliasing
FIRLAdapterXeSS,XeSSQualityDLAA_Performance,Performance
FIRLAdapterXeSS,XeSSQualityMode_Quality,Quality
FIRLAdapterXeSS,XeSSFrameGenerator_RequiresRestart,Restart Required.
FIRLAdapterXeSS,XeSSFrameGenerator_RequiresRestartDesc,Restart required in order to apply XeSS Frame Generation.
FIRLAdapterXeSS,XeSSQualityAuto_UltraPerformance,Ultra Performance
FIRLAdapterXeSS,XeSSQualityMode_UltraQuality,Ultra Quality
FIRLAdapterXeSS,XeSSQualityMode_UltraQualityPlus,Ultra Quality Plus
GameSetting,OnlyPrimaryPlayerEditable,Can only be changed by the primary player.
GameSetting,DisabledOptionReasonLine,There are fewer options than available due to Parental Controls.
GameSetting,DisabledReasonLine,{0}
GameSetting,WarningReasonLine,{0}
GameSetting,PercentFormat,{0}%
GameSetting,DevDynamicDetailsFormat,{0}{1}
GameSettingValueDiscreteDynamic,OFF,OFF
GameSettingValueDiscreteDynamic,ON,ON
PMUI_RemapBindings,DynamicDetails_KeyboardInputAction,Bindings for {0}
ST_AccountLinkFlow,QrSkipHint,(press B / Cancel to skip)
ST_AccountLinkFlow,QrCodeLabel,CODE    {0}
ST_AccountLinkFlow,PromptHeader,Have you played a ProbablyMonsters game before?
ST_AccountLinkFlow,PromptBody,"If you have an account from another platform, you can link this device to it and keep your progress, friends, and unlocks."
ST_AccountLinkFlow,ConfirmHeader,Is this you?
ST_AccountLinkFlow,QrTitle,LINK YOUR ACCOUNT
ST_AccountLinkFlow,QrInstruction,"Scan this code with your phone, or visit the link below and sign in with your existing ProbablyMonsters account to link this device."
ST_AccountLinkFlow,ConfirmBody,You are now signed in as {0}. Continue and link this platform to your ProbablyMonsters account?
ST_Achievements,ACH_AbraxasStroneofArcana_Title,Abraxas Stone of Arcana
ST_Achievements,ACH_AbraxusStoneofRot_Title,Abraxas Stone of Rot
ST_Achievements,ACH_AbraxasStoneofWar_Title,Abraxas Stone of War
ST_Achievements,ACH_FullyLoaded_BodyText,Acquire a Rare or higher equipment item for every equipment slot during a run
ST_Achievements,ACH_AbraxusStoneofRot_BodyText,Acquire the 1st Abraxas Stone
ST_Achievements,ACH_AbraxasStoneofWar_BodyText,Acquire the 2nd Abraxas Stone
ST_Achievements,ACH_AbraxasStroneofArcana_BodyText,Acquire the 3rd Abraxas Stone
ST_Achievements,ACH_Angelic_Title,Angelic
ST_Achievements,ACH_ArchspireCathedral_Title,Archsipre Cathedral
ST_Achievements,ACH_Blessed_Title,Blessed
ST_Achievements,ACH_LoreChampion_BodyText,Collect 50 lore scrolls
ST_Achievements,ACH_Blessed_BodyText,Collect and purify 50 items across runs.
ST_Achievements,ACH_LetsNexus_BodyText,Complete 3 Nexus Gate Objectives
ST_Achievements,ACH_ArchspireCathedral_BodyText,Complete Archspire Cathedral
ST_Achievements,ACH_ElkGroveAcademy_BodyText,Complete Elk Grove Academy
ST_Achievements,ACH_RamshornKeep_BodyText,Complete Ramshorn Keep
ST_Achievements,ACH_ShoreditchPrison_BodyText,Complete Shoreditch Prison
ST_Achievements,ACH_TheForsakenStreets_BodyText,Complete The Forsaken Streets
ST_Achievements,ACH_Hellish_BodyText,Complete a District Mission on Hellish difficulty or higher
ST_Achievements,ACH_NoDeaths_BodyText,Complete a District Mission without losing a life
ST_Achievements,ACH_Victory_BodyText,Complete a Full Run successfully solo or in co-op
ST_Achievements,ACH_Prologue_BodyText,Complete the Prologue mission in death or victory
ST_Achievements,ACH_MeetMeredaAuburn_BodyText,Complete the “Librarian Briefing” quest
ST_Achievements,ACH_Completionist_Title,Completionist
ST_Achievements,ACH_FirstDeathofMany_BodyText,Die a true death for the first time during a mission
ST_Achievements,ACH_GreatSoulReclaimer_BodyText,"Earn 100,000 total souls"
ST_Achievements,ACH_ElkGroveAcademy_Title,Elk Grove Academy
ST_Achievements,ACH_PerfectParry_BodyText,Execute a perfect parry
ST_Achievements,ACH_SlayTogether_BodyText,Finish a mission in Co-Op
ST_Achievements,ACH_FirstDeathOfMany_Title,First Death of Many
ST_Achievements,ACH_FullyLoaded_Title,Fully Loaded
ST_Achievements,ACH_GajovMakeStrong_Title,Gajov Make Strong
ST_Achievements,ACH_RiftWalker_Title,Gajov Make Strong
ST_Achievements,ACH_GreatSoulReclaimer_Title,Great Soul Reclaimer
ST_Achievements,ACH_Hellish_Title,Hellish
ST_Achievements,ACH_InfernalSlayer_Title,Infernal Slayer
ST_Achievements,ACH_Slayer_BodyText,Kill 100 enemies
ST_Achievements,ACH_InfernalSlayer_BodyText,Kill 1000 enemies
ST_Achievements,ACH_LetsNexus_Title,Let's Nexus
ST_Achievements,ACH_Level10_Title,Level 10
ST_Achievements,ACH_Level20_Title,Level 20
ST_Achievements,ACH_Level30_Title,Level 30
ST_Achievements,ACH_Level5_Title,Level 5
ST_Achievements,ACH_LoreChampion_Title,Lore Champion
ST_Achievements,ACH_MeetMeredaAuburn_Title,Meet Mereda
ST_Achievements,ACH_Nephilim_Title,Nephilim
ST_Achievements,ACH_NoDeaths_Title,No Deaths
ST_Achievements,ACH_PerfectParry_Title,Perfect Parry
ST_Achievements,ACH_Completionist_BodyText,Play and complete all primary missions and bosses across runs
ST_Achievements,ACH_Level10_BodyText,Progress to level 10
ST_Achievements,ACH_Level20_BodyText,Progress to level 20
ST_Achievements,ACH_Level30_BodyText,Progress to level 30
ST_Achievements,ACH_Level5_BodyText,Progress to level 5
ST_Achievements,ACH_Prologue_Title,Prologue
ST_Achievements,ACH_RamshornKeep_Title,Ramshorn Keep
ST_Achievements,ACH_ShoreditchPrison_Title,Shoreditch Prison
ST_Achievements,ACH_SlayTogether_Title,Slay Together
ST_Achievements,ACH_Slayer_Title,Slayer
ST_Achievements,ACH_TheForsakenStreets_Title,The Forsaken Streets
ST_Achievements,ACH_Angelic_BodyText,Trigger Angel Ascension 5 times
ST_Achievements,ACH_Nephilim_BodyText,Unlock all other Trophies
ST_Achievements,ACH_GajovMakeStrong_BodyText,Upgrade any weapon or shield at the Blacksmith to rare or higher quality
ST_Achievements,ACH_RiftWalker_BodyText,Upgrade any weapon or shield at the Blacksmith to rare or higher quality
ST_Achievements,ACH_Victory_Title,Victory
ST_AngelSigils,Aegis,Aegis
ST_AngelSigils,AegisAscendenceOne,Aegis: Ascendence Level I
ST_AngelSigils,AegisAscendenceTwo,Aegis: Ascendence Level II
ST_AngelSigils,Azrael,Sunder
ST_AngelSigils,SunderAscendenceOne,Sunder: Angel Frost Level I
ST_AngelSigils,SunderAscendenceTwo,Sunder: Angel Frost Level II
ST_AngelSigils,AegisDesc,"The Sigil of Aegis is a warrior. Excels with heavy defensive armor, angelic parries, and high damage combos."
ST_AngelSigils,AzraelDesc,"The Sigil of Sunder is a spectre. Excels in mobility with angelic flight and dashes, as well as ranged magical attacks with light melee combos."
ST_ArenaConfigurations,LocandEnterNexusGate,Locate and enter the Nexus Gate
ST_Armor,WatchmansOathCuirassDesc," It’s said that for a thousand years a knight wearing this armor stood vigil at the tower walls of Belwayne. Others say that it was not a single long-lived knight, but different knights who wore the same armor, long passed down. Now the tower is fallen, and the armor seeks a new wearer who will swear an oath to duty. Whether his life be short or long will depend on him."
ST_Armor,WatchmansOathGauntletsDesc," It’s said that for a thousand years a knight wearing this armor stood vigil at the tower walls of Belwayne. Others say that it was not a single long-lived knight, but different knights who wore the same armor, long passed down. Now the tower is fallen, and the armor seeks a new wearer who will swear an oath to duty. Whether his life be short or long will depend on him."
ST_Armor,WatchmansOathGreavesDesc," It’s said that for a thousand years a knight wearing this armor stood vigil at the tower walls of Belwayne. Others say that it was not a single long-lived knight, but different knights who wore the same armor, long passed down. Now the tower is fallen, and the armor seeks a new wearer who will swear an oath to duty. Whether his life be short or long will depend on him."
ST_Armor,WatchmansOathHelmetDesc," It’s said that for a thousand years a knight wearing this armor stood vigil at the tower walls of Belwayne. Others say that it was not a single long-lived knight, but different knights who wore the same armor, long passed down. Now the tower is fallen, and the armor seeks a new wearer who will swear an oath to duty. Whether his life be short or long will depend on him."
ST_Armor,CovenantClericCuirassDesc,"A beautiful cuirass forged in honor of the Cleric's Covenant. 

This was the covenant that finally ended the long-running conflict between two schools of interpretation over the translation of a word meaning either bread or god in the Zehamaic launguage, over which much clerical ink and blood was spilt."
ST_Armor,CovenantClericGreavesDesc,"A beautiful pair of greaves forged in honor of the Cleric's Covenant. 

This was the covenant that finally ended the long-running conflict between two schools of interpretation over the translation of a word meaning either bread or god in the Zehamaic launguage, over which much clerical ink and blood was spilt."
ST_Armor,ChampionCuirassDesc,"A cuirass designed for the Champions of Litinstang.

The city state of Litinstang in southern Armaea is famous for housing gladitorial arenas. Rumor has it some apostates who fled Velchoria found a living entertaining the masses across the sea."
ST_Armor,MahktenCuirassDesc,"A cuirass forged specifically to withstand the punishing blows of the Lord of Perdition. Alas, no armor exists that can hold up to the power of Mahkteah's colossal club mace, but wearing this, you'll look good trying."
ST_Armor,CrimsonDragonSlayerCuirassDesc,"A cumbersome cuirass, fit only for the toughest Nephilim, designed to stand against a dragon.

Dragon Assassins were among the first uses of Nephilim soldiers by the Church. Since the later years after the Dark Crusade, dragons have been scarcely seen in the Velchorian Isles."
ST_Armor,CrimsonDragonCommanderCuirassDesc,"A cumbersome cuirass, fit only for the toughest Nephilim, designed to stand against a dragon. 

The Lunitarian Church teaches that Dragons are considered the most sinister creatures in all of Eden, tracing their lineage to the vile Demiurge of the Old World."
ST_Armor,CrimsonDragonSlayerHelmetDesc,"A cumbersome helmet, sure to strain the necks of mortal men, designed to protect a Nephilim against a dragon.

There is no beast more sinister in all of Eden than that of Dragonkin, who all trace their lineage to the vile Demiurge, stricken from Lunitarian Apocrypha."
ST_Armor,SirCamdensHelmetDesc,"A distinct red helmet belonging the Vermillion Knight of Belwayne.

The Alemendral's eldest son, Sir Camden, was a proud and distinguished representative of his family. Earning his rank as Captain after having rallied his fellow soldiers against the invaders of Acktin. Being a celebrity, he was missed dearly upon his departure."
ST_Armor,SirCamdensCuirassDesc,"A distinct set of red armor belonging to Sir Camden of House Alemendral.

A suit of rmor stained red, in tribute to the Nephilim, who saved humanity long ago.

Unlike other kingdoms in Armaea, Belwayne looked favorably upon Nephilim, protecting their sovereignty within their domain and accepting them into their ranks as soldiers."
ST_Armor,FelWhiteAvianHelmetDesc,"A gorgeous helmet belonging to an infamous traitor.

White Armor in reference to the fabled White Phoenix of Prosperity. An old fairy tale told to the children of Belwayne where a spectral Avian would herald an age of fortune to those under its guidance."
ST_Armor,FelWhiteAvianCuirassDesc,"A gorgeous white cuirass belonging to an infamous traitor.

White Armor in reference to the fabled White Phoenix of Prosperity. An old fairy tale told to the children of Belwayne where a spectral Avian would herald an age of fortune to those under its guidance."
ST_Armor,BelwayneKnightHelmetDesc,"A gorgeous winged helmet worn by Belwayne's fierce defenders. Adorned in their phoenix heraldry.

Threatened by the arrival of Solomon and the Nachtstahl Steel Mills, the Alemendrals called upon their homeland's knights to protect their interests in Gildenarch. Turning the city's Gilded and Mill Wards into centers of tension between the competing powers."
ST_Armor,CrimsonDragonCommanderHelmetDesc,"A heavy helmet, sure to strain the necks of mortal man.

According to fanciful legend, the first Dragon Assassin was said to have finished a Dragon with the sheer force of his skull alone."
ST_Armor,CovenantClericHelmetDesc,"A helm forged in honor the Cleric's Covenant

This was the covenant that finally ended the long-running conflict between two schools of interpretation over the translation of a word meaning either bread or god in the Zehamaic launguage, over which much clerical ink and blood was spilt."
ST_Armor,ApostateHelmetDesc,A mournful hooded helmet worn by Nephilim Apostates.
ST_Armor,CovenantClericGauntletsDesc,"A pair of beautiful guantlets forged in honor of the Cleric's Covenant. 

This was the covenant that finally ended the long-running conflict between two schools of interpretation over the translation of a word meaning either bread or god in the Zehamaic launguage, over which much clerical ink and blood was spilt."
ST_Armor,PaganCuirassDesc,"A stout cuirass made from the melted and reforged steel of false idols.
 
A great many pagan gods were worshipped before the unifying force of the church. Many say these old gods were demons. It’s a fine line between fighting a demon and fighting like one. "
ST_Armor,PaganHelmetDesc,"A strong helmet made from the melted and reforged steel of false idols.
 
A great many pagan gods were worshipped before the unifying force of the church. Many say these old gods were demons. It’s a fine line between fighting a demon and fighting like one. "
ST_Armor,BelwayneKnightCuirassDesc,"A stunning suit of armor worn by Belwayne's fierce defenders. Adorned in their phoenix heraldry.

Threatened by the arrival of Solomon and the Nachtstahl Steel Mills, the Alemendrals called upon their homeland's knights to protect their interests in Gildenarch. Turning the city's Gilded and Mill Wards into centers of tension between the competing powers."
ST_Armor,AutumnalGauntletsDesc,"A symbol of strength, speed, and yes, single-minded stubbornness in the pursuit of a goal, these Autumnal Gauntlets will take you into battle. Best not to think about it too much."
ST_Armor,DominanceGauntletsDesc,"A symbol of strength, speed, and yes, single-minded stubbornness in the pursuit of a goal, these Dominance Gauntlets will take you into battle. Best not to think about it too much."
ST_Armor,VerdigrisGauntletsDesc,"A symbol of strength, speed, and yes, single-minded stubbornness in the pursuit of a goal, these Verdigris Gauntlets will take you into battle. Best not to think about it too much."
ST_Armor,AutumnalGreavesDesc,"A symbol of strength, speed, and yes, single-minded stubbornness in the pursuit of a goal, these beautiful Autumnal Greaves will carry you surefooted into battle. Best not to think about it too much."
ST_Armor,DominanceGreavesDesc,"A symbol of strength, speed, and yes, single-minded stubbornness in the pursuit of a goal, these beautiful Dominance Greaves will carry you surefooted into battle. Best not to think about it too much."
ST_Armor,VerdigrisGreavesDesc,"A symbol of strength, speed, and yes, single-minded stubbornness in the pursuit of a goal, these beautiful Verdigris Greaves will carry you surefooted into battle. Best not to think about it too much."
ST_Armor,RamGreavesDesc,"A symbol of strength, speed, and yes, single-minded stubbornness in the pursuit of a goal, these beautiful ram greaves will carry you surefooted into battle. Best not to think about it too much."
ST_Armor,RamGauntletsDesc,"A symbol of strength, speed, and yes, single-minded stubbornness in the pursuit of a goal, these ram gauntlets will take you into battle. Best not to think about it too much."
ST_Armor,AutumnalCuirassDesc,"A symbol of strength, speed, and yes, single-minded stubbornness in the pursuit of a goal, this beautiful Autumnal Cuirass will carry you into battle. Best not to think about it too much."
ST_Armor,AutumnalHelmetDesc,"A symbol of strength, speed, and yes, single-minded stubbornness in the pursuit of a goal, this beautiful Autumnal Helmet will carry you into battle. Best not to ram anything with it though."
ST_Armor,DominanceCuirassDesc,"A symbol of strength, speed, and yes, single-minded stubbornness in the pursuit of a goal, this beautiful Dominance Cuirass will carry you into battle. Best not to think about it too much."
ST_Armor,DominanceHelmetDesc,"A symbol of strength, speed, and yes, single-minded stubbornness in the pursuit of a goal, this beautiful Dominance Helmet will carry you into battle. Best not to ram anything with it though."
ST_Armor,VerdigrisCuirassDesc,"A symbol of strength, speed, and yes, single-minded stubbornness in the pursuit of a goal, this beautiful Verdigris Cuirass will carry you into battle. Best not to think about it too much."
ST_Armor,VerdigrisHelmetDesc,"A symbol of strength, speed, and yes, single-minded stubbornness in the pursuit of a goal, this beautiful Verdigris Helmet will carry you into battle. Best not to ram anything with it though."
ST_Armor,RamCuirassDesc,"A symbol of strength, speed, and yes, single-minded stubbornness in the pursuit of a goal, this beautiful ram cuirass will carry you into battle. Best not to think about it too much."
ST_Armor,RamHelmetDesc,"A symbol of strength, speed, and yes, single-minded stubbornness in the pursuit of a goal, this beautiful ram helmet will carry you into battle. Best not to ram anything with it though."
ST_Armor,MoonlightOathCuirassDesc,"A variant of Crimson Oath Armor, bestowed upon Nephilim who take The Oath of the Moonlight.

Paladins belonging to the Oath of the Moonlight, known by the pejorative Spectres, are Nephilim who operate in foreign lands. They're the Church's agents in pagan and secular lands, often resented but tolerated, because few have the martial might to dispel them. "
ST_Armor,MoonlightOathGreavesDesc,"A variant of Crimson Oath Greaves, bestowed upon Nephilim who take The Oath of the Moonlight.

Paladins belonging to the Oath of the Moonlight, known by the pejorative Spectres, are Nephilim who operate in foreign lands. They're the Church's agents in pagan and secular lands, often resented but tolerated, because few have the martial might to dispel them. "
ST_Armor,KeepersOathCuirassDesc,"A variant of Crimson Oath armor, bestowed upon Nephilim who take The Keeper's Oath.

Knights of the Keeper's Oath are charged with the collection and safeguard of all knowledge in Velchoria, both divine and profane, by any means necessary. Whether it be gold or iron, Keepers find a way."
ST_Armor,KeepersOathGauntletsDesc,"A variant of Crimson Oath armor, bestowed upon Nephilim who take The Keeper's Oath.

Knights of the Keeper's Oath are charged with the collection and safeguard of all knowledge in Velchoria, both divine and profane, by any means necessary. Whether it be gold or iron, Keepers find a way."
ST_Armor,KeepersOathGreavesDesc,"A variant of Crimson Oath armor, bestowed upon Nephilim who take The Keeper's Oath.

Knights of the Keeper's Oath are charged with the collection and safeguard of all knowledge in Velchoria, both divine and profane, by any means necessary. Whether it be gold or iron, Keepers find a way."
ST_Armor,MidnightOathCuirassDesc,"A variant of Crimson Oath armor, bestowed upon Nephilim who take The Oath of Midnight.

Paladins of the Oath of Midnight, sometimes called Black Hoods, wander the lands in search of demonic corruption. They travel by night, investigating leads of illegal occult activity that consorts with demonic or vampiric activities. Few mortals know of their existence, a testament to their guile and efficiency."
ST_Armor,DivineOathCuirassDesc,"A variant of Crimson Oath armor, bestowed upon Nephilim who take The Oath of the Divine.

Paladins belonging to the Oath of the Divine, colloquially known as Gold Hoods, watch over the capital city of Illuminar and its demigod authority, the Holy Lineage. Gold Hoods are a privileged oath, only taken by Nephilim who fought in the Illuminar's defense centuries ago."
ST_Armor,MidnightOathGauntletsDesc,"A variant of Crimson Oath gauntlets, bestowed upon Nephilim who take The Oath of Midnight.

Paladins of the Oath of Midnight, sometimes called Black Hoods, wander the lands in search of demonic corruption. They travel by night, investigating leads of illegal occult activity that consorts with demonic or vampiric activities. Few mortals know of their existence, a testament to their guile and efficiency."
ST_Armor,DivineOathGauntletsDesc,"A variant of Crimson Oath gauntlets, bestowed upon Nephilim who take The Oath of the Divine.

Paladins belonging to the Oath of the Divine, colloquially known as Gold Hoods, watch over the capital city of Illuminar and its demigod authority, the Holy Lineage. Gold Hoods are a privileged oath, only taken by Nephilim who fought in the Illuminar's defense centuries ago."
ST_Armor,MoonlightOathGauntletsDesc,"A variant of Crimson Oath gauntlets, bestowed upon Nephilim who take The Oath of the Moonlight.

Paladins belonging to the Oath of the Moonlight, known by the pejorative Spectres, are Nephilim who operate in foreign lands. They're the Church's agents in pagan and secular lands, often resented but tolerated, because few have the martial might to dispel them. "
ST_Armor,MidnightOathGreavesDesc,"A variant of Crimson Oath greaves, bestowed upon Nephilim who take The Oath of Midnight.

Paladins of the Oath of Midnight, sometimes called Black Hoods, wander the lands in search of demonic corruption. They travel by night, investigating leads of illegal occult activity that consorts with demonic or vampiric activities. Few mortals know of their existence, a testament to their guile and efficiency."
ST_Armor,DivineOathGreavesDesc,"A variant of Crimson Oath greaves, bestowed upon Nephilim who take The Oath of the Divine.

Paladins belonging to the Oath of the Divine, colloquially known as Gold Hoods, watch over the capital city of Illuminar and its demigod authority, the Holy Lineage. Gold Hoods are a privileged oath, only taken by Nephilim who fought in the Illuminar's defense centuries ago."
ST_Armor,DivineOathHelmetDesc,"A variant of Crimson Oath helmet, bestowed upon Nephilim who take The Oath of the Divine.

Paladins belonging to the Oath of the Divine, colloquially known as Gold Hoods, watch over the capital city of Illuminar and its demigod authority, the Holy Lineage. Gold Hoods are a privileged oath, only taken by Nephilim who fought in the Illuminar's defense centuries ago."
ST_Armor,KeepersOathHelmetDesc,"A variant of a Crimson Oath helmet, bestowed upon Nephilim who take The Keeper's Oath.

Knights of the Keeper's Oath are charged with the collection and safeguard of all knowledge in Velchoria, both divine and profane, by any means necessary. Whether it be gold or iron, Keepers find a way."
ST_Armor,MidnightOathHelmetDesc,"A variant of a Crimson Oath helmet, bestowed upon Nephilim who take The Oath of Midnight.

Paladins of the Oath of Midnight, sometimes called Black Hoods, wander the lands in search of demonic corruption. They travel by night, investigating leads of illegal occult activity that consorts with demonic or vampiric activities. Few mortals know of their existence, a testament to their guile and efficiency."
ST_Armor,MoonlightOathHelmetDesc,"A variant of the Crimson Oath Helmet, bestowed upon Nephilim who take The Oath of the Moonlight.

Paladins belonging to the Oath of the Moonlight, known by the pejorative Spectres, are Nephilim who operate in foreign lands. They're the Church's agents in pagan and secular lands, often resented but tolerated, because few have the martial might to dispel them. "
ST_Armor,EpochCuirassDesc,"Adorned with the antlers of the long-extinct great eolk, this armor set is said to contain the pagan spirit of the wild north woods. Though not officially sanctioned by the church, such superstitions are tolerated, provided the armor is sanctified in the blood of the church’s enemies.  "
ST_Armor,EpochGauntletsDesc,"Adorned with the antlers of the long-extinct great eolk, this armor set is said to contain the pagan spirit of the wild north woods. Though not officially sanctioned by the church, such superstitions are tolerated, provided the armor is sanctified in the blood of the church’s enemies.  "
ST_Armor,EpochGreavesDesc,"Adorned with the antlers of the long-extinct great eolk, this armor set is said to contain the pagan spirit of the wild north woods. Though not officially sanctioned by the church, such superstitions are tolerated, provided the armor is sanctified in the blood of the church’s enemies.  "
ST_Armor,EpochHelmetDesc,"Adorned with the antlers of the long-extinct great eolk, this armor set is said to contain the pagan spirit of the wild north woods. Though not officially sanctioned by the church, such superstitions are tolerated, provided the armor is sanctified in the blood of the church’s enemies.  "
ST_Armor,SancutsZealotCuriassDesc,"An intimidating cuirass forged for the Sanctus Zealot. 

Legend tells of the first interfaith conflict between the anceint Lunar Sentinels and the Lunitarians Sanctus Zealots. In the end the Church was victorious by the hands of berzerk warriors who saw their faith as law."
ST_Armor,HaedrikKnightCuirassDesc,"An ornate cuirass once belonging to a knight in service to House Haedrik from the western lands of Armaea.

The Haedriks fled the Armaen political theatre in pursuit of new beginnings and economic supremacy. Their attractive, yet functional suits of armor dazzled the aristocracy of Gildenarch, garnering them favor and the attention of the city's major players. Few suits, such as this, were crafted for Nephilim usage."
ST_Armor,HaedrikKnightHelmetDesc,"An ornate helmet once belonging to a knight in service to House Haedrik from the western lands of Armaea.

The Haedriks fled the Armaen political theatre in pursuit of new beginnings and economic supremacy. Their attractive, yet functional suits of armor dazzled the aristocracy of Gildenarch, garnering them favor and the attention of the city's major players. Few suits, such as this, were crafted for Nephilim usage."
ST_Armor,VampireCuirassDesc,"Ancient beyond counting, this armor's steel is as ageless as it's original wearer, a vampire who was never defeated, but who shed the armor like a molted skin to achieve new form. Or so the legend says."
ST_Armor,VampireGauntletsDesc,"Ancient beyond counting, this armor's steel is as ageless as it's original wearer, a vampire who was never defeated, but who shed the armor like a molted skin to achieve new form. Or so the legend says."
ST_Armor,VampireGreavesDesc,"Ancient beyond counting, this armor's steel is as ageless as it's original wearer, a vampire who was never defeated, but who shed the armor like a molted skin to achieve new form. Or so the legend says."
ST_Armor,VampireHelmetDesc,"Ancient beyond counting, this armor's steel is as ageless as it's original wearer, a vampire who was never defeated, but who shed the armor like a molted skin to achieve new form. Or so the legend says."
ST_Armor,ApostateCuriass,Apostate Cuirass
ST_Armor,ApostateGauntlets,Apostate Gauntlets
ST_Armor,ApostateGreaves,Apostate Greaves
ST_Armor,ApostateHelmet,Apostate Helmet
ST_Armor,SonaiMagistrateCuirassDesc,"As bright and colorful as the banners that hang above the high office of the Sonai magistrate, this armor set is a symbol of strength, discipline, and loyalty. Three things that will be sorely needed in days ahead."
ST_Armor,SonaiMagistrateGauntletsDesc,"As bright and colorful as the banners that hang above the high office of the Sonai magistrate, this armor set is a symbol of strength, discipline, and loyalty. Three things that will be sorely needed in days ahead."
ST_Armor,SonaiMagistrateGreavesDesc,"As bright and colorful as the banners that hang above the high office of the Sonai magistrate, this armor set is a symbol of strength, discipline, and loyalty. Three things that will be sorely needed in days ahead."
ST_Armor,SonaiMagistrateHelmDesc,"As bright and colorful as the banners that hang above the high office of the Sonai magistrate, this armor set is a symbol of strength, discipline, and loyalty. Three things that will be sorely needed in days ahead."
ST_Armor,AutumnalCuirass,Autumnal Cuirass
ST_Armor,AutumnalGauntlets,Autumnal Gauntlets
ST_Armor,AutumnalGreaves,Autumnal Greaves
ST_Armor,AutumnalHelmet,Autumnal Helmet
ST_Armor,BelwayneKnightCuirass,Belwayne Knight Cuirass
ST_Armor,BelwayneKnightGauntlets,Belwayne Knight Gauntlets
ST_Armor,BelwayneKnightGreaves,Belwayne Knight Greaves
ST_Armor,BelwayneKnightHelmet,Belwayne Knight Helmet
ST_Armor,CrimsonDragonSlayerGreavesDesc,"Burdensome greaves designed for the Nephilim  Dragon Assassins.

Though well-seasoned Dragon Assassins can move efficiently, the goal of this burdensome platemail is to protect the Nephilim's bones against the crushing blow of draconic beasts."
ST_Armor,ChampionCuirass,Champion's Cuirass
ST_Armor,ChampionGauntlets,Champion's Gauntlets
ST_Armor,ChampionGreaves,Champion's Greaves
ST_Armor,ChampionHelmet,Champion's Helmet
ST_Armor,CovenantClericCuirass,Covenant Cleric Cuirass
ST_Armor,CovenantClericGauntlets,Covenant Cleric Gauntlets
ST_Armor,CovenantClericGreaves,Covenant Cleric Greaves
ST_Armor,CovenantClericHelmet,Covenant Cleric Helmet
ST_Armor,CrimsonDragonSlayerCuirass,Crimson Dragon Assassin Cuirass
ST_Armor,CrimsonDragonSlayerGauntlets,Crimson Dragon Assassin Gauntlets
ST_Armor,CrimsonDragonSlayerGreaves,Crimson Dragon Assassin Greaves
ST_Armor,CrimsonDragonSlayerHelmet,Crimson Dragon Assassin Helmet
ST_Armor,CrimsonDragonCommanderCuirass,Crimson Dragon Commander Cuirass
ST_Armor,CrimsonDragonCommanderGauntlets,Crimson Dragon Commander Gauntlets
ST_Armor,CrimsonDragonCommanderGreaves,Crimson Dragon Commander Greaves
ST_Armor,CrimsonDragonCommanderHelmet,Crimson Dragon Commander Helmet
ST_Armor,CrimsonOathCuirass,Crimson Oath Cuirass
ST_Armor,CrimsonOathGauntlets,Crimson Oath Gauntlets
ST_Armor,CrimsonOathGreaves,Crimson Oath Greaves
ST_Armor,CrimsonOathHelmet,Crimson Oath Helmet
ST_Armor,ApostateGauntletsDesc,Crude gauntlets worn by Nephilim Apostates. Designed to invert and mock the Order of the Crimson Moon.
ST_Armor,ApostateCuriassDesc,Crude set of armor worn by Nephilim Apostates. Designed to invert and mock the Order of the Crimson Moon.
ST_Armor,Cuirass,Cuirass
ST_Armor,SovereignSentryCuriassDesc,"Cuirass belonging to the Sentries of Nachtendale's Sovereign.

Nachtendale has been the most successful and thriving city since the Rite of Desolation, in no small part to the Sovereign Sentries who've stood guard against the neighboring city states."
ST_Armor,LunarSentinelCuirassDesc,"Cuirass of the Lunar Sentinel

No symbol is more harrowing to the Lunitarian faith than that of the Lunar Sentinel, the once faithful knights in service to Lunarin before the establishment of the Church. Legend tells that Lunarin's loyal knights disagreed with the Church's teachings and refused to join the new budding faith."
ST_Armor,CrimsonDragonCommanderGreavesDesc,"Cumbersome greaves designed to be worn by the mighty Dragon Assassins. 

They trekked the mountains of Norundiir alone, in search of a lost goddess with the intent of bringing its head to the Holy Lineage."
ST_Armor,SirCamdensGreavesDesc,"Decorated red greaves belonging the Vermillion Knight of Belwayne.

The Alemendral's eldest son, Sir Camden, was a proud and distinguished representative of his family. Earning his rank as Captain after having rallied his fellow soldiers against the invaders of Acktin. Being a celebrity, he was missed dearly upon his departure."
ST_Armor,SirCamdensGauntletsDesc,"Distinct red gauntlets belonging to the Vermillion Knight of Belwayne.

The Alemendral's eldest son, Sir Camden, was a proud and distinguished representative of his family. Earning his rank as Captain after having rallied his fellow soldiers against the invaders of Acktin. Being a celebrity, he was missed dearly upon his departure."
ST_Armor,DivineOathCuirass,Divine Oath Cuirass
ST_Armor,DivineOathGauntlets,Divine Oath Gauntlets
ST_Armor,DivineOathGreaves,Divine Oath Greaves
ST_Armor,DivineOathHelmet,Divine Oath Helmet
ST_Armor,DominanceCuirass,Dominance Cuirass
ST_Armor,DominanceGauntlets,Dominance Gauntlets
ST_Armor,DominanceGreaves,Dominance Greaves
ST_Armor,DominanceHelmet,Dominance Helmet
ST_Armor,EpochCuirass,Epoch Cuirass
ST_Armor,EpochGauntlets,Epoch Gauntlets
ST_Armor,EpochGreaves,Epoch Greaves
ST_Armor,EpochHelmet,Epoch Helmet
ST_Armor,HexKnightCuirassDesc,"Forged from thrice-cursed steel by the fabled hexalalurgists of the Drakfeld Steppes, the wearing of this armor provides not just protection, but a portent of strange things to come. "
ST_Armor,HexKnightGauntletsDesc,"Forged from thrice-cursed steel by the fabled hexalalurgists of the Drakfeld Steppes, the wearing of this armor provides not just protection, but a portent of strange things to come. "
ST_Armor,HexKnightGreavesDesc,"Forged from thrice-cursed steel by the fabled hexalalurgists of the Drakfeld Steppes, the wearing of this armor provides not just protection, but a portent of strange things to come. "
ST_Armor,HexKnightHelmetDesc,"Forged from thrice-cursed steel by the fabled hexalalurgists of the Drakfeld Steppes, the wearing of this armor provides not just protection, but a portent of strange things to come. "
ST_Armor,Gauntlets,Gauntlets
ST_Armor,SovereignSentryGauntletDesc,"Gauntlets belonging to the Sentries of Nachtendale's Sovereign.

Nachtendale has been the most successful and thriving city since the Rite of Desolation, in no small part to the Sovereign Sentries who've stood guard against the neighboring city states."
ST_Armor,ChampionGauntletsDesc,"Gauntlets designed for the Champions of Litinstang.

The city state of Litinstang in southern Armaea is famous for housing gladitorial arenas. Rumor has it some apostates who fled Velchoria found a living entertaining the masses across the sea. Here"
ST_Armor,SancutsZealotGauntletDesc,"Gauntlets forged for the Sanctus Zealot. 

Legend tells of the first interfaith conflict between the anceint Lunar Sentinels and the Lunitarians Sanctus Zealots. In the end the Church was victorious by the hands of berzerk warriors who saw their faith as law."
ST_Armor,MahktenGauntletsDesc,"Gauntlets forged specifically to battle the Lord of Perdition. You'll need a strong grip on your weapon to face a Dead God, but alas, no guantlets exists that will keep your sword in your hand as you face Mahkteah's colossal club mace."
ST_Armor,LunarSentinelGauntletsDesc,"Gauntlets of the Lunar Sentinel

No symbol is more harrowing to the Lunitarian faith than that of the Lunar Sentinel, the once faithful knights in service to Lunarin before the establishment of the Church. Legend tells that Lunarin's loyal knights disagreed with the Church's teachings and refused to join the new budding faith."
ST_Armor,FelWhiteAvianGauntletsDesc,"Gorgeous white gauntlets belonging to an infamous traitor.

White Armor in reference to the fabled White Phoenix of Prosperity. An old fairy tale told to the children of Belwayne where a spectral Avian would herald an age of fortune to those under its guidance."
ST_Armor,FelWhiteAvianGreavesDesc,"Gorgeous white greaves belonging to an infamous traitor.

White Armor in reference to the fabled White Phoenix of Prosperity. An old fairy tale told to the children of Belwayne where a spectral Avian would herald an age of fortune to those under its guidance."
ST_Armor,Greaves,Greaves
ST_Armor,SovereignSentryGreavesDesc,"Greaves belonging to the Sentries of Nachtendale's Sovereign.

Nachtendale has been the most successful and thriving city since the Rite of Desolation, in no small part to the Sovereign Sentries who've stood guard against the neighboring city states."
ST_Armor,ChampionGreavesDesc,"Greaves designed for the Champions of Litinstang.

The city state of Litinstang in southern Armaea is famous for housing gladitorial arenas. Rumor has it some apostates who fled Velchoria found a living entertaining the masses across the sea. Hereription Here"
ST_Armor,SancutsZealotGreavesDesc,"Greaves forged for the Sanctus Zealot. 

Legend tells of the first interfaith conflict between the anceint Lunar Sentinels and the Lunitarians Sanctus Zealots. In the end the Church was victorious by the hands of berzerk warriors who saw their faith as law."
ST_Armor,MahktenGreavesDesc,"Greaves forged specifically to withstand the punishing blows of the Lord of Perdition. Alas, no armor exists that can protect your legs against the power of Mahkteah's colossal club mace, but wearing this, you'll look good trying."
ST_Armor,LunarSentinelGreavesDesc,"Greaves of the Lunar Sentinel

No symbol is more harrowing to the Lunitarian faith than that of the Lunar Sentinel, the once faithful knights in service to Lunarin before the establishment of the Church. Legend tells that Lunarin's loyal knights disagreed with the Church's teachings and refused to join the new budding faith."
ST_Armor,ApostateGreavesDesc,Greaves worn by Nephilim Apostates. Designed to invert and mock the Order of the Crimson Moon.
ST_Armor,HaedrikKnightCuirass,Haedrik Knight Cuirass
ST_Armor,HaedrikKnightGauntlets,Haedrik Knight Gauntlets
ST_Armor,HaedrikKnightGreaves,Haedrik Knight Greaves
ST_Armor,HaedrikKnightHelmet,Haedrik Knight Helmet
ST_Armor,OssifiedHeartCuirassDesc,Harden your heart oh seeker of salvation for your foes are formidable and the Lord of Perdition burns even the strongest of will
ST_Armor,OssifiedHeartGauntletsDesc,Harden your heart oh seeker of salvation for your foes are formidable and the Lord of Perdition burns even the strongest of will
ST_Armor,OssifiedHeartGreavesDesc,Harden your heart oh seeker of salvation for your foes are formidable and the Lord of Perdition burns even the strongest of will
ST_Armor,OssifiedHeartHelmetDesc,Harden your heart oh seeker of salvation for your foes are formidable and the Lord of Perdition burns even the strongest of will
ST_Armor,CrimsonDragonCommanderGauntletsDesc,"Hefty gauntlets made for the legendary Dragon Assassins. 

Tested against the toughest drakes the empire can acquire. Through the hands of mighty warriors and the awe-inspiring feats they accomplish, myths and legends are born, enduring through the ages."
ST_Armor,Helm,Helm
ST_Armor,SovereignSentryHelmetDesc,"Helmet belonging to the Sentries of Nachtendale's Sovereign.

Nachtendale has been the most successful and thriving city since the Rite of Desolation, in no small part to the Sovereign Sentries who've stood guard against the neighboring city states."
ST_Armor,ChampionHelmetDesc,"Helmet designed for the Champions of Litinstang.

The city state of Litinstang in southern Armaea is famous for housing gladitorial arenas. Rumor has it some apostates who fled Velchoria found a living entertaining the masses across the sea. Hereription Here"
ST_Armor,SancutsZealotHelmetDesc,"Helmet forged for the Sanctus Zealot. 

Legend tells of the first interfaith conflict between the anceint Lunar Sentinels and the Lunitarians Sanctus Zealots. In the end the Church was victorious by the hands of berzerk warriors who saw their faith as law."
ST_Armor,LunarSentinelHelmetDesc,"Helmet of the Lunar Sentinel

No symbol is more harrowing to the Lunitarian faith than that of the Lunar Sentinel, the once faithful knights in service to Lunarin before the establishment of the Church. Legend tells that Lunarin's loyal knights disagreed with the Church's teachings and refused to join the new budding faith."
ST_Armor,HexKnightCuirass,Hex Knight Cuirass
ST_Armor,HexKnightGauntlets,Hex Knight Gauntlets
ST_Armor,HexKnightGreaves,Hex Knight Greaves
ST_Armor,HexKnightHelmet,Hex Knight Helmet
ST_Armor,KeepersOathCuirass,Keeper's Oath Cuirass
ST_Armor,KeepersOathGauntlets,Keeper's Oath Gauntlets
ST_Armor,KeepersOathGreaves,Keeper's Oath Greaves
ST_Armor,KeepersOathHelmet,Keeper's Oath Helmet
ST_Armor,LunarSentinelCuirass,Lunar Sentinel Cuirass
ST_Armor,LunarSentinelGauntlets,Lunar Sentinel Gauntlets
ST_Armor,LunarSentinelGreaves,Lunar Sentinel Greaves
ST_Armor,LunarSentinelHelmet,Lunar Sentinel Helmet
ST_Armor,MahktenCuirass,Mahkten Cuirass
ST_Armor,MahktenGauntlets,Mahkten Gauntlets
ST_Armor,MahktenGreaves,Mahkten Greaves
ST_Armor,MahktenHelmet,Mahkten Helmet
ST_Armor,MidnightOathCuirass,Midnight Oath Cuirass
ST_Armor,MidnightOathGauntlets,Midnight Oath Gauntlets
ST_Armor,MidnightOathGreaves,Midnight Oath Greaves
ST_Armor,MidnightOathHelmet,Midnight Oath Helmet
ST_Armor,MoonlightOathCuirass,Moonlight Oath Cuirass
ST_Armor,MoonlightOathGauntlets,Moonlight Oath Gauntlets
ST_Armor,MoonlightOathGreaves,Moonlight Oath Greaves
ST_Armor,MoonlightOathHelmet,Moonlight Oath Helmet
ST_Armor,RevenantGauntletsDesc,"Named in honor of a revenant spirit who stood in protection over the crypts of Gildeus long ago, these gauntlets will protect your hands from the blades and bludgeons of this world. 

In a time when even death isn't permanent, it's still best not to take any chances."
ST_Armor,RevenantGreavesDesc,"Named in honor of a revenant spirit who stood in protection over the crypts of Gildeus long ago, these greaves will protect your legs from the blades and bludgeons of this world. 

In a time when even death isn't permanent, it's still best not to take any chances."
ST_Armor,RevenantCuirassDesc,"Named in honor of a revenant spirit who stood in protection over the crypts of Gildeus long ago, this cuirass will protect you from the blades and bludgeons of this world. 

In a time when even death isn't permanent, it's still best not to take any chances."
ST_Armor,RevenantHelmetDesc,"Named in honor of a revenant spirit who stood in protection over the crypts of Gildeus long ago, this helmet will protect your head from the blades and bludgeons of this world. 

In a time when even death isn't permanent, it's still best not to take any chances."
ST_Armor,ValiantGauntletsDesc,"Only the Valiant may wear this strange and prickly armor, for to wear it is to risk a view into the dark side of one’s own nature. The same spikes that point outward also point in. "
ST_Armor,ValiantGreavesDesc,"Only the Valiant may wear this strange and prickly armor, for to wear it is to risk a view into the dark side of one’s own nature. The same spikes that point outward also point in. "
ST_Armor,ValiantHelmetDesc,"Only the Valiant may wear this strange and prickly armor, for to wear it is to risk a view into the dark side of one’s own nature. The same spikes that point outward also point in. "
ST_Armor,ValiantcuirassDesc,"Only the Valiant may wear this strange and prickly armor, for to wear it is to risk a view into the dark side of one’s own nature. The same spikes that point outward also point in. "
ST_Armor,HaedrikKnightGauntletsDesc,"Ornate gauntlets once belonging to a knight in service to House Haedrik from the western lands of Armaea.

The Haedriks fled the Armaen political theatre in pursuit of new beginnings and economic supremacy. Their attractive, yet functional suits of armor dazzled the aristocracy of Gildenarch, garnering them favor and the attention of the city's major players. Few suits, such as this, were crafted for Nephilim usage."
ST_Armor,HaedrikKnightGreavesDesc,"Ornate greaves once belonging to a knight in service to House Haedrik from the western lands of Armaea.

The Haedriks fled the Armaen political theatre in pursuit of new beginnings and economic supremacy. Their attractive, yet functional suits of armor dazzled the aristocracy of Gildenarch, garnering them favor and the attention of the city's major players. Few suits, such as this, were crafted for Nephilim usage."
ST_Armor,OssifiedHeartCuirass,Ossified Heart Cuirass
ST_Armor,OssifiedHeartGauntlets,Ossified Heart Gauntlets
ST_Armor,OssifiedHeartGreaves,Ossified Heart Greaves
ST_Armor,OssifiedHeartHelmet,Ossified Heart Helmet
ST_Armor,FelWhiteAvianCuirass,Pale Ascent Cuirass
ST_Armor,FelWhiteAvianGauntlets,Pale Ascent Gauntlets
ST_Armor,FelWhiteAvianGreaves,Pale Ascent Greaves
ST_Armor,FelWhiteAvianHelmet,Pale Ascent Helmet
ST_Armor,RamCuirass,Ram Cuirass
ST_Armor,RamGauntlets,Ram Gauntlets
ST_Armor,RamGreaves,Ram Greaves
ST_Armor,RamHelmet,Ram Helmet
ST_Armor,RevenantCuirass,Revenant Cuirass
ST_Armor,RevenantGauntlets,Revenant Gauntlets
ST_Armor,RevenantGreaves,Revenant Greaves
ST_Armor,RevenantHelmet,Revenant Helmet
ST_Armor,PaganCuirass,Rotkin Cuirass
ST_Armor,PaganGauntlets,Rotkin Gauntlets
ST_Armor,PaganGreaves,Rotkin Greaves
ST_Armor,PaganHelmet,Rotkin Helmet
ST_Armor,RuinedBelwayneCuirass,Ruined Belwayne Cuirass
ST_Armor,RuinedBelwayneGauntlets,Ruined Belwayne Gauntlets
ST_Armor,RuinedBelwayneGreaves,Ruined Belwayne Greaves
ST_Armor,RuinedBelwayneHelmet,Ruined Belwayne Helmet
ST_Armor,SancutsZealotCuriass,Sanctus Zealot Cuirass
ST_Armor,SanctusZealotGauntlet,Sanctus Zealot Gauntlet
ST_Armor,SancutsZealotGreaves,Sanctus Zealot Greaves
ST_Armor,SancutsZealotHelmet,Sanctus Zealot Helmet
ST_Armor,SonaiMagistrateCuirass,Sonai Magistrate Cuirass
ST_Armor,SonaiMagistrateGauntlets,Sonai Magistrate Gauntlets
ST_Armor,SonaiMagistrateGreaves,Sonai Magistrate Greaves
ST_Armor,SonaiMagistrateHelm,Sonai Magistrate Helmet
ST_Armor,SovereignSentryCuriass,Sovereign Sentry Cuirass
ST_Armor,SovereignSentryGauntlet,Sovereign Sentry Gauntlet
ST_Armor,SovereignSentryGreaves,Sovereign Sentry Greaves
ST_Armor,SovereignSentryHelmet,Sovereign Sentry Helmet
ST_Armor,CrimsonOathCuirassDesc,"Specially crafted cuirass designed for Nephilim in service to the Knights of the Crimson Moon.

The Order of the Crimson Moon emerged during the turbulent years following Cain's Dark Crusade. By order of the Crimson Concordat, all Nephilim must serve the Lunitarian Church of Velchoria without question. These feared and respected knights uphold the imperial rule as a last line of defense, though historically this hasn't always been the case."
ST_Armor,CrimsonOathGauntletsDesc,"Specially crafted gauntlets designed for Nephilim in service to the Knights of the Crimson Moon.

The Order of the Crimson Moon emerged during the turbulent years following Cain's Dark Crusade. By order of the Crimson Concordat, all Nephilim must serve the Lunitarian Church of Velchoria without question. These feared and respected knights uphold the imperial rule as a last line of defense, though historically this hasn't always been the case."
ST_Armor,CrimsonOathGreavesDesc,"Specially crafted greaves designed for Nephilim in service to the Knights of the Crimson Moon.

The Order of the Crimson Moon emerged during the turbulent years following Cain's Dark Crusade. By order of the Crimson Concordat, all Nephilim must serve the Lunitarian Church of Velchoria without question. These feared and respected knights uphold the imperial rule as a last line of defense, though historically this hasn't always been the case."
ST_Armor,CrimsonOathHelmetDesc,"Specially crafted helmet, covered in a red hood designed for Nephilim in service to the Knights of the Crimson Moon.

The Order of the Crimson Moon emerged during the turbulent years following Cain's Dark Crusade. By order of the Crimson Concordat, all Nephilim must serve the Lunitarian Church of Velchoria without question. These feared and respected knights uphold the imperial rule as a last line of defense, though historically this hasn't always been the case."
ST_Armor,PaganGauntletsDesc,"Strong gauntlets made from the melted and reforged steel of false idols.
 
A great many pagan gods were worshipped before the unifying force of the church. Many say these old gods were demons. It’s a fine line between fighting a demon and fighting like one. "
ST_Armor,PaganGreavesDesc,"Strong greaves made from the melted and reforged steel of false idols.
 
A great many pagan gods were worshipped before the unifying force of the church. Many say these old gods were demons. It’s a fine line between fighting a demon and fighting like one. "
ST_Armor,BelwayneKnightGauntletsDesc,"Stunning gauntlets worn by Belwayne's fierce defenders. Adorned in their phoenix heraldry.

Threatened by the arrival of Solomon and the Nachtstahl Steel Mills, the Alemendrals called upon their homeland's knights to protect their interests in Gildenarch. Turning the city's Gilded and Mill Wards into centers of tension between the competing powers."
ST_Armor,BelwayneKnightGreavesDesc,"Stunning greaves worn by Belwayne's fierce defenders. Adorned in their phoenix heraldry.

Threatened by the arrival of Solomon and the Nachtstahl Steel Mills, the Alemendrals called upon their homeland's knights to protect their interests in Gildenarch. Turning the city's Gilded and Mill Wards into centers of tension between the competing powers."
ST_Armor,VampireCuirass,Telvaught Cuirass
ST_Armor,TelvaughtExcoriatorCuirass,Telvaught Excoriator Cuirass
ST_Armor,TelvaughtExcoriatorGauntlets,Telvaught Excoriator Gauntlets
ST_Armor,TelvaughtExcoriatorGreaves,Telvaught Excoriator Greaves
ST_Armor,TelvaughtExcoriatorHelmet,Telvaught Excoriator Helmet
ST_Armor,VampireGauntlets,Telvaught Gauntlets
ST_Armor,VampireGreaves,Telvaught Greaves
ST_Armor,VampireHelmet,Telvaught Helmet
ST_Armor,TelvaughtSageCuirass,Telvaught Sage Cuirass
ST_Armor,TelvaughtSageGauntlets,Telvaught Sage Gauntlets
ST_Armor,TelvaughtSageGreaves,Telvaught Sage Greaves
ST_Armor,TelvaughtSageHelmet,Telvaught Sage Helmet
ST_Armor,TelvaughtSageCuirassDesc,"The Sages of Clan Telvaught have had centuries to perfect their craft, weaving magic into their armor increasing their resilience and amplifying their power"
ST_Armor,TelvaughtSageGauntletsDesc,"The Sages of Clan Telvaught have had centuries to perfect their craft, weaving magic into their armor increasing their resilience and amplifying their power"
ST_Armor,TelvaughtSageGreavesDesc,"The Sages of Clan Telvaught have had centuries to perfect their craft, weaving magic into their armor increasing their resilience and amplifying their power"
ST_Armor,TelvaughtSageHelmetDesc,"The Sages of Clan Telvaught have had centuries to perfect their craft, weaving magic into their armor increasing their resilience and amplifying their power"
ST_Armor,RuinedBelwayneCuirassDesc,"Tragically marred armor, once worn by a knight of Belwayne.

A soldier may die, but the steel lives on. May it protect you more than it did the last wearer."
ST_Armor,RuinedBelwayneGauntletsDesc,"Tragically marred gauntlets, once worn by a knight of Belwayne.

A soldier may die, but the steel lives on. May it protect you more than it did the last wearer."
ST_Armor,RuinedBelwayneGreavesDesc,"Tragically marred greaves, once worn by a knight of Belwayne.

A soldier may die, but the steel lives on. May it protect you more than it did the last wearer."
ST_Armor,RuinedBelwayneHelmetDesc,"Tragically marred helmet, once worn by a knight of Belwayne.

A soldier may die, but the steel lives on. May this helmet protect your head better than the last wearer."
ST_Armor,CrimsonDragonSlayerGauntletsDesc,"Unwieldy gauntlets for mortal man, and mildly uncomfortable for Nephilim.

It takes a special kind of Nephilim to wield a greatsword while adorned in this armor."
ST_Armor,Valiantcuirass,Valiant Cuirass
ST_Armor,ValiantGauntlets,Valiant Gauntlets
ST_Armor,ValiantGreaves,Valiant Greaves
ST_Armor,ValiantHelmet,Valiant Helmet
ST_Armor,VerdigrisCuirass,Verdigris Cuirass
ST_Armor,VerdigrisGauntlets,Verdigris Gauntlets
ST_Armor,VerdigrisGreaves,Verdigris Greaves
ST_Armor,VerdigrisHelmet,Verdigris Helmet
ST_Armor,SirCamdensCuirass,Vermillion Knight Cuirass
ST_Armor,SirCamdensGauntlets,Vermillion Knight Gauntlets
ST_Armor,SirCamdensGreaves,Vermillion Knight Greaves
ST_Armor,SirCamdensHelmet,Vermillion Knight Helmet
ST_Armor,WatchmansOathCuirass,Watchman's Oath Cuirass
ST_Armor,WatchmansOathGauntlets,Watchman's Oath Gauntlets
ST_Armor,WatchmansOathGreaves,Watchman's Oath Greaves
ST_Armor,WatchmansOathHelmet,Watchman's Oath Helmet
ST_Armor,TelvaughtExcoriatorCuirassDesc,"Worn by the Excoriator's of the Telvaught Clan, this armor is unknown to the world as those beyond the clan who have seen it no longer remain"
ST_Armor,TelvaughtExcoriatorGauntletsDesc,"Worn by the Excoriator's of the Telvaught Clan, this armor is unknown to the world as those beyond the clan who have seen it no longer remain"
ST_Armor,TelvaughtExcoriatorGreavesDesc,"Worn by the Excoriator's of the Telvaught Clan, this armor is unknown to the world as those beyond the clan who have seen it no longer remain"
ST_Armor,TelvaughtExcoriatorHelmetDesc,"Worn by the Excoriator's of the Telvaught Clan, this armor is unknown to the world as those beyond the clan who have seen it no longer remain"
ST_Armor,MahktenHelmetDesc,"You'll want to keep your wits about you—and still in your skull, when fighting a dead god. Forged specifically to withstand the punishing blows of the Lord of Perdition, that's what this helmet was designed to do. Alas, no armor exists that can protect your head against the power of Mahkteah's colossal club mace. Still, it's better than nothing."
ST_ATTRIBUTES,ATT_AngelicGrace,Angelic Grace
ST_ATTRIBUTES,AttackSpeed,Attack Speed
ST_ATTRIBUTES,BleedResistance,Bleed Resistance
ST_ATTRIBUTES,CastingSpeed,Casting Speed
ST_ATTRIBUTES,CharacterStats,Character Stats
ST_ATTRIBUTES,CurseResistance,Curse Resistance
ST_ATTRIBUTES,DamagePower,Damage Power
ST_ATTRIBUTES,Defense,Defense
ST_ATTRIBUTES,ATT_Dexterity,Dexterity
ST_ATTRIBUTES,ATT_Endurance,Endurance
ST_ATTRIBUTES,EquipLoad,Equip Load
ST_ATTRIBUTES,ATT_Health,Health
ST_ATTRIBUTES,ATT_Intelligence,Intelligence
ST_ATTRIBUTES,ATT_Mana,Mana
ST_ATTRIBUTES,ATT_Mysticism,Mysticism
ST_ATTRIBUTES,Nephilim,Nephilim
ST_ATTRIBUTES,ATT_Occultism,Occultism
ST_ATTRIBUTES,ATT_Poise,Poise
ST_ATTRIBUTES,PoisonResistance,Poison Resistance
ST_ATTRIBUTES,ATT_Stamina,Stamina
ST_ATTRIBUTES,ATT_Strength,Strength
ST_ATTRIBUTES,ATT_Vitality,Vitality
ST_ATTRIBUTES,ATT_Willpower,Willpower
ST_ATTRIBUTES,ATT_Wisdom,Wisdom
ST_Blueprints,CallElevator,Call Elevator
ST_Blueprints,Consumable,Consumable
ST_Blueprints,Craft,Craft
ST_Blueprints,LoreScrollFound,Lore Scroll Found!
ST_Blueprints,Material,Material
ST_Blueprints,Note,Note
ST_Blueprints,OneHandedSword,One Handed Sword
ST_Blueprints,Purchase,Purchase
ST_Blueprints,Recipe,Recipe
ST_Blueprints,Shield,Shield
ST_Blueprints,Technique,Technique
ST_Blueprints,Trinkets,Trinkets
ST_BoonDescriptions,EnduringVowDesc,+15 Max Stamina.
ST_BoonDescriptions,FontOfLightDesc,+15% Angelic Grace Recovery.
ST_BoonDescriptions,RelentlessMomentumDesc,+20% Damage from Sprint Attacks.
ST_BoonDescriptions,OathboundArtsDesc,+20% Elemental Damage.
ST_BoonDescriptions,UnyieldingPyreDesc,+25% Burning Duration.
ST_BoonDescriptions,EnduringRageDesc,+25% Enraged Duration.
ST_BoonDescriptions,VivisectionDesc,+30% Riposte Damage.
ST_BoonDescriptions,SoulboundSorceryDesc,+5% Elemental Damage per 1000 Souls held (max +50%).
ST_BoonDescriptions,SoulboundMightDesc,+5% Physical Damage per 1000 Souls held (max +50%).
ST_BoonDescriptions,RadiantFortitudeDesc,+50 Max Health.
ST_BoonDescriptions,DivineReservoirDesc,+50 Max Mana.
ST_BoonDescriptions,HealingHandsDesc,+50% Ally Revive speed.
ST_BoonDescriptions,RadiantFortitudeDesc_Dynamic,+{0} Max Health.
ST_BoonDescriptions,DivineReservoirDesc_Dynamic,+{0} Max Mana.
ST_BoonDescriptions,EnduringVowDesc_Dynamic,+{0} Max Stamina.
ST_BoonDescriptions,HealingHandsDesc_Dynamic,+{0}% Ally Revive speed.
ST_BoonDescriptions,FontOfLightDesc_Dynamic,+{0}% Angelic Grace Recovery.
ST_BoonDescriptions,UnyieldingPyreDesc_Dynamic,+{0}% Burning Duration.
ST_BoonDescriptions,RelentlessMomentumDesc_Dynamic,+{0}% Damage from Sprint Attacks.
ST_BoonDescriptions,SoulboundSorceryDesc_Dynamic,+{0}% Elemental Damage per 1000 Souls held (max +50%).
ST_BoonDescriptions,OathboundArtsDesc_Dynamic,+{0}% Elemental Damage.
ST_BoonDescriptions,EnduringRageDesc_Dynamic,+{0}% Enraged Duration.
ST_BoonDescriptions,SoulboundMightDesc_Dynamic,+{0}% Physical Damage per 1000 Souls held (max +50%).
ST_BoonDescriptions,VivisectionDesc_Dynamic,+{0}% Riposte Damage.
ST_BoonDescriptions,RisingTempoDesc,"After 3 hits on a single Target within 3 seconds, you gain Rage."
ST_BoonDescriptions,FlurryOfBlowsDesc,"After 3 hits on a single Target within 3 seconds, you recover 15 Stamina."
ST_BoonDescriptions,FlurryOfBlowsDesc_Dynamic,"After 3 hits on a single Target within 3 seconds, you recover {0} Stamina."
ST_BoonDescriptions,RisingTempoDesc_Dynamic,"After {0} hits on a single Target within 3 seconds, you gain Rage."
ST_BoonDescriptions,StrongBrewDesc,All Health and Mana Flask restoration effects are doubled on the player.
ST_BoonDescriptions,StrongBrewDesc_Dynamic,All Health and Mana Flask restoration effects are doubled on the player.
ST_BoonDescriptions,SanguineSliceDesc,Attacks apply 100 Bleed.
ST_BoonDescriptions,SanguineSliceDesc_Dynamic,Attacks apply {0} Bleed.
ST_BoonDescriptions,CrusadersMightDesc,Attacks deal +20 Physical Damage.
ST_BoonDescriptions,CrusadersMightDesc_Dynamic,Attacks deal +{0} Physical Damage.
ST_BoonDescriptions,Garrote,Backstab inflicts Bleeding.
ST_BoonDescriptions,Garrote_Dynamic,Backstab inflicts Bleeding.
ST_BoonDescriptions,PatientZeroDesc,Being Poisoned no longer Damages you.
ST_BoonDescriptions,PatientZeroDesc_Dynamic,Being Poisoned no longer Damages you.
ST_BoonDescriptions,VowOfRetributionDesc,Bonus Damage from Marked increased by 25%.
ST_BoonDescriptions,VowOfRetributionDesc_Dynamic,Bonus Damage from Marked increased by {0}%.
ST_BoonDescriptions,FontOfConvictionDesc,Charged Heavy Attack hits against Marked enemies recover 15 Mana.
ST_BoonDescriptions,FontOfConvictionDesc_Dynamic,Charged Heavy Attack hits against Marked enemies recover {0} Mana.
ST_BoonDescriptions,CrimsonSmiteDesc,Charged Heavy Attack hits apply 750 Bleed.
ST_BoonDescriptions,CrimsonSmiteDesc_Dynamic,Charged Heavy Attack hits apply {0} Bleed.
ST_BoonDescriptions,ExtraSuppliesDesc,Consumable drops reward an additional Consumable.
ST_BoonDescriptions,ExtraSuppliesDesc_Dynamic,Consumable drops reward an additional Consumable.
ST_BoonDescriptions,ConsecratedDraughtDesc,Consuming a Flask grants Rage (3 stacks).
ST_BoonDescriptions,ConsecratedDraughtDesc_Dynamic,Consuming a Flask grants Rage ({0} stacks).
ST_BoonDescriptions,GuardianAngelDesc,Entering Angel Ascension creates a zone where players inside gain 30% Resistance to all damage.
ST_BoonDescriptions,GuardianAngelDesc_Dynamic,Entering Angel Ascension creates a zone where players inside gain {0}% Resistance to all damage.
ST_BoonDescriptions,EdictOfCondemnationDesc,Executing an enemy Marks all enemies within 7 meters.
ST_BoonDescriptions,EdictOfCondemnationDesc_Dynamic,Executing an enemy Marks all enemies within {0} meters.
ST_BoonDescriptions,ExecutorsStrengthDesc,Executing an enemy grants +5 Max Health.
ST_BoonDescriptions,ManaDrainDesc,Executing an enemy grants +5 Max Mana.
ST_BoonDescriptions,InvigoratingBloodDesc,Executing an enemy grants +5 Max Stamina.
ST_BoonDescriptions,ExecutorsStrengthDesc_Dynamic,Executing an enemy grants +{0} Max Health.
ST_BoonDescriptions,ManaDrainDesc_Dynamic,Executing an enemy grants +{0} Max Mana.
ST_BoonDescriptions,InvigoratingBloodDesc_Dynamic,Executing an enemy grants +{0} Max Stamina.
ST_BoonDescriptions,AbsolutionInIceDesc,Freezing marked enemies deals a large amount of cold damage to them.
ST_BoonDescriptions,AbsolutionInIceDesc_Dynamic,Freezing marked enemies deals a large amount of cold damage to them.
ST_BoonDescriptions,BrewmasterDesc,Gain 1 additional Max Potion.
ST_BoonDescriptions,BrewmasterDesc_Dynamic,Gain {0} additional Max Potion.
ST_BoonDescriptions,SanguineSlamDesc,Heavy Attack hits apply 500 Bleed.
ST_BoonDescriptions,SanguineSlamDesc_Dynamic,Heavy Attack hits apply {0} Bleed.
ST_BoonDescriptions,CleansingPestilenceDesc,Heavy attack hits have a 30% chance to apply poison.  Poison attacks deal +35 Poison.
ST_BoonDescriptions,CleansingPestilenceDesc_Dynamic,Heavy attack hits have a 30% chance to apply poison.  Poison attacks deal +{0} Poison.
ST_BoonDescriptions,DeathWardDesc,"If an attack would drop you to 0 Health or lower and you have a Health Flask available, you recover Health equal to 50% of the Healing value of your Flask and it is expended. (Cooldown: 30 seconds)."
ST_BoonDescriptions,DeathWardDesc_Dynamic,"If an attack would drop you to 0 Health or lower and you have a Health Flask available, you recover Health equal to 50% of the Healing value of your flask and it is expended. (Cooldown: 30 seconds)."
ST_BoonDescriptions,DivineReprieveDesc,"If you kill 3 or more enemies while in Angel Ascension, you recover a Health Flask when you exit."
ST_BoonDescriptions,DivineReprieveDesc_Dynamic,"If you kill {0} or more enemies while in Angel Ascension, you recover a Health Flask when you exit."
ST_BoonDescriptions,ExecutionersRewardDesc,Killing an enemy with a Weapon Art recovers 30 Health.
ST_BoonDescriptions,ExecutionersRewardDesc_Dynamic,Killing an enemy with a Weapon Art recovers {0} Health.
ST_BoonDescriptions,Sanguimancer,Light Attack hits against a Bleeding enemy recover 15 Mana.
ST_BoonDescriptions,Sanguimancer_Dynamic,Light Attack hits against a Bleeding enemy recover {0} Mana.
ST_BoonDescriptions,FrozenVowDesc,Light Attack hits apply 200 Frost.
ST_BoonDescriptions,SanguineStrikeDesc,Light Attack hits apply 250 Bleed.
ST_BoonDescriptions,SanguineStrikeDesc_Dynamic,Light Attack hits apply {0} Bleed.
ST_BoonDescriptions,FrozenVowDesc_Dynamic,Light Attack hits apply {0} Frost.
ST_BoonDescriptions,SunderingStrikesDesc,Light Attack hits have a 50% chance to apply Sunderance.
ST_BoonDescriptions,SunderingStrikesDesc_Dynamic,Light Attack hits have a {0}% chance to apply Sunderance.
ST_BoonDescriptions,ToxicStrikeDesc,Light attack hits apply 250 Poison.
ST_BoonDescriptions,ToxicStrikeDesc_Dynamic,Light attack hits apply {0} Poison.
ST_BoonDescriptions,FrenzyDesc,"On Killing an Elite enemy, you gain Rage."
ST_BoonDescriptions,FrenzyDesc_Dynamic,"On Killing an Elite enemy, you gain Rage."
ST_BoonDescriptions,FrostbrandSealDesc,Parrying an enemy applies 1000 Frost.
ST_BoonDescriptions,FrostbrandSealDesc_Dynamic,Parrying an enemy applies {0} Frost.
ST_BoonDescriptions,OathswornReturnDesc,Recover 1 Life in your Life Pool upon accepting.
ST_BoonDescriptions,OathswornReturnDesc_Dynamic,Recover 1 Life in your Life Pool upon accepting.
ST_BoonDescriptions,FrostboundChargeDesc,Sprint Attack hits apply 1000 Frost.
ST_BoonDescriptions,ScorchingChargeDesc,Sprint Attack hits apply Burning.
ST_BoonDescriptions,ScorchingChargeDesc_Dynamic,Sprint Attack hits apply Burning.
ST_BoonDescriptions,FrostboundChargeDesc_Dynamic,Sprint Attack hits apply {0} Frost.
ST_BoonDescriptions,AscendantAurasDesc,Weapon Art Auras are doubled in size.
ST_BoonDescriptions,AscendantAurasDesc_Dynamic,Weapon Art Auras are doubled in size.
ST_BoonDescriptions,AftershockTechniqueDesc,Weapon Art attacks that create Damage Zones fire twice.
ST_BoonDescriptions,AftershockTechniqueDesc_Dynamic,Weapon Art attacks that create Damage Zones fire twice.
ST_BoonDescriptions,FlowOfCombatDesc,Weapon Art damage grants Rage.
ST_BoonDescriptions,FlowOfCombatDesc_Dynamic,Weapon Art damage grants Rage.
ST_BoonDescriptions,DefiantVigorDesc,"When an enemy hits you with an Unblocked Melee Attack, you recover 20 Stamina."
ST_BoonDescriptions,DefiantVigorDesc_Dynamic,"When an enemy hits you with an Unblocked Melee Attack, you recover {0} Stamina."
ST_BoonDescriptions,JudgmentsMarkDesc,"When you Block an enemy attack, there is a 15% chance to apply Marked to the enemy. "
ST_BoonDescriptions,JudgmentsMarkDesc_Dynamic,"When you Block an enemy attack, there is a {0}% chance to apply Marked to the enemy."
ST_BoonDescriptions,SunfireAegisDesc,"When you Block an enemy attack, they have a 50% chance to suffer Burning."
ST_BoonDescriptions,SunfireAegisDesc_Dynamic,"When you Block an enemy attack, they have a {0}% chance to suffer Burning."
ST_BoonDescriptions,AegisOfFrostDesc,"When you Block an enemy attack, they take 350 Frost."
ST_BoonDescriptions,AegisOfFrostDesc_Dynamic,"When you Block an enemy attack, they take {0} Frost."
ST_BoonDescriptions,OnAPaleHorseDesc,"When you Enter Angel Ascension, Poison all enemies within 5 meters, Weapon Attacks in Angel Ascension apply 250 Poison."
ST_BoonDescriptions,OnAPaleHorseDesc_Dynamic,"When you Enter Angel Ascension, Poison all enemies within {0} meters, Weapon Attacks in Angel Ascension apply {1} Poison."
ST_BoonDescriptions,DivineMandateDesc,"When you Enter or Exit Angel Ascension, all enemies within 7 meters of you are Marked."
ST_BoonDescriptions,DivineMandateDesc_Dynamic,"When you Enter or Exit Angel Ascension, all enemies within {0} meters of you are Marked."
ST_BoonDescriptions,ScourgeOfTheUnfaithfulDesc,"When you Kill an enemy, all enemies within 7 meters of you suffer Sunderance."
ST_BoonDescriptions,ScourgeOfTheUnfaithfulDesc_Dynamic,"When you Kill an enemy, all enemies within {0} meters of you suffer Sunderance."
ST_BoonDescriptions,TrialOfTheFallenDesc,"When you Kill an enemy, you gain Rage."
ST_BoonDescriptions,TrialOfTheFallenDesc_Dynamic,"When you Kill an enemy, you gain Rage."
ST_BoonDescriptions,ReapersRespiteDesc,"When you Kill an enemy, you recover 15 Health."
ST_BoonDescriptions,ReapersRespiteDesc_Dynamic,"When you Kill an enemy, you recover {0} Health."
ST_BoonDescriptions,ShieldOfManyDesc,"When you Parry an enemy attack, all enemies within 7 meters of you are pushed back. (Cooldown: 10 seconds)"
ST_BoonDescriptions,ShieldOfManyDesc_Dynamic,"When you Parry an enemy attack, all enemies within 7 meters of you are pushed back. (Cooldown: 10 seconds)"
ST_BoonDescriptions,SealOfBlightDesc,"When you Parry an enemy, they become Poisoned."
ST_BoonDescriptions,SealOfBlightDesc_Dynamic,"When you Parry an enemy, they become Poisoned."
ST_BoonDescriptions,SealOfFlameDesc,"When you Parry an enemy, they suffer Burning (2 Stacks)."
ST_BoonDescriptions,SealOfFlameDesc_Dynamic,"When you Parry an enemy, they suffer Burning ({0} Stacks)."
ST_BoonDescriptions,CrushingRebukeDesc,"When you Parry an enemy, they take (150 Physical Damage)."
ST_BoonDescriptions,CrushingRebukeDesc_Dynamic,"When you Parry an enemy, they take ({0} Physical Damage)."
ST_BoonDescriptions,ResoundingFlamesDesc,"When you Parry, enemies within 7 meters suffer Burning."
ST_BoonDescriptions,ResoundingFlamesDesc_Dynamic,"When you Parry, enemies within {0} meters suffer Burning."
ST_BoonDescriptions,HeavenfireBurstDesc,"When you activate Angel Mode, enemies within 5 meters suffer Burning."
ST_BoonDescriptions,HeavenfireBurstDesc_Dynamic,"When you activate Angel Mode, enemies within {0} meters suffer Burning."
ST_BoonDescriptions,CleansingConflagrationDesc,"When you apply Burning to an enemy, enemies within 5 meters of them suffer Burning."
ST_BoonDescriptions,CleansingConflagrationDesc_Dynamic,"When you apply Burning to an enemy, enemies within {0} meters of them suffer Burning."
ST_BoonDescriptions,ScorchingTechniqueDesc,"When you damage an enemy with a Weapon Art, they have a 75% chance to suffer Burning."
ST_BoonDescriptions,ScorchingTechniqueDesc_Dynamic,"When you damage an enemy with a Weapon Art, they have a {0}% chance to suffer Burning."
ST_BoonDescriptions,ChaliceOfConquestDesc,"When you have 0 Health Flasks, you will restore a Health Flask after hitting enemies 8 times."
ST_BoonDescriptions,ChaliceOfConquestDesc_Dynamic,"When you have 0 Health Flasks, you will restore a Health Flask after hitting enemies {0} times."
ST_BoonDescriptions,AshenVerdictDesc,When you hit a Burning enemy with a Heavy Attack they have a 50% chance to be Knocked Down.
ST_BoonDescriptions,AshenVerdictDesc_Dynamic,When you hit a Burning enemy with a Heavy Attack they have a {0}% chance to be Knocked Down.
ST_BoonDescriptions,GracefulStrikeDesc,"When you hit a Marked enemy with a Light Attack, you recover 1 Angelic Grace."
ST_BoonDescriptions,GracefulStrikeDesc_Dynamic,"When you hit a Marked enemy with a Light Attack, you recover {0} Angelic Grace."
ST_BoonDescriptions,DivineFocusDesc,"When you hit a Staggered enemy, they become Marked."
ST_BoonDescriptions,DivineFocusDesc_Dynamic,"When you hit a Staggered enemy, they become Marked."
ST_BoonDescriptions,PyromancerDesc,"When you hit a Target with a Weapon Art, they suffer Burning."
ST_BoonDescriptions,PyromancerDesc_Dynamic,"When you hit a Target with a Weapon Art, they suffer Burning."
ST_BoonDescriptions,BrandOfJudgementDesc,"When you hit an enemy with a Heavy Attack, they have a 75% chance to become Marked."
ST_BoonDescriptions,ScorchingVerdictDesc,"When you hit an enemy with a Heavy Attack, they have a 75% chance to suffer Burning."
ST_BoonDescriptions,BrandOfJudgementDesc_Dynamic,"When you hit an enemy with a Heavy Attack, they have a {0}% chance to become Marked."
ST_BoonDescriptions,ScorchingVerdictDesc_Dynamic,"When you hit an enemy with a Heavy Attack, they have a {0}% chance to suffer Burning."
ST_BoonDescriptions,JudgmentOfWinterDesc,"When you hit an enemy with a Heavy Attack, they suffer 350 Frost."
ST_BoonDescriptions,JudgmentOfWinterDesc_Dynamic,"When you hit an enemy with a Heavy Attack, they suffer {0} Frost."
ST_BoonDescriptions,VigorousStrikesDesc,"When you hit an enemy with a Heavy Attack, you recover 10 Stamina."
ST_BoonDescriptions,VigorousStrikesDesc_Dynamic,"When you hit an enemy with a Heavy Attack, you recover {0} Stamina."
ST_BoonDescriptions,BlessedMomentumDesc,"When you hit an enemy with a Light Attack while Enraged, you gain Rage."
ST_BoonDescriptions,BlessedMomentumDesc_Dynamic,"When you hit an enemy with a Light Attack while Enraged, you gain Rage."
ST_BoonDescriptions,HuntersStrikeDesc,"When you hit an enemy with a Light Attack, they have a 25% chance to become Marked."
ST_BoonDescriptions,HuntersStrikeDesc_Dynamic,"When you hit an enemy with a Light Attack, they have a {0}% chance to become Marked."
ST_BoonDescriptions,SanctifiedRhythmDesc,"When you hit an enemy with a Light Attack, you have a 25% chance to gain Rage."
ST_BoonDescriptions,SanctifiedRhythmDesc_Dynamic,"When you hit an enemy with a Light Attack, you have a {0}% chance to gain Rage."
ST_BoonDescriptions,SanguineChargeDesc,"When you hit an enemy with a Sprint Attack, they take 1000 Bleed."
ST_BoonDescriptions,SanguineChargeDesc_Dynamic,"When you hit an enemy with a Sprint Attack, they take {0} Bleed."
ST_BoonDescriptions,ResoundingChargeDesc,"When you hit an enemy with a Sprint Attack, you gain +25 Stamina."
ST_BoonDescriptions,ResoundingChargeDesc_Dynamic,"When you hit an enemy with a Sprint Attack, you gain +{0} Stamina."
ST_BoonDescriptions,MomentumChargeDesc,"When you hit an enemy with a Sprint Attack, you gain Rage (2 stacks)."
ST_BoonDescriptions,MomentumChargeDesc_Dynamic,"When you hit an enemy with a Sprint Attack, you gain Rage ({0} stacks)."
ST_BoonDescriptions,TrialByFlameDesc,"When you hit an enemy with a Weapon Attack, they have a 25% chance to suffer Burning."
ST_BoonDescriptions,TrialByFlameDesc_Dynamic,"When you hit an enemy with a Weapon Attack, they have a {0}% chance to suffer Burning."
ST_BoonDescriptions,WrathfulSmiteDesc,"When you hit an enemy with a fully Charged Heavy Attack, you recover 3 Angelic Grace."
ST_BoonDescriptions,WrathfulSmiteDesc_Dynamic,"When you hit an enemy with a fully Charged Heavy Attack, you recover {0} Angelic Grace."
ST_BoonDescriptions,MartyrsGiftDesc,"When you take Damage, you recover Mana equal to 25% of the amount taken."
ST_BoonDescriptions,MartyrsGiftDesc_Dynamic,"When you take Damage, you recover Mana equal to {0}% of the amount taken."
ST_BoonDescriptions,AngelicStrengthDesc,"While Angel Ascension is active, your Weapon Attacks gain +20% Bonus Attack Power."
ST_BoonDescriptions,AngelicStrengthDesc_Dynamic,"While Angel Ascension is active, your Weapon Attacks gain +{0}% Bonus Attack Power."
ST_BoonDescriptions,HardenedFuryDesc,While Enraged you gain 20% bonus to all Resistances.
ST_BoonDescriptions,HardenedFuryDesc_Dynamic,While Enraged you gain {0}% bonus to all Resistances.
ST_BoonDescriptions,TemplarReviveDesc,"While Reviving an Ally, you gain +50% Damage Resistance and +50% Poise Damage Resistance."
ST_BoonDescriptions,TemplarReviveDesc_Dynamic,"While Reviving an Ally, you gain +{0}% Damage Resistance and +50% Poise Damage Resistance."
ST_BoonDescriptions,TrialOfSufferingDesc,"While suffering from (Burn, Frost, Poison, or Bleed), you gain +25% Attack Bonus to all Attacks"
ST_BoonDescriptions,TrialOfSufferingDesc_Dynamic,"While suffering from (Burn, Frost, Poison, or Bleed), you gain +{0}% Attack Bonus to all Attacks"
ST_BoonDescriptions,SecondWindDesc,"While your Health is at or below 40%, you gain 100% Bonus to Stamina Recovery."
ST_BoonDescriptions,LastBastionDesc,"While your Health is at or below 40%, you gain a +40 Bonus to Physical Defenses."
ST_BoonDescriptions,LastBastionDesc_Dynamic,"While your Health is at or below 40%, you gain a +{0} Bonus to Physical Defenses."
ST_BoonDescriptions,DivineEnduranceDesc,"While your Health is at or below 40%, you gain a 100% Bonus to Angelic Grace Recovery."
ST_BoonDescriptions,DivineEnduranceDesc_Dynamic,"While your Health is at or below 40%, you gain a {0}% Bonus to Angelic Grace Recovery."
ST_BoonDescriptions,SecondWindDesc_Dynamic,"While your Health is at or below 40%, you gain {0}% Bonus to Stamina Recovery."
ST_BoonDescriptions,LastLightDesc,"While your Health is at or below 40%, you recover 1% of your Health each second."
ST_BoonDescriptions,LastLightDesc_Dynamic,"While your Health is at or below 40%, you recover {1}% of your Health each second."
ST_BoonDescriptions,ZealOfTheFaithfulDesc,You and Allies within 10 meters of you deal (+10% Damage vs Burning enemies).
ST_BoonDescriptions,ZealOfTheFaithfulDesc_Dynamic,You and Allies within 10 meters of you deal (+{0}% Damage vs Burning enemies).
ST_BoonDescriptions,CrownOfCindersDesc,You do not take Damage from Burning effects.
ST_BoonDescriptions,CrownOfCindersDesc_Dynamic,You do not take Damage from Burning effects.
ST_BoonDescriptions,CrusadersFrostDesc,Your Cold Effects gain +10 power.
ST_BoonDescriptions,CrusadersFrostDesc_Dynamic,Your Cold Effects gain +{0} power.
ST_BoonDescriptions,PurgingFireDesc,Your Fire Effects gain +35 power.
ST_BoonDescriptions,PurgingFireDesc_Dynamic,Your Fire Effects gain +{0} power.
ST_Boons,AbsolutionInIce,Absolution in Ice
ST_Boons,AegisOfFrost,Aegis of Frost
ST_Boons,AftershockTechnique,Aftershock Technique
ST_Boons,Amulet,Amulet
ST_Boons,AngelicStrength,Angelic Strength
ST_Boons,AscendantAuras,Ascendant Auras
ST_Boons,AshenVerdict,Ashen Verdict
ST_Boons,BlessedMomentum,Blessed Momentum
ST_Boons,BrandOfJudgment,Brand of Judgment
ST_Boons,Brewmaster,Brewmaster
ST_Boons,ChaliceOfConquest,Chalice of Conquest
ST_Boons,CleansingConflagration,Cleansing Conflagration
ST_Boons,CleansingPestilence,Cleansing Pestilence
ST_Boons,ConsecratedDraught,Consecrated Draught
ST_Boons,CrimsonSmite,Crimson Smite
ST_Boons,CrownOfCinders,Crown of Cinders
ST_Boons,CrusadersFrost,Crusader's Frost
ST_Boons,CrusadersMight,Crusader's Might
ST_Boons,CrushingRebuke,Crushing Rebuke
ST_Boons,DeathWard,Death Ward
ST_Boons,DefiantVigor,Defiant Vigor
ST_Boons,DivineEndurance,Divine Endurance
ST_Boons,DivineFocus,Divine Focus
ST_Boons,DivineMandate,Divine Mandate
ST_Boons,DivineReprieve,Divine Reprieve
ST_Boons,DivineReservoir,Divine Reservoir
ST_Boons,EdictOfCondemnation,Edict of Condemnation
ST_Boons,EnduringRage,Enduring Rage
ST_Boons,EnduringVow,Enduring Vow
ST_Boons,ExecutionersReward,Executioner's Reward
ST_Boons,ExecutorsStrength,Executor's Strength
ST_Boons,ExtraSupplies,Extra Supplies
ST_Boons,FlowOfCombat,Flow of Combat
ST_Boons,FlurryOfBlows,Flurry of Blows
ST_Boons,FontOfConviction,Font of Conviction
ST_Boons,FontOfLight,Font of Light
ST_Boons,Frenzy,Frenzy
ST_Boons,FrostboundCharge,Frostbound Charge
ST_Boons,FrostbrandSeal,Frostbrand Seal
ST_Boons,FrozenVow,Frozen Vow
ST_Boons,Garrote,Garrote
ST_Boons,GracefulStrike,Graceful Strike
ST_Boons,GuardianAngel,Guardian Angel
ST_Boons,HardenedFury,Hardened Fury
ST_Boons,HealingHands,Healing Hands
ST_Boons,HeavenfireBurst,Heavenfire Burst
ST_Boons,SunfireAegis,Holy Fire Aegis
ST_Boons,HuntersStrike,Hunter's Strike
ST_Boons,InvigoratingBlood,Invigorating Blood
ST_Boons,JudgmentOfWinter,Judgment of Winter
ST_Boons,JudgmentsMark,Judgment's Mark
ST_Boons,LastBastion,Last Bastion
ST_Boons,LastLight,Last Light
ST_Boons,ManaDrain,Mana Drain
ST_Boons,MartyrsGift,Martyr's Gift
ST_Boons,MomentumCharge,Momentum Charge
ST_Boons,OathboundArts,Oathbound Arts
ST_Boons,OathswornReturn,Oathsworn Return
ST_Boons,OnAPaleHorse,On A Pale Horse
ST_Boons,PatientZero,Patient Zero
ST_Boons,PurgingFire,Purging Fire
ST_Boons,Pyromancer,Pyromancer
ST_Boons,RadiantFortitude,Radiant Fortitude
ST_Boons,ReapersRespite,Reaper's Respite
ST_Boons,RelentlessMomentum,Relentless Momentum
ST_Boons,ResoundingCharge,Resounding Charge
ST_Boons,ResoundingFlames,Resounding Flames
ST_Boons,RisingTempo,Rising Tempo
ST_Boons,SanctifiedRhythm,Sanctified Rhythm
ST_Boons,Sanguimancer,Sanguimancer
ST_Boons,SanguineCharge,Sanguine Charge
ST_Boons,SanguineSlam,Sanguine Slam
ST_Boons,SanguineSlice,Sanguine Slice
ST_Boons,SanguineStrike,Sanguine Strike
ST_Boons,ScorchingCharge,Scorching Charge
ST_Boons,ScorchingTechnique,Scorching Technique
ST_Boons,ScorchingVerdict,Scorching Verdict
ST_Boons,ScourgeOfTheUnfaithful,Scourge of the Unfaithful
ST_Boons,SealOfBlight,Seal of Blight
ST_Boons,SealOfFlame,Seal of Flame
ST_Boons,SecondWind,Second Wind
ST_Boons,ShieldOfMany,Shield of Many
ST_Boons,SoulboundMight,Soulbound Might
ST_Boons,SoulboundSorcery,Soulbound Sorcery
ST_Boons,StrongBrew,Strong Brew
ST_Boons,SunderingStrikes,Sundering Strikes
ST_Boons,TemplarRevive,Templar Revive
ST_Boons,ToxicStrike,Toxic Strike
ST_Boons,TrialByFlame,Trial by Flame
ST_Boons,TrialOfSuffering,Trial of Suffering
ST_Boons,TrialOfTheFallen,Trial of the Fallen
ST_Boons,Trinket,Trinket
ST_Boons,Trinkets,Trinkets
ST_Boons,UnyieldingPyre,Unyielding Pyre
ST_Boons,VigorousStrikes,Vigorous Strikes
ST_Boons,Vivisection,Vivisection
ST_Boons,VowOfRetribution,Vow of Retribution
ST_Boons,WrathfulSmite,Wrathful Smite
ST_Boons,ZealOfTheFaithful,Zeal of the Faithful
ST_BossDefeatScreens,CardinalMathias,Cardinal Mathias
ST_BossDefeatScreens,BruteDemon,Demon Brute
ST_BossDefeatScreens,TheDryRotKing,"E'frae, The Dry Rot King"
ST_BossDefeatScreens,FelwylAscended,"Felwyl, The Ascended"
ST_BossDefeatScreens,Felwyl,"Felwyl, The Withered"
ST_BossDefeatScreens,Egregore,Flesh-Wrought Egregore
ST_BossDefeatScreens,GeneralValahk,General Valahk - Nor
ST_BossDefeatScreens,Mahkteah,"Mahkteah, The Lord of Perdition"
ST_BossDefeatScreens,Solomon,Solomon
ST_BossDefeatScreens,TheWarden,The Warden
ST_BossDefeatScreens,Tyrigon,Tyrigon 
ST_BossDefeatScreens,WardBoss,VANQUISHED
ST_BossDefeatScreens,MiniBoss,VESSEL FELLED
ST_BuildNotes,BuildNotes_Current,"Please record your gameplay whenever possible to assist QA in tracking down bugs, and play in co-op if you're able to. Remember to delete your saves!

Check out what's new in today's playtest:

• Changes to the War Table UI and flow - let us know what you think!
• UI polish throughout the game - HUD, objectives, Loadout, etc
• Environment tweaks and polish continues on Wall Tower, Elk Grove Academy, and Moore Manor
• Work continues on VFX optimization, achivements, and various controller changes 
• More boons and boons polish and adjustments to Weapon Arts
• Lots and lots of bug fixes! 

NOTE: The full run will take longer than the scheduled time to complete, so please consider playing beyond the playtest if you have time, and don't overwrite your save. If you end the game in the Hub, you should continue your progress to the next mission in your previous run when you come back."
ST_ConsumableDescriptions,FlamingRebuke,Deals {Damage} Fire Damage to attacker when hit.
ST_Consumables,HeavyWeightDesc,A bludgeoning cannonball thrown to concuss a foe.  Sometimes the simplest tools are the sharpest.
ST_Consumables,BloodseekerBladeDesc,"A heavy spur-bladed knife. Inflicts Bleed, and will drop to the ground if its target is killed within three seconds."
ST_Consumables,PoisonedThrowingKnifeDesc,A poisoned knife used by assassins. A skillful hunter knows their greatest weapon is patience.
ST_Consumables,ExplosiveBombDesc,A shell packed with black powder.  Explodes with concussive force.
ST_Consumables,ImmolationBombDesc,A stack of oily grenades whose volatile unguents can fill a corridor with fire.
ST_Consumables,ThrowingKnifeDesc,A throwing knife used by rogues. A clever wielder knows precisely when to strike from afar.
ST_Consumables,ExplosiveBombs,"Black powder, scrap iron, and Gajov’s contempt for delicate work. "
ST_Consumables,BloodseekerBladeName,Bloodseeker Blade
ST_Consumables,ThrowingKnife,"Cheap steel from Lotte’s stall. Light enough to hurl, sharp enough to remind a thing it can still bleed."
ST_Consumables,CrusadersMightElixirName,Crusader's Might Elixir
ST_Consumables,DivineRetributionElixirName,Divine Retribution Elixir
ST_Consumables,HeavyWeight,"Drops fast, lands harder. There is poetry in this, but mostly there is iron. "
ST_Consumables,ElixirOfGloryName,Elixir of Glory
ST_Consumables,ExplosiveBombName,Explosive Bomb
ST_Consumables,FlamingRebukeElixirName,Flaming Rebuke Elixir
ST_Consumables,DivineRetributionElixirDesc,"For 3 seconds, block the next attack, dealing a burst of damage when the attack is blocked."
ST_Consumables,DivineRetributionElixir,"For three seconds, the Choir intervenes. After that, you’re on your own. "
ST_Consumables,HardeningElixirDesc,"Gain 75% Bonus to Slashing/Piercing/Crushing Defense, and your attacks cannot be interrupted by damage. Lasts for 20 seconds."
ST_Consumables,OathboundOil,"Gajov mutters something while he stirs it. Translation lost. Effect, not. "
ST_Consumables,HardeningOil,Gajov’s recipe. He calls it “no die paste” and refuses to elaborate. 
ST_Consumables,FlamingRebukeElixirDesc,"Grants a Flaming Rebuke when consumed, dealing fire damage to enemies that hit you. "
ST_Consumables,HolyFireElixirDesc,Grants temporary Fire Power when consumed.
ST_Consumables,CrusadersMightElixirDesc,Grants temporary Physical Power when consumed.
ST_Consumables,ElixirOfGloryDesc,Grants temporary health restoration on enemy kills when consumed.
ST_Consumables,HardeningElixirName,Hardening Elixir
ST_Consumables,HeavyWeightName,Heavy Weight
ST_Consumables,HolyFireElixirName,Holy Fire Elixir
ST_Consumables,ImmolationBombName,Immolation Bomb
ST_Consumables,ImmolationElixirName,Immolation Elixir
ST_Consumables,PoisonedThrowingKnives,"Lotte sources the venom from “a guy in the Southern Ward.” He doesn’t ask, you shouldn’t either. "
ST_Consumables,OathboundElixirName,Oathbound Elixir
ST_Consumables,ImmolationBombs,Pitch and slag from the Nachtstahl mills. Hellgrowth burns just like any other weed.
ST_Consumables,PoisonedThrowingKnifeName,Poisoned Throwing Knife
ST_Consumables,BloodseekerBlade,Spur-bladed and hungry. Sufficient. 
ST_Consumables,ImmolationElixir,The Hellgrowth was meant to consume. This turns the consumer into the flame. 
ST_Consumables,FlamingRebukeElixir,The Reborn taught Gildenarch how easily the faithful burn. This returns the lesson. 
ST_Consumables,OathboundElixirDesc,The next 5 Heavy Attacks gain (+33% Bonus Attack Power). Lasts 60 seconds or until all charges used.
ST_Consumables,Throwable,Throwable
ST_Consumables,ThrowingKnifeName,Throwing Knife
ST_Consumables,Crusader’sMightElixir,"Twenty seconds of saintly violence. Enough for the work, never enough for the war."
ST_Consumables,ImmolationElixirDesc,You suffer Burning (1 stack). Every 3 seconds for the next 15 seconds enemies within 7 meters of you suffer Burning (1 stack).
ST_ControllerSettings,ControllerVibration_SettingName_PS,Controller Vibration
ST_ControllerSettings,ControllerVibration_SettingName_XSX,Controller Vibration
ST_ControllerSettings,ControllerVibration_SettingDesc_PS,Enable or disable controller vibration.
ST_ControllerSettings,ControllerVibration_SettingDesc_XSX,Enable or disable controller vibration.
ST_Controls,IA_Aim,Aim
ST_Controls,IA_AngelMode,Angel Ascension
ST_Controls,IA_AngelMode2,Angel Ascension 2
ST_Controls,IA_AngelSense,Angel Sense
ST_Controls,IA_UI_Settings_Apply,Apply Settings
ST_Controls,IA_Attack,Attack
ST_Controls,IA_Block,Block
ST_Controls,IA_Cancel,Cancel
ST_Controls,IA_ChangeInfo,Change Info
ST_Controls,IA_InteractCollect,Collect
ST_Controls,Compare,Compare
ST_Controls,IA_Consumable,Consumable
ST_Controls,IA_Crouch,Crouch
ST_Controls,IA_CycleConsumableItems,Cycle Consumable
ST_Controls,IA_CycleConsumables,Cycle Consumables
ST_Controls,IA_CycleLeftHandItems,Cycle Left Hand
ST_Controls,IA_CycleLeftWeapons,Cycle Left Weapons
ST_Controls,IA_CycleRightHandItems,Cycle Right Hand
ST_Controls,IA_CycleRightWeapons,Cycle Right Weapons
ST_Controls,IA_CycleSort,Cycle Sort
ST_Controls,IA_CycleAimedWeapon,Cycle Throwables
ST_Controls,IA_UI_Settings_ValueDecrease,Decrease
ST_Controls,DefaultGamepad,Default Gamepad
ST_Controls,DefaultKBM,Default Keyboard & Mouse
ST_Controls,IA_Dodge,Dodge
ST_Controls,IA_ExitLoadout,EXIT LOADOUT
ST_Controls,IA_Equip,Equip
ST_Controls,IA_Execute,Execute
ST_Controls,IA_HeavyAttack,Heavy Attack
ST_Controls,IA_HeavyAttackReleased,Heavy Attack
ST_Controls,IA_Scroll,IA_Scroll
ST_Controls,IA_InteractImbue,Imbue
ST_Controls,IA_UI_Settings_ValueIncrease,Increase
ST_Controls,IA_Interact,Interact
ST_Controls,IA_Jump,Jump
ST_Controls,IA_Move,Move
ST_Controls,IA_InteractOpen,Open
ST_Controls,IA_Parry,Parry
ST_Controls,IA_InteractPull,Pull
ST_Controls,IA_Purify,Purify
ST_Controls,IA_InteractPush,Push
ST_Controls,IA_InteractRead,Read
ST_Controls,IA_ResetCamera,ResetCamera
ST_Controls,IA_ResetCameraDesc,Resets Camera Behind Player
ST_Controls,IA_SelectOtherReward,Selected the other random rewards on the item purification station
ST_Controls,IA_SelectPurifyItem,SelectedPurifyItem
ST_Controls,IA_InteractShop,Shop
ST_Controls,IA_SkipCinematic,Skip Cinematic
ST_Controls,IA_Sprint,Sprint
ST_Controls,IA_SprintHold,Sprint (Hold)
ST_Controls,IA_InteractTalk,Talk
ST_Controls,IT_TargetLockOn,Target Lock On
ST_Controls,IA_Targeting,Targeting
ST_Controls,IA_Unequip,Unequip
ST_Controls,IA_InteractUse,Use
ST_Controls,IA_UseConsumable,Use Consumable
ST_Controls,IA_Grapple,Weapon Art
ST_DeathScreen,DS_Death,RECLAIMED
ST_DeathScreen,DS_SubText,You've been recalled to the Order for your failures.
ST_DialogBoxStrings,AbandonRunHeader,Abandon Run?
ST_DialogBoxStrings,AbandonRunBody,"Are you sure you want to end the Run and leave the current session?

Your run progress and souls will be lost.

You will be returned to the Sanctus Clypeus."
ST_DialogBoxStrings,QuitSessionGenericBody,"Are you sure you want to leave the current session?

Your Run progress, souls, and equipment will be saved and you will be returned to the main menu."
ST_DialogBoxStrings,QuitSessionBody,"Are you sure you want to leave the current session?

Your run progress, souls, and equipment will be saved. The current mission progress will be lost. 

You will be returned to the main menu."
ST_DialogBoxStrings,AbandonRunGenericBody,Are you sure you want to return to the hub?
ST_DialogBoxStrings,QuitGameGenericBody,"Are you sure?

Your Run progress, souls, and character will be saved and the game will exit."
ST_DialogBoxStrings,QuitGameBody,"Are you sure? 

Your Run progress, souls, and equipment will be saved. The current mission progress will be lost. The game will exit. "
ST_DialogBoxStrings,OptionBack,Back
ST_DialogBoxStrings,OptionConfirm,Confirm
ST_DialogBoxStrings,ChunkInstallHeader,Installing Required Contents
ST_DialogBoxStrings,QuitSessionHeader,Leave Session?
ST_DialogBoxStrings,ChunkInstallBody,"To continue the game requires additional content to install.
Once the content has installed you will be able to progress."
ST_DialogText,Dialg_DeleteSave,"Are you sure you want to delete this save?

You will lose all progress and items."
ST_GlobalString,Close,Close
ST_GlobalString,Interact,Interact
ST_GlobalString,Ok,Ok
ST_GlobalString,Select,Select
ST_GlobalString,Skip,Skip
ST_GlobalString,Sort,Sort
ST_GlobalString,Sorted,Sorted - 
ST_GlobalString,Track,Track
ST_GlobalString,Untrack,Untrack
ST_Hud,Compass_Cardinal_East,E
ST_Hud,FlasksRefilled,FLASKS REFILLED
ST_Hud,FullHealth,HEALTH FULL
ST_Hud,LEVEL,LEVEL
ST_Hud,FullMana,MANA FULL
ST_Hud,MAX,MAX
ST_Hud,Compass_Cardinal_North,N
ST_Hud,YouDied,RECLAIMED
ST_Hud,Compass_Cardinal_South,S
ST_Hud,Select,Select
ST_Hud,SinglePlayer,Single Player
ST_Hud,Compass_Cardinal_West,W
ST_Hud,MeterDistance,{DistanceInMeters}m
ST_InformationScrollData,Story_NephilimGoHome_TextBody,"

Go 

Away"
ST_InformationScrollData,Story_DryRotKing1_MagistratusText,"""Rot"""
ST_InformationScrollData,Story_Nightmare1_MagistratusText,"""The Tree"""
ST_InformationScrollData,Story_BehemothConstruction1_MagistratusText,"""The Warden"""
ST_InformationScrollData,Story_ScoutNote2_TextBody,"(Before you is the journal of the Nephilim Irvine Gaertner. Its passages detail reports on the Southern Ward’s survivors, unusual pockets of Hellgrowth, and a harrowing account of the scouts being hunted by Death Knights. A particular passage catches your eye.)

Ryker, the stubborn lass, is going to get herself killed. She followed the Death Knights into some tunnels beneath the Windmill. We need to get a message out to the Order at once. I am heading to the top and sending out a flare immediately. Something terrible is happening beneath this place."
ST_InformationScrollData,Story_ScoutNote1_TextBody,"(The page is severely weathered, mired in mud and dried blood. Upon further inspection, a particular passage stands out.)

Nac-Fei Death Knights have been spotted trafficking survivors to the Graveyard and Windmill. We attempted to follow them, but we’ve been caught off guard.
We’re holding the line while Sister Ryker and Brother Irvine pursue the Nac-Fei up the windmill.

In morte sumus liberi"
ST_InformationScrollData,Hublore_AbraxasStones_ScoutText,Abraxas Stones & Plot
ST_InformationScrollData,Story_Inquisition_TextBody,"An inquisition? Has the Cardinal lost his mind? You don't need to convince me that this cult is a problem, but you aren't winning public favor by kicking in doors and turning people's homes over. This is exactly what these cretins want and the Archspire Chapter is playing right into it. Worse yet, there's talk of holding suspected heretics in Shoreditch Prison - can you believe it?!

This place is going to hell, and honestly, I want no part in it. I hope this note finds you Aeryn. If you've any sense, we'll ditch our post and flee through the sewers before nightfall. -Cretchys"
ST_InformationScrollData,Tutorial_Angel1_ScoutText,Angel
ST_InformationScrollData,Hublore_Orator1_TextBody,"Approach the Orator to hear the passive narration of your progress in Crimson Moons's story.

The home of Gelwyn Argyle, the soul of the esteemed High Orator, delivers sermons from beyond the grave."
ST_InformationScrollData,Hublore_Armory_ScoutText,Armory
ST_InformationScrollData,Hublore_ArmoryGate_ScoutText,Armory Gate
ST_InformationScrollData,Tutorial_Backstab1_ScoutText,Backstab
ST_InformationScrollData,Tutorial_BasicControls_ScoutText,Basic Controls
ST_InformationScrollData,Hublore_AbraxasStones_TextBody,"Before you are the Abraxas Stones, that bind the souls of powerful beings known as the Dead Gods.

Deep within Gildenarch are ancient ruins harboring these wicked Stones.

The Infernal Lost Legion and their servants have uncovered them and channeled their power into the twisted Godsreach Spire. A dire and imminent threat to our realm that tears apart the protective veil with each passing moment.

To prevent this tragedy, the Knights of the Crimson Moon work tirelessly to procure the Abraxas Stones, slay the Dead Gods within them, and sever the Spire from its power source.

Once the Spire is disrupted, the Order will charge its halls and end the madness threatening our realm."
ST_InformationScrollData,Story_DryRotKing1_ScoutText,Bloody Note
ST_InformationScrollData,Story_Inquisition_ScoutText,Bloody Note
ST_InformationScrollData,Story_NephilimGoHome_MagistratusText,Bloody Note
ST_InformationScrollData,Story_BehemothConstruction1_ScoutText,Cultist's Journal Excerpt
ST_InformationScrollData,Story_Inquisition_MagistratusText,Desertion?
ST_InformationScrollData,Story_Nightmare1_ScoutText,Dream Journal
ST_InformationScrollData,Hublore,HUB
ST_InformationScrollData,Hublore_Leaderboards1_ScoutText,Hall of the Fallen
ST_InformationScrollData,Hublore_Librarian1_TextBody,"Here you can Turn in Emergent Quests for valuable resources and access Lore Codices.

This is the home of Librarian Mereda, Lore Mistress for the Order, who manages ancient texts and Apocryphal Lore."
ST_InformationScrollData,Hublore_Merchant1_TextBody,"Here you can purchase items from the Merchant to assist in your Runs.

The home of Lotte Ananta, the mysterious trader, provides Nephilim valuable resources for a price."
ST_InformationScrollData,Hublore_Blacksmith2_TextBody,"Here, you can visit the blacksmith to upgrade and acquire new gear.

The home of the infamous Gajov Resnyk, legendary vampiric blacksmith for the Order."
ST_InformationScrollData,Tutorial_Inventory_TextBody,"In your travels, you will encounter many items you interact with via your inventory.

Press Start and navigate to your inventory.

Equip Weapons, Armor, and Consumables in their proper slots to use them."
ST_InformationScrollData,Tutorial_Inventory_ScoutText,Inventory & Items
ST_InformationScrollData,Story_ScoutNote2_ScoutText,Irvine's Journal
ST_InformationScrollData,Hublore_Librarian1_ScoutText,Librarian
ST_InformationScrollData,Tutorial_Backstab1_TextBody,"Lock onto target by clicking down on Right Stick or MMB.

Approach slowly by lightly pressing down on left stick or tapping W.

When the white reticle turns red press R1 or LMB to perform a backstab.

Backstabs can be perform mid-combat if you manage to get behind a target."
ST_InformationScrollData,Story_PropertySiezure_MagistratusText,NOTICE
ST_InformationScrollData,Tutorial_Angel1_TextBody,"Nephilim can call upon the power of their Angelic Lineage to transform and unleash a devestating array of attacks and abilities.

Press 'LS+RS' at the same time or the 'R-key' to transform.

Attacks in your Nephilim form recharge your Angelic Grace Meter. The player drops their held Angelic Grace upon death.

Angels have unique abilities and movesets depending upon their Sigil.

New Sigils are acquired via exploration or defeating Apostate Nephilim who have betrayed the Order.

When a Nephilim has found a new Sigil they can return to the HUB's Transmitorium to have the Sigil inscribed into them."
ST_InformationScrollData,Tutorial_WeaponArts1_TextBody,"Nephilim can perform unique attacks called Weapon Arts.

Weapon Arts are mapped to the top of your tool belt, use up on D Pad or Arrow Keys to switch between different Weapon Arts.

To perform a Weapon Art, press left trigger or alt-key.

Weapon Arts consume your Mana Pool. Use Mana Flasks, Rest at Altars, or acquire Mana Restoration Boons to recharge your Mana Pool."
ST_InformationScrollData,Story_Nightmare1_TextBody,"Once more, I am roused from my sleep by gut-wrenching nightmares. The frequency is now unbearable, and I can no longer sustain my life this way.

Again I find myself in the graveyard behind St. Uriel’s chapel, under that same accursed crimson moonlight basking the yard in an ethereal haze.

There, cloaked men gathered around that rotten, gnarled tree, whispering profane and terrible things before a woman chained to its trunk. Suddenly, I am taken behind her eyes, and I witness the men brandish a knife.

I am spared witness to the bloodshed, but I cannot help but feel it's true.

Why am I seeing this?"
ST_InformationScrollData,Hublore_Teleporter1_TextBody,"Once your business in the Armory is completed, proceed through the portal to begin your Run."
ST_InformationScrollData,Hublore_Orator1_ScoutText,Orator
ST_InformationScrollData,Story_ScoutNote1_ScoutText,Overrun
ST_InformationScrollData,Tutorial_BasicControls_TextBody,"Placeholder for New Controls

Gamepad

Mouse & Keyboard"
ST_InformationScrollData,Hublore_Teleporter1_ScoutText,Portal
ST_InformationScrollData,Story_ScoutNote_MagistratusText,Scout's Journal Excerpt
ST_InformationScrollData,Story_DryRotKing1_TextBody,"Take us, o’ father of beasts.
May our bodies join you and our souls nourish yours."
ST_InformationScrollData,Hublore_Blacksmith2_ScoutText,The Blacksmith
ST_InformationScrollData,Hublore_Merchant1_ScoutText,The Merchant
ST_InformationScrollData,Story_BehemothConstruction1_TextBody,"The Shepherds have returned with another haul of cattle from the surface. In accordance with our instructions from Lord Felwil, we’ll separate healthy adult males from those who can be fodder for the Hellgrowth.

The men will be carefully vetted to determine their ability to withstand the Growth Hormone derived from the new strain of Infernal Flora.

It is expected that at least 7 out of the first 10 will die, the surviving 3 will move on to the next round of hormones. Should any perish, we are instructed to scavenge the limbs that have achieved the most growth.

It is not expected that one male will survive every round of injections; rather, the orders inform us to expect upwards of 29 healthy adult males to create the construct; the fewer, the better for efficiency's sake.

Should this creation, Felwil calls “Warden,” be successful, we are to report our success to him for the next phase of the project."
ST_InformationScrollData,Hublore_Transmitorium1_TextBody,"This exotic piece of divine technology inscribes Angelic Sigils into the flesh of Nephilim, allowing them to easily and readily call upon their Angelic power.

By acquiring new Sigils, the Nephilim can return to the Transmitorium to inscribe different Angels who excel in different forms of combat, traversal, and defense.

A skilled Nephilim will utilize Angels that complement their unique combat style to maximize their efficiency as a warrior on the battlefield."
ST_InformationScrollData,Hublore_Armory_TextBody,"This is the Armory.

Here you can select and manage your Loadouts, stat allocation, and Angel.

Once you have made your choices, the gate to your selected run will open."
ST_InformationScrollData,Hublore_ArmoryGate_TextBody,To open the gate and access the Armory you must first choose a Run from the War Table.
ST_InformationScrollData,Hublore_Transmitorium1_ScoutText,Transmitorium
ST_InformationScrollData,Tutorial_MagistratusText,Tutorial
ST_InformationScrollData,Story_PropertySiezure_TextBody,"Under the Inquisition Act of 760, this property has been temporarily seized by the Archspire Chapter under suspicion of Heresy and Treason against the Lunitarian Empire. Prior owners are required to request an audience with the Chapter's Inquisition and undergo a thorough investigation before their property rights are restored. Any attempts to reclaim this property will be met with arrest and fines of up to 1000 Drakes. Failure to request a hearing will result in fines of up to 100 Drakes and may lead to extended suspension or loss of property rights.

Posting Start: 5/4/782
Posting End: TBD
Deadline to Request Hearing: 5/8/782

- Inquisitor Aldus Geory. Power vested in by Cardinal Mathias of the Archspire Chapter."
ST_InformationScrollData,Hublore_WarTable1_TextBody,"Use the War Table to select your Runs.

The War Table is the center of planning for the Knights of the Crimson Moon. New missions are added here as you progress in the story."
ST_InformationScrollData,Hublore_Leaderboards1_TextBody,"View your accomplishments and leaderboard status here.

Here, the Order tracks the merits of exceptional Nephilim and celebrates their achievements."
ST_InformationScrollData,Hublore_WarTable1_ScoutText,War Table
ST_InformationScrollData,Story_NephilimGoHome_ScoutText,Warning
ST_InformationScrollData,Tutorial_WeaponArts1_ScoutText,Weapon Arts
ST_InformationScrollData,Story_PropertySiezure_ScoutText,Weathered Property siezure notice
ST_Inventory,BuyItem,Buy Item
ST_Inventory,ChangeInfo,Change Info
ST_Inventory,CycleSort,Cycle Sort
ST_InventoryScreens,Armory,Armory
ST_InventoryScreens,ArmoryCollection,Armory Collection
ST_InventoryScreens,Attributes,Attributes
ST_InventoryScreens,Boons,Boons
ST_InventoryScreens,BuyItem,Buy Item
ST_InventoryScreens,Quality_Common,Common
ST_InventoryScreens,Daggers,Daggers
ST_InventoryScreens,DamagePower,Damage Power
ST_InventoryScreens,Defense,Defense
ST_InventoryScreens,Quality_Epic,Epic
ST_InventoryScreens,EquipLoad,Equip Load
ST_InventoryScreens,Equipment,Equipment
ST_InventoryScreens,Fire,Fire
ST_InventoryScreens,Game,Game
ST_InventoryScreens,IntScaling,Int Scaling
ST_InventoryScreens,Inventory,Inventory
ST_InventoryScreens,Quality_Legendary,Legendary
ST_InventoryScreens,Loadout,Loadout 
ST_InventoryScreens,Physical,Physical
ST_InventoryScreens,Piercing,Piercing
ST_InventoryScreens,PurifiedItems,Purified Items
ST_InventoryScreens,QuestLog,Quest Log
ST_InventoryScreens,Quests,Quests
ST_InventoryScreens,Quality_Rare,Rare
ST_InventoryScreens,Spears,Spears
ST_InventoryScreens,StrScaling,Str Scaling
ST_InventoryScreens,Swords,Swords
ST_InventoryScreens,TotalAttackDMG,Total Attack Damage
ST_InventoryScreens,Quality_Uncommon,Uncommon
ST_InventoryScreens,BoonsScreenSubtitle,VIEW AND INSPECT YOUR CURRENTLY ACQUIRED BOON EFFECTS
ST_InventoryScreens,BoonsDescription,View and inspect your currently acquired Boon effects
ST_InventoryScreens,EquipmentDescription,View and inspect your equipped loadout and reserved items
ST_InventoryScreens,PurifiedItemsDescription,View and inspect your permanent collection of purified equipment
ST_InventoryScreens,QuestLogDescription,View and track your current Quests
ST_InventoryScreens,WeaponArtName,Weapon Art Name
ST_InventoryScreens,Weight,Weight
ST_ItemDetailLabels,SE_Frozen_Description,"After Frost stacks accumulate the target is frozen, stopping their movement and action."
ST_ItemDetailLabels,BackstabBonus,Backstab Bonus
ST_ItemDetailLabels,BackstabStaminaCost,Backstab Stamina Cost
ST_ItemDetailLabels,BaseAttack,Base Attack
ST_ItemDetailLabels,BasePoise,Base Poise
ST_ItemDetailLabels,BaseStance,Base Stance
ST_ItemDetailLabels,Bleed,Bleed
ST_ItemDetailLabels,SE_Bleed_Name,Bleed
ST_ItemDetailLabels,BleedBonus,Bleed Bonus
ST_ItemDetailLabels,BleedDefense,Bleed Defense
ST_ItemDetailLabels,BleedResistance,Bleed Resistance
ST_ItemDetailLabels,BlockAmount,Block Amount
ST_ItemDetailLabels,BlockHalfAngle,Block Half Angle
ST_ItemDetailLabels,BlockStaminaCost,Block Stamina Cost
ST_ItemDetailLabels,SE_Burn_Name,Burn
ST_ItemDetailLabels,Cold,Cold
ST_ItemDetailLabels,ColdBonus,Cold Bonus
ST_ItemDetailLabels,ColdDefense,Cold Defense
ST_ItemDetailLabels,ColdResistance,Cold Resistance
ST_ItemDetailLabels,Crushing,Crushing
ST_ItemDetailLabels,CrushingBonus,Crushing Bonus
ST_ItemDetailLabels,CrushingDefense,Crushing Defense
ST_ItemDetailLabels,CrushingResistance,Crushing Resistance
ST_ItemDetailLabels,Curse,Curse
ST_ItemDetailLabels,CurseBonus,Curse Bonus
ST_ItemDetailLabels,CurseDefense,Curse Defense
ST_ItemDetailLabels,CurseResistance,Curse Resistance
ST_ItemDetailLabels,Damage,Damage
ST_ItemDetailLabels,DamageType,Damage Type
ST_ItemDetailLabels,Defense,Defense
ST_ItemDetailLabels,Equipped,Equipped
ST_ItemDetailLabels,Fire,Fire
ST_ItemDetailLabels,FireBonus,Fire Bonus
ST_ItemDetailLabels,FireDefense,Fire Defense
ST_ItemDetailLabels,FireResistance,Fire Resistance
ST_ItemDetailLabels,SE_Frost_Name,Frost
ST_ItemDetailLabels,SE_Frozen_Name,Frozen
ST_ItemDetailLabels,GuardBoost,Guard Boost
ST_ItemDetailLabels,Magic,Magic
ST_ItemDetailLabels,MagicBonus,Magic Bonus
ST_ItemDetailLabels,MagicDefense,Magic Defense
ST_ItemDetailLabels,MagicResistance,Magic Resistance
ST_ItemDetailLabels,SE_Mark_Name,Marked
ST_ItemDetailLabels,MaxHealth,Max Health
ST_ItemDetailLabels,MaxMana,Max Mana
ST_ItemDetailLabels,MaxStamina,Max Stamina
ST_ItemDetailLabels,New,New
ST_ItemDetailLabels,ParryDuration,Parry Duration
ST_ItemDetailLabels,ParryPerfectPoiseDamage,Parry Perfect Poise Damage
ST_ItemDetailLabels,ParryPerfectStaminaGain,Parry Perfect Stamina Gain
ST_ItemDetailLabels,ParryPerfectStanceDamage,Parry Perfect Stance Damage
ST_ItemDetailLabels,ParryPoiseDamage,Parry Poise Damage
ST_ItemDetailLabels,ParryStaminaCost,Parry Stamina Cost
ST_ItemDetailLabels,ParryStanceDamage,Parry Stance Damage
ST_ItemDetailLabels,ParryingPerfectWindowBeginSeconds,Parrying Perfect Window Begin Seconds
ST_ItemDetailLabels,ParryingPerfectWindowEndSeconds,Parrying Perfect Window End Seconds
ST_ItemDetailLabels,ParryingWindowBeginSeconds,Parrying Window Begin Seconds
ST_ItemDetailLabels,ParryingWindowEndSeconds,Parrying Window End Seconds
ST_ItemDetailLabels,PerfectParryDuration,Perfect Parry Duration
ST_ItemDetailLabels,PhysicalDefense,Physical Defense
ST_ItemDetailLabels,Piercing,Piercing
ST_ItemDetailLabels,PiercingBonus,Piercing Bonus
ST_ItemDetailLabels,PiercingDefense,Piercing Defense
ST_ItemDetailLabels,PiercingResistance,Piercing Resistance
ST_ItemDetailLabels,Poise,Poise
ST_ItemDetailLabels,PoiseBonus,Poise Bonus
ST_ItemDetailLabels,PoiseDefense,Poise Defense
ST_ItemDetailLabels,PoiseMax,Poise Max
ST_ItemDetailLabels,PoiseResistance,Poise Resistance
ST_ItemDetailLabels,Poison,Poison
ST_ItemDetailLabels,SE_Poison_Name,Poison
ST_ItemDetailLabels,PoisonBonus,Poison Bonus
ST_ItemDetailLabels,PoisonDefense,Poison Defense
ST_ItemDetailLabels,PoisonResistance,Poison Resistance
ST_ItemDetailLabels,Pure,Pure
ST_ItemDetailLabels,PureBonus,Pure Bonus
ST_ItemDetailLabels,PureDefense,Pure Defense
ST_ItemDetailLabels,PureResistance,Pure Resistance
ST_ItemDetailLabels,SE_Rage_Name,Rage
ST_ItemDetailLabels,ShieldRaiseSeconds,Shield Raise Seconds
ST_ItemDetailLabels,Slashing,Slashing
ST_ItemDetailLabels,SlashingBonus,Slashing Bonus
ST_ItemDetailLabels,SlashingDefense,Slashing Defense
ST_ItemDetailLabels,SlashingResistance,Slashing Resistance
ST_ItemDetailLabels,StaminaCost,Stamina Cost
ST_ItemDetailLabels,Stance,Stance
ST_ItemDetailLabels,StanceBonus,Stance Bonus
ST_ItemDetailLabels,StanceDefense,Stance Defense
ST_ItemDetailLabels,StanceResistance,Stance Resistance
ST_ItemDetailLabels,SE_Sunderance_Name,Sunderance
ST_ItemDetailLabels,SE_Frost_Description,Target gains frost stacks that slow and damage them.
ST_ItemDetailLabels,SE_Rage_Description,Target gains increased damage amplified by the number of stacks.
ST_ItemDetailLabels,SE_Sunderance_Description,Target has lowered resistance to all status effects and damage.
ST_ItemDetailLabels,SE_Mark_Description,Target is Marked by evil and takes higher critical damage from hits.
ST_ItemDetailLabels,SE_Poison_Description,Target is poisoned and takes damage over time once enough poison stacks are added.
ST_ItemDetailLabels,SE_Burn_Description,"Target is set on fire, taking damage over time based on fire stacks. Dodge roll to deactivate."
ST_ItemDetailLabels,SE_Bleed_Description,Target takes damage over time while bleeding.
ST_ItemDetailLabels,Weight,Weight
ST_LoadingScreens,LS_bloodfuryboon,A Bleeding enemy should speed your blade. Do not suffer them to live.
ST_LoadingScreens,LS_Sanguiboon,A bleeding enemy makes a valuable target.
ST_LoadingScreens,LS_Heavenstithe,All shall pay Heaven's Tithe. Slay five or more enemies while fighting as an angel and your grace increases upon returning to mortal flesh.
ST_LoadingScreens,LS_Nexusgate,During your runs you can acquire boons from Nexus Gates. These are temporary buffs that remain with you during your runs but go away afterwards.
ST_LoadingScreens,LS_Blockhint,"In the haze of battle, defense is your best ally. Your grace increases with each successful block, up to 33%."
ST_LoadingScreens,LS_Purification,Only the pure shall pass. Items you manage to keep upon completing a run will become Purified and will remain with you in future loadouts.
ST_LoadingScreens,LS_rekilled,"Remember, what's reborn can be rekilled. None are beyond the reach of an angel's sword."
ST_LoadingScreens,LS_Surgeboon,"The flesh remembers the angel's form. When exiting Angel Ascension, you have unlimited Stamina that lasts for 5 seconds. Use this time wisely."
ST_LoadingScreens,LS_Angelicboon,"Through your angelic lineage, untold power flows through your sword. Use it to make the unclean pay for their sins. "
ST_LoadingScreens,LS_Divineboon,To hit a Staggered enemy is to mark them. Now finish them.
ST_LoadOut,AddLoadoutName,+ Loadout {LoadoutNumber}
ST_LoadOut,Slot_All,All
ST_LoadOut,Slot_Amulet,Amulet
ST_LoadOut,Angel,Angel
ST_LoadOut,Slot_Arms,Arms
ST_LoadOut,Slot_Body,Body
ST_LoadOut,ChooseLoadout,Choose loadout
ST_LoadOut,ChooseYourGear,Choose your starting gear before embarking on your excursion
ST_LoadOut,Clear,Clear
ST_LoadOut,ClearHold,Clear (HOLD)
ST_LoadOut,Close,Close
ST_LoadOut,Compare,Compare Equipped
ST_LoadOut,Slot_Consumable,Consumable
ST_LoadOut,Create,Create
ST_LoadOut,Delete,Delete
ST_LoadOut,Edit,Edit
ST_LoadOut,Equip,Equip
ST_LoadOut,EquipHold,Equip (HOLD)
ST_LoadOut,LoadOut_Equipped,Equipped
ST_LoadOut,Slot_Head,Head
ST_LoadOut,LoadoutSaved,LOADOUT SAVED
ST_LoadOut,Slot_Legs,Legs
ST_LoadOut,Load,Load
ST_LoadOut,Loadout,Loadout
ST_LoadOut,Slot_LeftHand,Off Hand
ST_LoadOut,Slot_RightHand,Primary Hand
ST_LoadOut,Replace,Replace
ST_LoadOut,Save,Save
ST_LoadOut,DefaultLoadoutName,Saved Loadout I
ST_LoadOut,LoadoutName,Saved Loadout {LoadoutNumber}
ST_LoadOut,ShowThumbnail,Show Thumbnail
ST_LoadOut,Slot_Throwable,Throwable
ST_LoadOut,Slot_Trinket,Trinket
ST_LoadOut,UnlockedAtLevel,Unlock at level {Level}
ST_LoadOut,PurifiedCollection,View and Inspect your permanent collection of purified equipment
ST_LoadOut,QuestsScreenDescription,View and Track your acquired Quests
ST_LoadOut,Slot_WeaponArt,Weapon Art
ST_LoreNotes,DLLS_3_Body,"
The Scribe’s disciplinary action has kept me from a night’s rest for some time. I pored over the literature on Angels and couldn’t find anything to corroborate his theories. However, something I’ve read before caught my attention.

In the 6th passage of chapter 43 on Sergio’s Metaphysics of Being, something stuck out to me given the context of the scribe’s claims.

“Those who stood by the Divine maintained their formless purity and those who did not, crystallized into abominable transience.

The nature of the heavens could not allow for the Finite to taint the perfect Infinite.

So it was those who abdicated their connection to Divinity fled to a lower form.”

Consensus holds that this passage refers specifically to man’s progenitors, but what if it wasn’t refering to us?
"
ST_LoreNotes,NightmareTitle,"""The Tree"""
ST_LoreNotes,FSLS_6_BodyText,"""The butcher Elias Godwin makes claim against two brothers."" 

""What claim?"" 

""Apostacy, heresy, beef-mancy."" 

""Beef-mancy?""

""They raised the man's butcher heap up from the dead, or so it's claimed. To walk out the door and down the street.""

""That's some claim.""

""It should be noted, the accused brothers are costermongers, in competition with the butcher.  There is some word of a possible financial dispute between the parties."" 

""Bring them all in. Have them purified.""  

""All? Even the accuser?""

""They will all confess to something."""
ST_LoreNotes,LCLS_1_Body,"- The Holy Phases -

New Moon: Cleansing. Quiet Renewal and Planning.

Waxing: Celebrations to channel strength.

Full Moon: Illumination and Power. Communion with the most holy and his Throne 

Waning Moon: Shedding of the old skin. The shattering of the coil. 

Blue Moon: A rare time of Gnosis of Throne and Highest Spheres.

Blood Moon: (This line is scratched out but the last word “rebirth” is legible)

- His Revelation -

Know that the Sun, though glorious, is a vestigial lie. When the dragon’s fire ceases, all that remains is the face of the coldness of the Dragon’s Scales, the earth and the void.

Then come Lunarin and his Holy Radiance. The guiding light in the darkness.

- Lunarin -

Our Holy Lord, Ascendant to The Throne forged from the Demiurge’s corpse. He who commands legions of angels, leads the Lost to their hearths and illuminates our darkened minds with clarity amidst the dark, accursed earth.

- Lunitarians -

Call yourselves this alone, followers of his holy moonlight. Lunarin, our shepherd and the Lunitarians his flock. We are stewards of this darkened land, unblinded by the false sun; we set an example for the nations of man through our actions.

- Resist the Sun -

Though we walk among the day, we resist the fire lit by the accursed dragon, the Demiurge. We who are fallen to this realm are chained to the dragon’s fire. Those who embrace its warmth are lulled into sin. The subtlety of the dragon’s whispers delights the senses, rejuvenates the flora, and was once the symbol of life itself. Through Lunarin we know better, for it's the dragon’s fire that also brings death and suffering. The reaping of its harvest which traps Divine Light.
"
ST_LoreNotes,RKLS_8_BodyText,"3rd Day of Harvest, Morning Watch
All quiet upon the tower. Dardin relieved on time, stores accounted for. 

4th Day of Harvest, Evening Watch
Captain did not return from his rounds. 
A search was sent but found no sign of him. 
By nightfall, a new captain arrived bearing seal and orders and took command without delay.

5th Day of Harvest, Midday Watch
Routine watch. Nothing to report.

6th Day of Harvest, Evening Watch
Some of the men are not themselves. 
They speak little and stare off as if listening to something else. 

7th Day of Harvest
Dragon seen from the east"
ST_LoreNotes,MMLS_6_BodyText,"4 years after Nachtstahl Steel Mills moved into the old Red Dog District we’ve seen the company transform Grimhaven into an economic powerhouse. Unemployment is at a recent all-time low and new investment opportunities have attracted foreign investment into the district. 

Residents credit Solomon Moore, the celebrity entrepreneur from Nachtendale for his efforts in reviving Gildenarch’s mines in the Mystic Peaks mountains west of the city. Solomon reopened the mines after 2 decades of abandonment following a terrible incident that claimed many lives. The reopened mines utilize Nachtstahl’s proprietary steel to build reinforced shafts and maintenance tunnels.
"
ST_LoreNotes,MMLS_1_Title,5/7/764
ST_LoreNotes,MMLS_5_Title,5/7/766
ST_LoreNotes,MMLS_4_Title,5/7/782 
ST_LoreNotes,FSLS_6_SubHead,A Neighbor's Accusation
ST_LoreNotes,NPC_GALS_3_Title,A New Willow Tree
ST_LoreNotes,SPLS_4_Title,A Trade in Earnest
ST_LoreNotes,EALS_3_SubHead,A confidential memo
ST_LoreNotes,EALS_10_SubHead,A father's letter.
ST_LoreNotes,EALS_9_SubHead,A groundskeeper's almanac.
ST_LoreNotes,ProphecyDescription,"A leather bound journal detailing a broken translation of the ""Last Will and Testament of the Sentinels"". 

The original text is absent; instead, the pages are choked with the frantic, multi colored ink of words mapped to strange symbols and sacred geometry. Margins once reserved for academic cross references disolve into indescipherable palimpsests and gemoetric doodles that warp the longer you stare. The words near the end stand out to you ""Then shall come the Soul Torn Beast."""
ST_LoreNotes,EALS_6_SubHead,A letter from the cellar master.
ST_LoreNotes,EALS_8_SubHead,A note from one physician to another.
ST_LoreNotes,TOLS_3_Subhead,A period piece from after the Rite of Desolation
ST_LoreNotes,EALS_5_SubHead,A society datebook.
ST_LoreNotes,EALS_7_SubHead,A speaker's notes.
ST_LoreNotes,EALS_4_SubHead,A student's notebook page
ST_LoreNotes,DLLS_2_Body,"A theory so bizarre it may at least hold a glimmer of truth. Allegedly, one of the Archspire’s Scribes was detained for suggesting a shared lineage between the Angels and the Demons. Now such a claim deserves little more than mockery and wouldn’t have aroused a bit of suspicion, but why punish him over mere, albeit absurd, speculation? 

Silencing a man does more to draw attention than his own words…
"
ST_LoreNotes,ALLS_3_Body,"A theory so bizarre it may at least hold a glimmer of truth. Allegedly, one of the Archspire’s Scribes was detained for suggesting a shared lineage between the Angels and the Demons. Now such a claim deserves little more than mockery and wouldn’t have aroused a bit of suspicion, but why punish him over mere, albeit absurd, speculation? 

Silencing a man does more to draw attention than his own words…


The Scribe’s disciplinary action has kept me from a night’s rest for some time. I pored over the literature on Angels and couldn’t find anything to corroborate his theories. However, something I’ve read before caught my attention.

In the 6th passage of chapter 43 on Sergio’s Metaphysics of Being, something stuck out to me given the context of the scribe’s claims.

“Those who stood by the Divine maintained their formless purity and those who did not, crystallized into form.

The nature of the heavens could not allow for Finite to taint the perfect Infinite.

So those who abdicated their connection to Divinity fled to a lower form.”

Consensus holds that this passage refers specifically to man’s progenitors, but what if it wasn’t speaking of us?
"
ST_LoreNotes,EALS_2_SubHead,A wrinkled letter.
ST_LoreNotes,AALS_3_Title,"Aegoroth, I Am Ready"
ST_LoreNotes,EALS_7_Title,After-Dinner Conversation
ST_LoreNotes,TOLS_3_Title,Aimless and Dangerous Giants
ST_LoreNotes,SQCL_1_Body,"Alright, Toby, if you’re reading this, then you’ve gotten the key I slipped ya in the meal. You’ve a tight window of time to open your cell, sneak into the Warden’s office, and grab the keys for Magda and Hux. I’ll be waiting by the battlements for as long as I can, but if you don’t make it in time, find me in the Castle Town outside of Ramshorn. 

We’re going to make it out of here, I promise!"
ST_LoreNotes,GRLS_3_Tile,An absurd request
ST_LoreNotes,EALS_1_SubHead,An engraved invitation.
ST_LoreNotes,Inquisition1BodyText,"An inquisition? Has the Cardinal lost his mind? You don't need to convince me that this cult is a problem, but you aren't winning public favor by kicking in doors and turning people's homes over. This is exactly what these cretins want and the Archspire Chapter is playing right into it. Worse yet, there's talk of holding suspected heretics in Shoreditch Prison -can you believe it?!

This place is going to hell, and honestly, I want no part in it. I hope this note finds you Aeryn. If you've any sense, we'll ditch our post and flee through the sewers before nightfall. -Cretchys"
ST_LoreNotes,MaedraelBodyText,"An unorthodox exploration of Lunitarian myth and legend that scrutinizes the conventional narrative of Archangel Maedrael. A particular passage sticks out to you.

It could not be understated just how unlike men the High Daemons of Ludereon are. They are not corporeal beings but instead constructed of a sort of “Resonant Energy”. If records from the old world are to be believed, they’ve taken many forms, in fact.

 According to canon, the invention of Angelic Sigils, the magick used to give an Angel a particular form with attributes, comes directly from the Archangel himself—a puzzling detail if only canon is taken into account. If we consider my prior explorations, there may be more to Maedrael than we’ve come to believe. I propose a theory, one perhaps well outside of the realm of accepted thought, that Maedrael is not of Ludereon. How else can one possess the 'self directed will' akin to that of man? "
ST_LoreNotes,DRLS_3_Title,An unusual heretic.
ST_LoreNotes,FSLS_4_BodyText,"Another test subject was martyred today in pursuit of knowledge. We managed to keep his soul bound to flesh for nearly a fortnight after his heart stopped beating. 

Just before he expired the second time, he looked up at me and spoke my mother’s name. 

He could not possibly have known it, of course. 

At least not before he died the first time. 

He told me that my mother knew what I’d done. That she’d whispered to him that she was ashamed. 

I told him my mother had been dead these many years, and asked where he'd heard the whispers.  

He only smiled and said, ""Not in Divine's Throne Room, that's for certain."""
ST_LoreNotes,SPLS_9_Title,Anya
ST_LoreNotes,FSLS_10_Title,Apothecary's Ledger
ST_LoreNotes,EALS_3_BodyText,"Asher,

The bolt on my study door is a brass thing of poor manufacture, three-pin tumbler, replaced in the autumn of '02 by Greaves, who did the work for a guinea and complained the entire afternoon. I mention it because tonight I am grateful for it, which is more consideration than the bolt has ever earned.

Three chairs at the Fellow's Council are empty now. Marvenne. Hollis. Old Korbel.

Marvenne told me last spring she had had words with Master Felwyl over his revised Eveirington reading list. He was, she said, unwilling to entertain disagreement. Two months later — sabbatical. The other two had complaints in similar weather, and now the registry tells me they are abroad.

Marvenne has no family abroad.

One other thing, and you may laugh. I have served at Elk Grove forty-one years. I know how the chapel candles burn. They have been burning low. Low when no one is in the hall. Low when the windows are shut.

I am not imagining it.

I will see you at the Gala. Do not approach me first. I will find you near the orchestra, between the second movement and the third, when no one is listening because everyone is listening.

Yours,
 H.
"
ST_LoreNotes,ALLS_1_Body,"At last we have results! It’s taken much longer and more bodies…than I’d have liked, but the ritual has yielded results! Father Renault was successful in performing Attenuation of Hora this night. He channeled the High Angel Apothos, and we got our answers, without incinerating the magician this time.

My suspicions were correct. There is more to the angels than the faith wants us to believe. These are no mere servants of Lunarin; they’re higher dimensional beings serving some other cause I’ve yet to decipher. 
I asked the possessed Renault, “From where do you hail, and what is the nature of your being, spirit?”

“A place and a state of being

Higher than the stars and behind the dark.

He who hath fallen upward unperished know this

We are the light that cast your shadows as well as your god’s. 

The powers you seek to touch are not meant for you. Desist.”
"
ST_LoreNotes,FeralNephilim1BodyText,"Before the Lunitarian Church established the Crimson Concordat, attempts to reduce instances of Nephilim going feral were met with little success. Though some Nephilim made noble attempts at integration into civilian life, all it took was one to become possessed by their Angel to wreak havoc.

Reports from the tragic ""Fire of Caragus"" in 752 and the sinking of the Sister Susan revealed to humanity the danger posed by these beings. The incident in Caragus required two contingents of Crusaders to subdue, and the Sister Susan had no survivors. 

Demands to protect the common folk began to outpace ethical considerations given the trials posed by the Greaet Reconstruction. "
ST_LoreNotes,SPLS_5_SubHead,"Bloomwatcher's private journal, third volume"
ST_LoreNotes,Inquisition3BodyText,"By order of Sir Aldus Geory, we are to purge anyone suspected of the Reborn heresy from Gildenarch at ANY Cost. Executions on the spot if neccesary.

In addition, we have reason to suspect the cult is responsible for the plague. We must isolate the sick and dying from the healthy so the Church's Pyromancers can get to work once they arrive.

The situation is dire; the tendrils of heresy and disease infest many homes and we must act swiftly to quell the chaos."
ST_LoreNotes,RKLS_9_BodyText,"By the grace of Lord Solomon Moore,
You are warmly invited to the Ram's Head Tavern this eve
To celebrate the anointment of the new General
The finest libations shall be freely given
Come, partake, and rejoice"
ST_LoreNotes,RKLS_1_Title,Ceremony Preparations
ST_LoreNotes,FSLS_8_SubHead,Children's Rhyme
ST_LoreNotes,MMLS_8_BodyText,"Clan Telvaught:

Guild of Academics and Archaeologists. Led by Professor Peter Garrus Telvaught in efforts to uncover lost artifacts from the ancient era of The Coil. First to abandon Cain’s Covenant, first to die.


Clan Sirius: 

Founded by Matron Delilah Hexxus Sirus. Traitor to Cain, abandoned his crusade and started a guild of petty cutthroats and informants.

Clan Inari:

Founded by Aaron Chester Inari. Occultist and owner of Inari Weaponry. The Clan have become isolationists, interfacing with Eden solely through market competition providing arms and armaments to various Armaean Kingdoms. 

Clan Harington:

Also called The Pale Rose. Founded by Madam Margarette Harrington the owner of the Harrington House. An academy of wizards and sorcerers in eastern Norundiir far beyond the reach of the Lunitarian Church.

"
ST_LoreNotes,RKLS_2_SubHead,Commoner's note
ST_LoreNotes,ConfessionTitle,Confession
ST_LoreNotes,EALS_10_Title,Consider This Letter Unsent
ST_LoreNotes,CorrespondenceArtifactSubHead,Correspondance from Bishop Aaron to Scribe Siron.
ST_LoreNotes,Correspondence,Correspondence
ST_LoreNotes,CorrespondenceSolomon1Title,Correspondence
ST_LoreNotes,CorrespondenceSolomon2Title,Correspondence
ST_LoreNotes,CorrespondenceVampires1Title,Correspondence
ST_LoreNotes,CorrespondenceVampires2Title,Correspondence
ST_LoreNotes,CorrespondenceVampires3Title,Correspondence
ST_LoreNotes,RCLS_1_Subhead,Crumpled Note
ST_LoreNotes,Cult2SubHead,Crumpled handwritten note
ST_LoreNotes,RKLS_4_SubHead,Crumpled letter
ST_LoreNotes,RCLS_1_Title,Cultist's Ravings
ST_LoreNotes,CorrespondenceVampires2BodyText,"Cyras, pardon the sudden interuptions but you'll be needed this evening. We've converted some of the clergy to our cause, and their transformations are tonight. Our lord has commanded we keep them locked down here until they've survived their transformations.

We need bodies for their feral phases, and they cannot come from the cult. The clergy must remain uncontaminated by the Hellgrowth for the time being."
ST_LoreNotes,SPLS_8_SubHead,"Daily complaints, scratched in chalk"
ST_LoreNotes,SPLS_5_BodyText,"Day 1 — Subject seventeen takes the seed without protest. Felwyl says the willing ones bloom truest. She hummed while I cut her. 

Day 4 — First budding at the sternum. Lovely color. She asked if it would hurt the child. I had not known there was a child. Felwyl was delighted. 

Day 9 — The child took the bloom faster than the mother. They share a stem now. Two faces, one root. They sing in turns. 

Day 14 — She is not she anymore, and she is not unhappy. When I touch the petals at her throat she leans into the hand. We have made something gentle. Something terribly, terribly gentle. 

The Garden grows. I grow with it."
ST_LoreNotes,SPLS_1_BodyText,"Day 12 of the Reaping Moon. Three new ""physicians"" admitted under the Master's seal. None spoke. None signed. 

Day 19. Locks on D Block changed without my hand on the order. The new Sister told me the lock was always so. 

Day 26. The locks were not always so. 

Day 31. Forty-one prisoners ""transferred to the lower."" I have keys to every door in this keep. I do not know where the lower is. 

Day 34. Heard a man calling my name through the floor of my own quarters. He named the dog I had as a boy. I do not know that man and I do not know that floor. 

Day 36. I am leaving tomorrow. I am writing this in case. "
ST_LoreNotes,ACLS_2_BodyText,"Dear Archbishop Dorion, I’ve written to you to follow up on our discussion at Felwyl’s dinner last evening. I was intrigued by your comments regarding the nature of Soul Energy and practices from the age of the Coil. I’d like to invite you to Nachtstahl Steel Mill’s celebration for the company’s seasonal haul this week, so we might have some time to discuss the topic further. There may be potential to learn how Nachtstahl and the Archspire Chapter’s relationship can mature and be better fostered, perhaps by assisting with civic projects for the city?

I am eagerly awaiting your response. SM
"
ST_LoreNotes,Cult3BodyText,"Dear Mathias

 We’ve followed Moore's lead on the cult, and what we’ve found is quite troubling. Not only do they espouse a myriad of heresies, but their doctrine is indeed every bit as dangerous as suspected. Their talk of gardens and flora is no mere romantic drivel, but appears to be a quite literal worship of some hazardous form of life, if we could even call it that. 

We’ll provide the clergy with a full debriefing this evening, and we’re convinced our findings will provide the necessary proof to take action."
ST_LoreNotes,GRLS_1_Body,"Dear Siron, I wanted to thank you for your assistance during your last month’s visit with the Karsivite Orthodoxy. The strained relationship between the sects is kept alive by men like you. Though many among the clergy are not happy with how the problem was solved, it was handled. They’d expected the Knight Commander of the Order to have slain the beast, not conscript him. Regardless, there are no more mysterious deaths, and we have you and the Knights of the Crimson Moon to thank for that."
ST_LoreNotes,RKLS_4_Title,Dear Tabitha
ST_LoreNotes,Inquisition1Title,Desertion?
ST_LoreNotes,ACLS_9_SubHead,Diary Entry.
ST_LoreNotes,RKLS_7_SubHead,Diary excerpt
ST_LoreNotes,SPLS_10_Title,Diary of the Willing
ST_LoreNotes,SurvivorCorrespondence3Title,Divine Take'em!
ST_LoreNotes,CorrespondenceMathias2BodyText,"Divine have mercy. Solomon was always bold, but bringing Infernal Flora to the Archspire certainly proved his point.

The Reborn are cultivating this Hellgrowth in our city. I've been a fool to harbor reservations about swift action on the Arch Bishop's behalf. We must act now; this city must be cleansed at any cost.

Aldus will be anointed as my Inquisitor, he has the stomach to do what must be done."
ST_LoreNotes,RCLS_3_Title,Do not trust mother and father!
ST_LoreNotes,FSLS_9_Title,Document of the Inquisitors
ST_LoreNotes,ACLS_5_Title,Document.
ST_LoreNotes,NightmareSubHead,Dream Journal
ST_LoreNotes,AALS_2_Title,Dreams of Aegoroth
ST_LoreNotes,DRLS_1_Title,Dry Rot King
ST_LoreNotes,MMLS_6_Title,Economic Revival in Grimhaven!
ST_LoreNotes,WardenBodyText,"Ensure the research here reaches the representative from Clan Moore. We've managed to synthesize enough growth hormone from the infernal flora to finish the prototype Warden. Felwyl will be pleased with these results.

The mutagenic properties of the flora have allowed for a myriad of promising rapid adaptations. With the Warden in particular, we accelerated muscle growth and bone density. The first few subjects didn’t survive, but we were able to feed them back to the flora, and as a result, we haven’t lost any Soul Energy from the initial captives.

Worth noting, the subject will excrete excess hazardous waste from their glands. We cannot reuse this substance, but it has excellent potential for combat capabilities. In future iterations we may be able to harvest it if we can find an apparatus capable of not disolving upon contact."
ST_LoreNotes,MMLS_6_SubHead,"Excerpt from a newspaper
Mill Street. News Article."
ST_LoreNotes,MaedraelSubHead,Excerpt from a tome.
ST_LoreNotes,WardenSubHead,Excerpt from an Alchemist's journal
ST_LoreNotes,FSLS_4_Title,Experimental Log Book
ST_LoreNotes,CorrespondenceMathias1SubHead,FIX Insert Sub Heading
ST_LoreNotes,CorrespondenceMathias2SubHead,FIX Insert Sub Heading
ST_LoreNotes,CorrespondenceSolomon2SubHead,FIX Insert Sub Heading
ST_LoreNotes,CorrespondenceVampires1SubHead,FIX Insert Sub Heading
ST_LoreNotes,CorrespondenceVampires2SubHead,FIX Insert Sub Heading
ST_LoreNotes,CorrespondenceVampires3SubHead,FIX Insert Sub Heading
ST_LoreNotes,Inquisition3SubHead,FIX Insert Sub Heading
ST_LoreNotes,LunitarianFaithSaintUrielSubHead,FIX Insert Sub Heading
ST_LoreNotes,CorrespondenceArtifactsTitle,FIX Insert Title
ST_LoreNotes,MMLS_10_BodyText,"Fewyl, the manor and the city is now yours as was promised. I will remain in the Spire overseeing the first stages of the invasion until the Legion’s armada is ready, then I shall take my leave from this wretched world. Valahk – Nor’s forces have already taken the Celestial Mountains in Purgatory, so all that remains is for the veil to fall. Its taken us a long time for this moment to come to fruition and I have you to thank for your part.

Perhaps once the Legion has conquered Eden we may yet meet again. Until then.

Solomon Moore.
"
ST_LoreNotes,RKLS_9_SubHead,Filigreed invitation
ST_LoreNotes,FTUECamp_SubHead,Final Entry of a Soldier's Journal
ST_LoreNotes,FSLS_3_SubHead,Final entry
ST_LoreNotes,RKLS_6_SubHead,Final entry
ST_LoreNotes,ACLS_7_Title,Final instructions.
ST_LoreNotes,SPLS_2_SubHead,Final ledger before transfer of title
ST_LoreNotes,MMLS_4_BodyText,"Finally, at long last, all the pieces are falling into place. We have access to all 3 Stones; the Godsreach Spire is ready and the dead gods stir. Mathias’ Inquisition is underway, and the Gala is this evening. 

It has taken me over 20 years for my slow march through Gildenarch to come to fruition. Soon, the Rite of Desolation will begin again, the Infernal Legion shall have its new territories, and the insufferable traitors that I once called my siblings shall die for treachery. 

Most importantly, I shall see Leandra and Pervical once more. There’s been a satisfaction in bending and breaking the Church to my will after everything they had done to my family. 
"
ST_LoreNotes,Cult2BodyText,"Find us beneath the roses

Join us in the Garden whose weeds reach beyond the coil’s remains…"
ST_LoreNotes,RKLS_7_Title,First Communion
ST_LoreNotes,RKLS_3_Title,Folded Letter
ST_LoreNotes,Vampires1SubHead,For the Holy Lineage in Luminar
ST_LoreNotes,SPLS_7_SubHead,For the Project. Several hands.
ST_LoreNotes,Cult3SubHead,For the eyes of Cardianl Mathias only.
ST_LoreNotes,FSLS_1_BodyText,"Forgive me. I hope you live to see this, but I could not wait. 

If you are reading this, brother, do not go home. The inquisition has both our names, though from whom I couldn't guess.  It might have been anyone, but it doesn't matter now. Anynmore than the truth matters.  

So go West. Follow the river out, and head for the woods. Rember that place where grandfather took us hunting as children?  

You got your first rabbit there, if I remember. A better shot than me, even then.

I pray I will see you again. If not in this life, then in the hereafter. 

If I don’t make it, and you do, then know this about my last moments. I will try to take one of the bastards with me.  

-Your brother"
ST_LoreNotes,RCLS_2_Body,"Forgive my hesitancy towards Felwyl’s spiritual claims; he was always an odd one. His interest in the occult, though not inherently a problem itself, does concern me. I knew a practitioner once, a woman named Mereda. She was an alumna of Elk Grove back in the day, and she, too, was a magician. A lovely woman whom I’d trust dearly, but I’ll always remember what she told me: “never trust a demon”. I know damn well what Felwyl’s been up to, and I’m sure that Solomon figure has something to do with it. The Flora Felwyl has been presenting to his students is not of this world; he’s obtained it from some unholy means, and I’d rather not be involved with it. Don’t bother getting the Archspire involved; their leniency towards the Aristocracy is what’s keeping this bloated pig's corpse of a city alive."
ST_LoreNotes,FSLS_1_Title,Found Note
ST_LoreNotes,SPLS_10_SubHead,Found in cell B-19. No body recovered.
ST_LoreNotes,RKLS_8_SubHead,Fragment of a guard's record
ST_LoreNotes,MMLS_3_SubHead,From Ciaran Telvaught
ST_LoreNotes,EALS_2_Title,From Master Felwyl
ST_LoreNotes,CorrespondenceSolomon1SubHead,From Solomon to Mathias
ST_LoreNotes,FSLS_8_Title,From the papers of the High Tutor
ST_LoreNotes,SQCL_2_Title,GET OUT
ST_LoreNotes,MALS_3_Body,"Gallant,
I would have thought you writing impossible if not for the nameless things of study at the academy. 
Let me say: your offer is quite intriguing. Intriguing, indeed. You must tell me more of this library of untouched tomes. Such is the way to an old witch’s heart.
But dear, if I do come help you with this “Order,” you must know—the girl you knew, she died when you first did, many years ago. 
I shed my youth with the stars, and I haven’t believed in willow trees since my sky went black at the beginning of time. 
Mereda
"
ST_LoreNotes,MALS_1_Body,"Gallant,
Your prose... beautiful as ever. 
But once again, all that comes of it are lies. Youth believes love can conquer all. But the books tell me otherwise. 
I waited under the willow. I watched the stars twinkle and fade. Fire to coal, my heart moved with them—as I realized, you were not coming. 
I cursed you. I even threw a book! Can you imagine? Of course I quickly dusted it off and set it back atop the shelf – what has The Traveling Tales of Tiverna ever done to me? 
But all of that was before I got the news. 
It’s worse than I feared. It’s not that you forgot me for one night. It’s that you’re gone forever, a fading star out of reach. 
I have no idea where you are, but your Officer says this will reach you. Of course I don’t believe him, but writing is a healing of its own.
Goodbye my love. 
We were young once.
Watching branches glitter the stars
But youth leaves us now 
As we leave each other naught but scars.

Your faded star,
Mereda
"
ST_LoreNotes,RKLS_2_Title,Garrison Rumor
ST_LoreNotes,FSLS_2_BodyText,"Gildenarch deserves what’s coming for it. 

The city will be reborn, as we have been reborn. In pain. In suffering. Recast in fire and blood and in the searing bite of the dark ones. 

It can be no other way. The church will see.

The high will be made low, and the low made high, as in the wake of the red gift all will be made blind with obedience.

You have to die to be reborn. 

We've come to help with that."
ST_LoreNotes,ACLS_5_SubHead,Godsreach Spire Funding
ST_LoreNotes,GodsreachSpireFundingTitle,Godsreach Spire Funding
ST_LoreNotes,EALS_1_BodyText,"Greetings, upon the Eve of the New Moon.

By the Grace of the Lunitarian Faith, the Industry of Gildenarch's Finest Hands, and the Generosity of Lord Solomon Moore — Your Presence is Requested at the Celebration of the Completion of the Godsreach Spire, that noble Edifice raised in the sight of Heaven, that the City might at last raise her Glass to a Future Earned.

The Programme:
Drinks at Sundown. Dinner in the Oratory Hall. Address by His Eminence, Cardinal Mathias. A Word from our Honored Patron.

The evening shall conclude with a Procession to the Threshold of the Spire, where the Doors shall open to those Benefactors, Fellows, Ministers, Patrons, and Distinguished Families of the Ward who have given so much to a City that has, at last, given itself back.

Black tie. Crimson sash. The carriage at the Eighth Bell.

R.S.V.P. before the moon turns.
The Doors close from within.
"
ST_LoreNotes,ALLS_1_Title,H A A
ST_LoreNotes,SurvivorCorrespondence4Title,HERETICS!
ST_LoreNotes,LPLS_1_Subhead,HIstorical Text
ST_LoreNotes,EALS_7_BodyText,"Halvern Room, half past the Tenth Bell. Knock twice, then once. Five of them — Devereaux, Halhurst, Old Pellaby, Tannig, Anderson.

Be brief. Be brief. Be brief.

Open with the joke about Halhurst's clocks. Clocks paid by the hour. Wait for the laugh. If they do not laugh, turn serious abruptly.

Then: the Church is exhausted... Sold its last seat three hundred years ago... No new pews... Nothing it could offer me would be enough even if it still had something to offer.

Then: Mr. Moore is the only ledger in the city large enough to carry what is coming. Not flattery. ""This is merely Mathematics.""

Then: buy in now, or be bought later. The wise man does not need this said twice. (say this out loud so they think of themselves wise)

The Veil... PAUSE HERE... The Veil is a wall between two rooms. One side has stopped paying its rent. The other side has been keeping the books for a thousand years. The rent is owed. The reopening is not a question. It is a date.

Tell them: my name is on the contract.

Tell them: I am not selling. I am inviting.

On Halhurst's daughter — only speak of her if he raises her name first. Then: She is well thought of by Master Felwyl. Let it sit.

Close. Slowly. We are not buyers. We are founders. We are the seed of the next House.

Smile. They will think it modesty.
— B. C.
"
ST_LoreNotes,MMLS_7_SubHead,Hastily Written Dossier
ST_LoreNotes,ConfessionSubHead,Hastily scrawled note
ST_LoreNotes,HastilyScrawledNote,Hastily scrawled note
ST_LoreNotes,RCLS_3_Subhead,Hastily written note
ST_LoreNotes,ACLS_7_SubHead,Hastily written note.
ST_LoreNotes,ACLS_8_SubHead,Hastily written note.
ST_LoreNotes,LPLS_1_BodyText,"He was the god of war, and he wanted nothing else but to be in conflict with a blade in his hand. While the other powers shaped Eden, he marched across it, and his Mahktens marched with him marauders and mercenaries who lived only for the next battle. It was the Lord of Perdition who began the War of the Gods, certain he could take the world step by step. He was wrong, but only just. When he was finally bound into the Abraxas Stone, the heavens themselves were left scarred. He has waited in the dark ever since, and waiting is the one thing he was never built for. The Mahktens were his faithful, less a people than an appetite, gathered from every war-torn corner of Eden. They fought the Lunitarians long after their god was sealed, and they lost. What became of the last of them, no chronicle agrees. They passed out of history and into the kind of story soldiers tell to frighten one another, which is perhaps the only afterlife a Mahkten would have wanted.

They call it the Sundering now: the war that taught Eden its gods could bleed. When it ended, the world wore new scars, places where the sky never quite closed, where the ground still remembers being torn. The Lunitarians counted it a victory as the world bled for their God.

They say that when the stone closed around him, the Lord of Perdition laughed. He had spent his whole existence hunting for an enemy who could not simply be beaten and discarded, an enemy worthy of forever. In the end, the seal gave him exactly his deepest desire. Whatever else it has taken from him, it has not touched his patience. He has all the time in the world now, and he means to spend it."
ST_LoreNotes,NPC_GALS_1_Title,Heart set aflame
ST_LoreNotes,DRLS_1_SubHead,Hisotical passage
ST_LoreNotes,TOLS_2_Subhead,Historical Text
ST_LoreNotes,FeralNephilim1SubHead,"History, Ethics & Divine Order"
ST_LoreNotes,SPLS_2_Title,"House Cadwell Audit, Q4"
ST_LoreNotes,MALS_2_Body,"How could the knight who killed Valahk Nor, Gallant the Wise, The Honest, The Kind, Gallant the Brave be executed by the same Church he saved? 
Today is the day the Church took my faded star in their palm and blotted it from the sky.
Gone, gone, gone forever more.
Oh Gallant, if ever I held on to a fleck of youth, a fleck of hope, I drop it now and fold it into this letter for you. The last part of me that I saved, I give freely now, in this final letter. This farewell to your tomb.
Of course I’ll remember. 
Even if easier to forget. 
I shall never forgive the Church for this day.
I renounce and study at Elk Grove Academy.

May every book bring memories of you
As you rest ever after in your tomb
--Mereda
"
ST_LoreNotes,ACLS_9_BodyTextv,"I am unable to rest easy with this talk of Infernal Magick circulating among the others. We know this is forbidden, and yes I am aware of the Chapter's mission but The Holy Lineage would not condone this. I'd rather be disciplined for my failures than my misdeeds.

For a man hold dominion over his soul alone, no matter the circumstances and  thus I will not follow the others down this unholy path. My best hope to sneak away from the city in the morning and make haste to Illuminar. 

Lunarin forgive us for sins."
ST_LoreNotes,DLLS_3_Title,I cannot Rest
ST_LoreNotes,ACLS_9_Title,I cannot do this.
ST_LoreNotes,ACLS_1_BodyText,"I cannot forgive myself for my failure. My cowardice, my weakness, will forever be my greatest shame.

I heard the commotion in the cathedral as the good cardinal called upon the clergy. He was taken aback and sounded as if he were under attack. I ran to his aid, but upon my arrival, I found the clergy gorging themselves upon his blood… I did not save him, I let him die.

I write this confession to no one but my lord.. Lunarin, forgive me, forgive us all for trespasses against your will. Only through your moonlight can we find our ways back home."
ST_LoreNotes,ConfessionBodyText,"I cannot forgive myself for my failure. My cowardice, my weakness, will forever be my greatest shame.

I heard the commotion in the cathedral as the good cardinal called upon the clergy. He was taken aback and sounded as if he were under attack. I ran to his aid, but upon my arrival, I found the clergy gorging themselves upon his blood… I did not save him, I let him die.

I write this confession to no one but my lord.. Lunarin, forgive me, forgive us all for trespasses against your will. Only through your moonlight can we find our ways back home."
ST_LoreNotes,SurvivorCorrespondence2BodyText,"I don't know how I survived whatever occurred last night. I still feel sick, as if my soul was almost ripped out of my body. The others weren't so lucky, or maybe they were?

When I look out the window, I don't see knights turning over homes anymore, but in their stead are monsters. The walking dead and horned monstrosities prowl the blood-soaked streets. I have to get out of here. My survival will not be in vain."
ST_LoreNotes,RKLS_3_BodyText,"I hate staying home when you’re out.
It’s to punish you, me choosing not to go.
But why then do I feel the one punished? 
Instead of sleeping I sit awake laying and dreaming. 
Dreaming you would choose me instead of the drink.
Oh Charles, if only you knew how much I loathe waiting and worrying about you in those damned streets. 
Even drunk, I still feel comforted when you lay asleep beside me. 
Please hurry home my love so I can feel a moment of comfort in this cruel world. 
Dearest,
Tabitha"
ST_LoreNotes,RKLS_1_BodyText,"I have a strange paralysis. Like I don’t know where to start. 
It tingles really as it takes control. The red veins outlining the pace of my heart, the quickening of my pulse. 
My master calls to me.
From the other side. 
Where he awaits a door.
The door is ours door to build. The door is my task.
Under the guidance of Lord Felwyl we shall build
a door of many hands, intertwined, all outstretched together in welcoming. 
Hands of the working folk. Hands of the non-believers. Hands of the unwilling.
One taste of the bloom and they move together, molding and forming into one, bodies becoming a single, purified organism, and their hands reach, reaching, stretching and ripping and breaking together in unison, to welcome your second coming, my Lord. 
Together as one.
They reach from the red bloom.
Yes. That’s it. 
I know exactly where to start. 
Thank you master. 
You shall have your door soon. "
ST_LoreNotes,FSLS_8_BodyText,"I heard the children singing in the courtyard today. A new rhyme lilting from their innocent little voices.  

At first I didn't understand what they were saying, but when I did, I brought them in and put them to work on their numbers, forbidding them to speak for the rest of the day.  

I copied down the rhyme here before I forgot, in case it's needed for evidence.  

The rhyme goes-

""Where the red rash spreads, comes the never dead. 
Where pain flees, sunlight never sees. 
Where old age goes, the devil knows. The devil knows. The devil knows.""

And then there was a second part, which would surely be some form of heresy if the inquisitors ever heard it.

""To the church goes the tithes 
To the kingdom the taxes
To Hell goes the souls 
Who touch the Abraxas.""

"
ST_LoreNotes,RKLS_2_BodyText,"I heard ‘em again. Yelling and screaming from the Keep. No doubt drunk as usual. I never liked the City Guard, not sure they even care bout keeping us folk safe. Just pushing us ‘round every chance they get. But ever since the new Cap’n it’s… different.

I never seen ‘em like this. There’s something off with ‘em now. The lot of ‘em. Something vacant. Something empty. Something… red. And those screams, is it celebratin’? Or somethin else entirely."
ST_LoreNotes,LPLS_2_BodyText,I know you weren't exactly thrilled about being down 3 men this evening but I cannot have the Archspire breathing down my neck over your choice of help. Those Armaean mercenaries have a repuation in these lands consorting with the Lord of Perdition and that's a recipee to have the Lunitarians banging down our door. Figureo out your patrol on your own tongith.
ST_LoreNotes,ALLS_2_Body,"I must now take my leave of Gildenarch. When the Archspire finds Renault’s smoldering corpse, I will most certainly be hanged.

I was, however, successful. Just as before, Renault successfully completed the ritual, but Apothos was none too pleased. I did not inform Renault that I would try to bind the Angel once it had taken over him; I knew he wouldn’t have agreed, but I was too close to let anything get in my way. Too many have died for me to get answers already.

Once I bound the Angel, I commanded Apothos to tell me why the Divine is silent. 

Aothos Spoke:

“Afflicted by the malady of eternity

What is taken must one day be returned.

In time, the Throne will Coil its Lord 

And the Serpent will reawaken.”

They do not serve the Divine. They serve the Throne itself. This faith-shattering revelation must not be lost. What we are told is a lie; the Divine hasn’t turned his back on us for our sins… he is dying.. Does The Holy Lineage know this? 
"
ST_LoreNotes,ALLS_2_Title,I must take my leave
ST_LoreNotes,RKLS_6_BodyText,"I thought they was just takin’ the ones got sick at the tavern.
Piling ‘em in the streets.
Building somethin’.
But that weres just the start.
When the tavern sick was gone, they started knocking.
Knock, knock knocking.
Door to door they went. Always knocking.
I watched ‘em take Helene.
Sweet Helene, think she was seventeen this year.
Knock, knock knocking.
Watched her from me window, crouching dirt on me knees, as she swung her door open, eyes wide with relief.
The city guard, she thought.
But they weren’t right. Red veins like ivy crawled all up and down ‘em.
Knock, Knock knocking.
They took her screaming.
Thank gods never looked my way, but she screamed hell.

Two days later, she returned.
Knock, knock knocking on my door.
She won’t leave, won’t stop.
Just keep knock knock knocking.

She knows I’m in here. Knows I did nothing but watch.
Poor Helene. Of all of ‘em, why’d you have to come
Knock, knock knocking.
I think it’s time I just let you in"
ST_LoreNotes,RKLS_7_BodyText,"I was but a boy yesterday, when I accepted the Red Gift. The crowd stirred as the Prophet Felwyl spoke. His voice of honey, his words of promise and unification. The Eternal Garden awaits us all. A coming salvation that will unite all souls in perfect harmony. It was beautiful. It was…forever.

After the sermon, we queued and waited to accept his gift. It twilled and squirmed in my hand. Bitter on the tongue. But warm in the chest. I can already feel the transformation coming, teaching me that even a lord must kneel, and in kneeling, learn to serve."
ST_LoreNotes,AALS_3_BodyText,"I write this letter with my last eye, trembling in the wrist with excitement, barely able to wait 
to pluck the final gift from its cavity and fling it happily into the maw of my God.  
I write to say he came to me he came to me it’s true! All of it. He is real. Dreams are dreams 
of knowledge and wine. What is an eye to give when all an eye can see is the material realm 
and it is only in the dream that knowledge can be seen. 
One does not need eyes to see. One merely needs dreams.  
I am ready my lord 
I leave this note so that others may find the way 
Let us dream "
ST_LoreNotes,MALS_2_Title,I'll never forgive them
ST_LoreNotes,AALS_1_BodyText,"In the hunt for Aegoroth, Eye of the Abyss, I grow closer. A resident from the Inn claims to have come across a most peculiar people. Just three days journey from here. To hear him say it, during his travels in the Armaea Hills he came across a small wooden structure, what he thought was a church. Upon closer inspection, he found the building empty. 

Being a storm coming, he decided to shelter for the night. It must have been the lightning that saved him--for he awoke startled by the flash and in that wisp of light, he found men standing all around him, spread about in a fanning circle, all watching him sleep, all with empty hollows where there should be eyes.

Just like that, the light passed and he was left in the dark. And when the next flash came-they were gone. It is said that devout followers relinquish their eyes to Aegoroth for just a glimpse of his flesh. Lunacy. Fanatics. Obviously. But still, a fantastic opportunity for a firsthand interview! They must know more about the lost legends of this fabled creature than any.  

I shall begin my journey tomorrow.  "
ST_LoreNotes,MMLS_5_BodyText,"It appears the Lunitarian’s occupation of Gildenarch was far more interesting than I could have imagined. Their interest in the Abraxas Stones was no mere fall from grace; they were direct orders from the Holy Lineage themselves over 400 years ago. The irony that I was far more devout than my superiors at that time doesn’t surprise me. The slave morality they’ve instilled in their subordinates kept us from ambition, yet the Holy Lineage themselves have greater ambitions than perhaps even I, today. In some sense, I am doing Eden a service by destroying the veil. I can only imagine what those theocrats had in store for the realm with that kind of power."
ST_LoreNotes,LCLS_3_Body,"It has long been a point of contention regarding the origins of the Lunitarian faith. The accepted canon is that it was established by The Holy Lineage around 333. If we consider the Sentinel Conflict of 234, the faith’s earliest adopters must have existed more than a century ago. After the Sentinels were eradicated and Emperor Alonious abdicated the Imperial Throne, the faith wrote the history books."
ST_LoreNotes,MMLS_2_BodyText,"It is all about time, something which I have ample amounts of. Time for pain to fester, time for desperation to spread, and time for hopelessness to cloud judgment. Man is incapable of truly withstanding the weight of this world; their endless desire for a savior shall be their undoing.

 So I shall save these lost souls; they will have opportunity, industry, and hope. Lastly, but most importantly, something to hate. Each other.

 Fewyl is ready to begin planting the seeds, so to speak, the theology he’s prepared is a sound and almost convincing inversion of the Lunitarian’s premises on the Shattered Coil. I couldn’t have chosen a more ambitious monster to work with. I’ll have to keep my eye on him.
"
ST_LoreNotes,ACLS_8_BodyText,"It is done. The humans have been erradicated. We'll take the tunnels the Spire and meet our Lord in the Ritual Chamber. 

Tonight, Eden dies."
ST_LoreNotes,MMLS_1_BodyText,"I’ve returned from the company’s dinner. My efforts to influence the Archbishop have been unsuccessful; I may have to apply additional pressure to gain access to the Stones. He is not reliable, I am afraid; his skepticism may be thwarted by the Chapter’s desperation, but even then, he is far too stubborn. One door closes, and another opens, of course. I met the charismatic Cardinal Mathias this evening. As devout, if not more than the Archbishop, yet desperately hoping to see the city’s revival. If I can somehow replace the Archbishop with Mathias, I might yet have my way. Mathias wants to see the city thrive once again, and so it shall be. Nachtstahl Steel shall lead this effort. Then, I shall have what is mine."
ST_LoreNotes,MMLS_7_BodyText,"Jemison Caldwell: 
Age 47. 

Heir to the Caldwell family fortune and estates. Owner of Shoreditch Prison in Gildenarch, Gallowsway Keep in Acktin, and The Rose in Litinstang. 

Status: Willing to comply. Easiest to manipulate, given his perversely selfish nature.

Demands: Eternal life. -We'll see about that.

Edmund Mathias: 
Age 36. 

Cardinal of the Lunitarian Archspire Chapter and close friend of the Archbishop Dorion. 

Status: Reserved, but malleable. Requires time and effort to earn trust.

Demands: Completion of the Archspire Chapter’s mission in Gildenarch.
"
ST_LoreNotes,LPLS_3_SubHead,Journal
ST_LoreNotes,DLLS_2_Subhead,Journal Entry
ST_LoreNotes,DLLS_3_Subhead,Journal Entry
ST_LoreNotes,MMLS_10_SubHead,Journal Entry
ST_LoreNotes,MMLS_1_SubHead,Journal Entry
ST_LoreNotes,MMLS_2_SubHead,Journal Entry
ST_LoreNotes,MMLS_2_Title,Journal Entry
ST_LoreNotes,MMLS_4_SubHead,Journal Entry
ST_LoreNotes,MMLS_5_SubHead,Journal Entry
ST_LoreNotes,SPLS_8_Title,"Kitchen Slate, Below Stairs"
ST_LoreNotes,MMLS_9_BodyText,"Krytori, you’ve been relieved of your post. The demons will handle the castle town outside of Ramshorn Keep

The master has called us to the Godsreach Spire to prepare for the ritual on the night of the Gala. Ensure our agents have tied up any loose ends at the Academy and the Cathedral before then. 
"
ST_LoreNotes,RKLS_5_SubHead,Ledger
ST_LoreNotes,RKLS_6_Title,Lesandra's Diary
ST_LoreNotes,FSLS_7_SubHead,Let it Begin
ST_LoreNotes,GRLS_1_SubText,Letter
ST_LoreNotes,GRLS_2_SubText,Letter
ST_LoreNotes,GRLS_3_SubText,Letter
ST_LoreNotes,LPLS_2_Subhead,Letter
ST_LoreNotes,MALS_1_SubHead,Letter
ST_LoreNotes,MALS_2_Subhead,Letter
ST_LoreNotes,MALS_3_Subhead,Letter
ST_LoreNotes,MMLS_3_Title,Letter
ST_LoreNotes,NPC_GALS_1_SubHead,Letter
ST_LoreNotes,NPC_GALS_2_SubHead,Letter
ST_LoreNotes,NPC_GALS_3_SubHead,Letter
ST_LoreNotes,RCLS_2_Subhead,Letter
ST_LoreNotes,SurvivorCorrespondence3SubHead,Letter
ST_LoreNotes,SurvivorCorrespondence4SubHead,Letter nailed to the tree
ST_LoreNotes,FSLS_5_Title,Letter to Cardinal Mathias
ST_LoreNotes,FSLS_7_Title,Letter to Cardinal Mathias
ST_LoreNotes,SPLS_4_SubHead,"Letter, sealed but never sent"
ST_LoreNotes,ACLS_3_SubHead,Letter.
ST_LoreNotes,ACLS_6_SubHead,Letter.
ST_LoreNotes,DLLS_1_Body,"Like myself, the Akyrians who occupy these halls show a callous disregard for human life, but something interesting occurred when the initiates brought me another prisoner last evening. It was a devout man from the Archspire, one of the faith’s most loyal Solomon couldn’t seduce. I had little intention of infecting him; he’d sooner make finer biomass for the flora. Then came “the jailer,” one of the first to cross into our realm here in Shoreditch. As I requested, he brought me more vials of the growth hormone derived from the Warden. As he turned to leave, he saw the man Lunar Crescent hanging from his neck. Before I could ask that he be left alone, the Jailer shoved his fingers into his eyes and tore his head from his shoulders. 

I swear, Solomon sure knows how to pick his company. I’ll have my adepts handle any requisitions from here on out.
"
ST_LoreNotes,SurvivorCorrespondence1BodyText,"Lilian, it is vital that you stay put, do not leave the house. It's only gotten worse after the Crusaders have shown up. Anyone they suspect to have been so much as in contact with the cult is a target for the Inquisition."
ST_LoreNotes,LCLS_1_Title,Litany of the Holy Phases
ST_LoreNotes,SPLS_1_Title,Logbook of the Lower Gate
ST_LoreNotes,RKLS_10_Title,Lord Felwyl
ST_LoreNotes,RKLS_10_BodyText,"Lord Felwyl,
Sincerest apologies my Lord, as I know you are very busy. Very busy, indeed. But I write to bring to your attention matters at Ramshorn Keep.
We, your humble servants, and in your own words, chosen ones, The Reborn, are being woefully mistreated by these… new arrivals. 
Ever since we opened the gate to the other side and welcomed them in, they’ve been regretfully barbaric.
No language. No manners. They’ve even killed some of our brothers.
My Lord, I do not believe they even share our cause of a fully unified soul. A united Red Bloom.
I know that a patrician such as yourself would never stand for this. If only you knew. 
So I have written merely to bring this matter to your attention.
Your Servant,
Calum"
ST_LoreNotes,RCLS_1_Body,"Lunarin is the Dragon! The Demiurge lives once more through the Church. A Millenia of Lies befell man after the Imperial Conversion. 

I have good news, brothers and sisters. Though our forefathers were deceived by the Lunitarians, there yet remains another way to freedom! Freedom from this earth, from suffering and pain, just as we were before the Demiurge ensared our souls in the Coil! The Initiated know the truth about Lost Akyreon, the realm of Aeons Given Flesh, who’ve been scorned by Archons of the Throne. Their unjust persecution is the fate of man should we continue to unwittingly serve the Dragon. 

The Church calls them Demons; we shall call them Shepherds! The Shepherds have given us a gift. 

Tonight we must accept their offering and partake in the powers of the realm beyond this accursed veil.
"
ST_LoreNotes,MMLS_9_SubHead,MMLS_10_BodyText
ST_LoreNotes,SPLS_3_Title,Marks on the Solitary Wall
ST_LoreNotes,ACLS_10_BodyText,"Mathias. 

I implore you to heed my warnings about these heretics. No longer can we stand idly while these “Reborn” further lead your flock astray. While I can appreciate your reservations during these dire times, the Archbishop entrusted you with the well-being of Gildenarch’s faithful. The city needs no less than an inquisition to rout these iconoclasts. We have an opportunity to stamp out this madness before it spreads throughout Velchoria, a failure to stain the chapter for generations I'm sure. 

I know you have what it takes to save the souls of Gildenarch’s people. Do not let our efforts in her restoration be for naught.

Faithfully yours, S M"
ST_LoreNotes,ACLS_6_BodyText,"Mathias. 

I implore you to heed my warnings about these heretics. No longer can we stand idly while these “Reborn” further lead your flock astray. While I can appreciate your reservations during these dire times, the Archbishop entrusted you with the well-being of Gildenarch’s faithful. The city needs no less than an inquisition to rout these iconoclasts. We have an opportunity to stamp out this madness before it spreads throughout Velchoria, a failure to stain the chapter for generations I'm sure. 

I know you have what it takes to save the souls of Gildenarch’s people. Do not let our efforts in her restoration be for naught.

Faithfully yours, S M"
ST_LoreNotes,CorrespondenceSolomon1BodyText,"Mathias. 

I implore you to heed my warnings about these heretics. No longer can we stand idly while these “Reborn” further lead your flock astray. While I can appreciate your reservations during these dire times, the Archbishop entrusted you with the well-being of Gildenarch’s faithful. The city needs no less than an inquisition to rout these iconoclasts. We have an opportunity to stamp out this madness before it spreads throughout Velchoria, a failure to stain the chapter for generations I'm sure. 

I know you have what it takes to save the souls of Gildenarch’s people. Do not let our efforts in her restoration be for naught.

Faithfully yours, S M"
ST_LoreNotes,ALLS_3_Title,Might he have a point?
ST_LoreNotes,FSLS_6_Title,Minutes of the Inquisitory Council. 
ST_LoreNotes,AALS_1_Subhead,Missing Scholar’s Notes 
ST_LoreNotes,AALS_2_SubHead,Missing Scholar’s Notes 
ST_LoreNotes,AALS_3_Subhead,Missing Scholar’s Notes 
ST_LoreNotes,SPLS_8_BodyText,"Mon — Meat shipment is wrong. Wrong shape. Wrong color. Not asking what. 

Tue — Salt cellar half empty. Someone is taking salt down to the lower. Two stone of salt does not season prisoners. 

Wed — Heard them again last night. Below the cold room. Like a choir, but the wrong number of voices for the throats I know are down there. 

Thu — Fish boy gone. Said he was going down to fetch the morning's haul. Did not come up. Was told not to replace him. 

Fri — Cooking for forty. Feeding twelve. Where is the food going. I will not ask. I will not ask. I will not ask. "
ST_LoreNotes,EALS_5_BodyText,"Monday. Fitting at Madame Auvern's at the Sixth Bell. Tea at Reverence Hall. The Devereaux woman is wearing crimson, of course she is, the woman has the imagination of a banker's wife. Sash for me, then; one cannot match.

Tuesday. The Cathedral Auxiliary, then dinner at the Haedriks. Edmund pleads his nerves and will not come. He has pled his nerves three weeks running. I am beginning to suspect his nerves know of nothing other than pleading.

Wednesday. Sat for my portrait. The painter remarked that the moon has been very red of late, and asked if I had noticed. I said the moon is not noticed if one is properly dressed.

Thursday. Lunch with Vivienne. She said two of her staff have given notice without explanation. I gave her mine. I have a girl from Pontoon Town who is grateful and quiet and has not yet had the chance to learn how to leave.

Friday. Confession. I lied about the usual things. Father Olm seemed distracted. I asked after his health. He said he had been sleeping poorly, and that the chapel candles were burning low.

The Eve. The Spire. Crimson sash. Eighth Bell. Carriage at the door.

I am told one must, on these occasions, smile.
"
ST_LoreNotes,EALS_6_BodyText,"Mr. Calder —

I have your note. I had it twice, in fact, the second hand-delivered, which I take to mean you wished to be sure I had read the first. I have read both. I write now from the cellar, where I am, as we speak, twenty-three years into the practice of selecting wine for households that pay better than yours.

The Gevreyne of '38: provenance correct. Vinified at Halt's Cross, eight years in my bin. Object if you must to my taste. Not to my certainty.

The Gilded Solera, vault-numbered — yes, I will tell you, I cannot recall ordering it. Yes, I will tell you, the manifest does not list it. I have had a bottle delivered without invoice before. I have not had one delivered without a man.

The Choir's Vintage. You are correct. None has been shipped from the Old Vineyards in twelve years. The bottles I have placed for the head table are bottles my master left me when I came up. There are eight. I have always known there were eight.

Yesterday there were seven. I counted them four times. I counted them with Pelham. I counted them with a candle and a chalk mark on the rack, the way a child counts. There were seven. I have neither slept nor eaten since.

This morning there are eight.

Pelham swears he has not touched them. I believe him. I cannot say I have always believed myself.

I will take responsibility for the list. The list is mine. I am not an old man yet, Calder, but I am old enough to know when a cellar has been entered, and I am old enough to know when it has been entered twice.

Pour from the right side of the head table first. I will decant the Choir's Vintage there myself.

And come down before the carriages arrive. I would like you to look at the rack with me.

— Master Auber
"
ST_LoreNotes,CorrespondenceSolomon2BodyText,"My Dear Cardinal Mathias. 

I am saddened to hear of the Archbishop’s diagnosis. At my disposal are the finest healers in all of Eden, and I will do everything in my power to ensure he is taken care of. It is the least I can do for the hospitality shown to me by the chapter since my arrival in Gildenarch.

In light of this news, I am delighted to learn that he has entrusted you with leading the chapter in his absence. I couldn’t think of anyone better for the job. Do not hesitate to call upon the aid of those around you, myself included.

Your friend, S M."
ST_LoreNotes,CorrespondenceMathias2Title,My Lamentation
ST_LoreNotes,Vampires1BodyText,"My Lords of the Holy Lineage, this is an urgent request for support from the Archspire Chapter of Gildenarch. Tragedy has befallen the Church; a plague of vampires besieges us, and we need support at once. We are rerouting the city's guards to aid the chapter immediately.

Divine help us.
Father Shepherd"
ST_LoreNotes,NPC_GALS_2_BodyText,"My Mereda,
I have no reason to believe this will find you. If I have learned one thing since they pulled me out of training it is that war, real war, is chaos. I have no doubt that it was created by the Infernal Legion. No rules, no order, just violence, blood, and the howls of the dying. 
I have seen men fall to their knees and beg for their mothers. I have watched thousands of men be cut down in front me. The crimson mist of their blood fills the air. I can still taste their blood on my tongue. 
This is all because of one demon. Valahk-Nor. They call him a general, but what even is that to the Infernal Legions? He’s just a bigger more deadly demon than the rest. I care not. I’m going to kill this demon spawn for taking me away from you. If it weren’t for him, I would have had that night with you under the willow. 
I am going to run my sword through Valahk-Nor's throat for you. I will drag his head back from this unholy place and present it to you as my amends for leaving. And then, I will take you in my arms and we will make up for the days and months we have lost, Mereda. My passion has only grown since I have been pulled away from you. It is all consuming for me. 
I  am off, the troops are marshalling. I know I said that tomorrow was a promise neither one of us could give, but I promise you, I will return and we will have our time under the willow.
I am forever truly yours,
Gallant
"
ST_LoreNotes,NPC_GALS_3_BodyText,"My Mereda,
Oh how many times have I tried to write this letter to you? How many times have I burned the pages for fear of being found by the Church? I know it has been years since you thought me dead. Since I was dead. But I thought about you every day since.
After we won the Battle of the Last Kingdoms, the Church took us in. We thought it was to reward us for fulfilling our sacred duty. But instead it was a trap. They tricked us and  walked us into our own abattoir. We were slaughtered before we could even draw our swords. I would like to tell you that I fought well and held on to the last, but I didn’t. I fell as quickly as the rest.
And yet, I write to you now. No, I am not some specter haunting you beyond death’s threshold. No, I am very much alive, resurrected. The angel who lives inside of me pulled me back from the cold darkness and gave me a second life. 
The Church isn’t sure what to do with me. ""Gallow’s Wraith” they call me. I’ll take the moniker if it means I’m able to save the few of my brothers who still yet live. Strange as it may sound, I am trying to work with the Church. Getting them to stop hunting the Nephilim in exchange for our service and fealty to them. I’m trying to establish an Order. 
Please come join me. We could do this together. We will need your knowledge and your critical eye. The Church is overflowing with tomes that haven’t been touched for generations. You would love it here. 
I confess the years have done little to diminish what I feel for you. Please, join me and let us see what we can make of this new Order. Perhaps we shall even find a new willow tree.
Yours,
Gallant
"
ST_LoreNotes,NPC_GALS_1_BodyText,"My Mereda, with a heart that feels set aflame by Cain himself, I burn for your touch. My ears can hear nothing but your cooing laugh that flows past your lips like a joke only you will ever know. 
My angel tells me I am being foolish – of course I am. He tells me I should focus on my training. Why would I give even a fraction of my thought on that punishing, brutal, and cruel treatment, when I can close my eyes and see your form laid bare before me.
I have not been lucky in my young life, but finally winning you over to my passions and pulling you away from your books is my greatest fortune. You said we were doomed from the start, but I don’t care. I would fight through the infernal gates and slay a thousand souls to once again feel your body against mine. You may think we are doomed, but from the lingering taste of you upon my lips I know you don’t care either. 
The world, no, all of the heavens and hells are at war, my love. Tomorrow is a promise neither of us can keep. But tonight, my dearest, tonight I can promise that if you meet me under our old willow tree I will burn the heavens themselves with my passion for you. My hands have no purpose if not to hold you. My heart has no reason to beat if not near you --
My commander enters, I must go. Be with me tonight.
I am forever truly yours 
Gallant
"
ST_LoreNotes,EALS_10_BodyText,"My dear Mr. Moore — if I may presume the address —

You will forgive a letter from a man you may not recall having met. We were introduced at the Cathedral Auxiliary’s spring concert, two years past, by Master Felwyl. I do not expect the moment was memorable to you. The fault was mine.

My daughter, Vespera Halhurst, has spoken for weeks now of an understanding between yourself and herself.

I have written that sentence six times. It has not improved.

She is a vivid girl. In her years at the Academy, she has brought home many enthusiasms: poets, causes, philosophies, flowers pressed between borrowed books. Most passed before supper grew cold.

This one has not passed.

She has named the garden. She has named the hour. She has described, with some firmness, the jewel she believes would befit the occasion. When asked whether she possesses any letter from you, she says she has better than a letter, and will show it when I stop treating her as a child.

I did not press her further.

Should any part of this prove true, you would find me the readiest blessing in Gildenarch. You would also find, at your disposal, such endowment as remains within my house. Wassinger & Stoke have my instructions.

Should it prove — as I suspect it must — that my daughter has mistaken courtesy for affection, and affection for intention, I beg you to consider this letter unsent. I have asked no answer. I have imposed no obligation. The matter shall remain the private foolishness of one humble household.

I shall not see you at the Gala. I had not the standing to be invited. Vespera, however, has been beside herself all morning. She has dismissed two gowns, wept over a sash, and asked three times whether a man such as yourself prefers rubies to diamonds.

I told her I would not know.

She laughed at that. Kindly, I think.

I shall be at home tonight, hoping for word from my daughter, and dreading it in equal measure.

With every regard, and every deference,

-Cornelius Halhurst

"
ST_LoreNotes,EALS_2_BodyText,"My dear Wensleigh,

Two candles, and the second already crooked. You will forgive the haste. I write quickly because this evening, when it comes, will be very long.

You are a rare student. I do not say this to flatter you. I say it because the saying has become rare. Most who pass through my hall admire the lantern, and the pleasing circle of light it permits them. You have always been of a different garden, most content at the edges of the light.

I will speak briefly tonight. The Cardinal will speak longer. Our Patron will speak last, and the wine will be very fine, and you will be bored, and that is right and good.

After the toasts — when the older guests find the air heavy and retire to their carriages — find me. There is a smaller gathering for the few who have taken the trouble to look further. I have argued for your inclusion. The argument was not difficult. It rarely is, with you.

Wear something you can move in. Pin nothing to your collar that you would mourn.

Yours, in faith and in the better light to come,
 F.
"
ST_LoreNotes,Inquisition2Title,NOTICE
ST_LoreNotes,RCLS_3_Body,"Natalia, please turn back. Do not go inside the house! Mother and Father are not well; they’ve gone mad! They locked us inside and beat us to near death before forcing Erin to eat something against his will. I watched him convulse violently on the ground before they tried to do the same to me. I stabbed Father and barely escaped with my life. Please, if you find this, meet me in the forest outside of the castle town; we have to leave tonight; the city’s gone mad."
ST_LoreNotes,FeralNephilim1Title,Nephilim & Man
ST_LoreNotes,LPLS_2_Title,No Pagan Mercs!
ST_LoreNotes,DRLS_3_SubHead,Note
ST_LoreNotes,LALS_2_SubText,Note
ST_LoreNotes,LALS_3_Subtext,Note
ST_LoreNotes,SQCL_2_SubHead,Note on a torn rag
ST_LoreNotes,SQCL_1_SubHead,Note written on soiled rags
ST_LoreNotes,DLLS_1_Subhead,Notes
ST_LoreNotes,CorrespondenceMathias1Title,Notes on Soul Binding
ST_LoreNotes,SPLS_5_Title,Notes on Subject Seventeen
ST_LoreNotes,RKLS_9_Title,Notice of Celebration
ST_LoreNotes,GodsreachSpireFundingSubHead,Official Correspondence
ST_LoreNotes,LCLS_3_Title,On Origins of Faith
ST_LoreNotes,LPLS_3_BodyText,"Once more I am roused from my sleep by gut wrenching nightmares. I cannot persist this way, my lack of rest is driving me to madness. Everytime I sleep I am witness to a burning sky and rain of embers. The field lies barren and the air burns lungs as my eyes bleed. As I blink rapidly I see them In the distance, the terrible riders, large men clade in spiked plate flailing severed heads and raising their swords. I get up to run away but am met with a towering fiend in the distance. A massive beast with chest opened wide wielding a club, it bellows a deep unsettling laugh as the riders sing in unison. Before I know it I feel the hooves of horses crucsh my skull and I awaken."
ST_LoreNotes,NightmareBodyText,"Once more, I am roused from my sleep by gut-wrenching nightmares. The frequency is now unbearable, and I can no longer sustain my life this way.

Again I find  myself in the graveyard behind St. Uriel’s chapel, under that same accursed crimson moonlight basking the yard in an ethereal haze.

There, cloaked men gathered around that rotten, gnarled tree, whispering profane and terrible things before a woman chained to its trunk. Suddenly, I am taken behind her eyes, and I witness the men brandish a knife.

I am spared witness to the bloodshed, but I cannot help but feel it's true.
Why am I seeing this?"
ST_LoreNotes,FSLS_4_SubHead,One I wish I could forget
ST_LoreNotes,Inquisition3Title,Orders
ST_LoreNotes,ACLS_7_BodyText,"Our lord's Gala in Elk Grove Academy is tonight. We must prepare to cleanse the mortal filth from these halls. Leave no survivors.

Ensure every member of Clan Moore and their ferals are at their stations, we strike an hour before the ""unveiling"" of the Spire.

- Elanore and the ""nurse"" have the Healing House

- Cyron and the guards will take the dorms

- Theodis and Merric will oversee the Seminary Hold

Cain's wrath guide your hands  my brothers and sisters. "
ST_LoreNotes,CorrespondenceVampires1BodyText,"Our lord's Gala in Elk Grove Academy is tonight. We must prepare to cleanse the mortal filth from these halls. Leave no survivors.

Ensure every member of Clan Moore are at their stations, we strike an hour before the ""unveiling"" of the Spire.

Cain's wrath guide your hands  my brothers and sisters. "
ST_LoreNotes,ACLS_4_SubHead,Page from Mathias' Journal
ST_LoreNotes,SPLS_1_SubHead,"Pages 47-49, ink fading"
ST_LoreNotes,LCLS_3_Subhead,Passage
ST_LoreNotes,LCLS_2_Subhead,Passage from a historical text
ST_LoreNotes,MMLS_7_Title,Persons of Interest
ST_LoreNotes,DRLS_2_SubHead,Prayer
ST_LoreNotes,TOLS_1_Body,"Preamble

In the name of Lunarin, our Holy Divine, and the joint authorities of The Holy Lineage, the kingdoms of Velchoria and the Nephilim Gallant Alexander, let it be known that this Covenant is struck. To preserve the realm’s peace and the assured continued existence of the Nephilim, we hereby establish a holy order of knighthood in service to the Lunitarian Church of Velchoria.

Section 1: The Order shall henceforth be known as The Knights of the Crimson Moon. All Nephilim within the Velchorian Empire must relinquish themselves to the Order and serve the Church faithfully.

The Holy Lineage assures the following provisions:

-	The continued legal existence of Nephilim within the realm.
-	The highest degree of armaments, care, and security to the Nephilim.
-	Military Training, State-sanctioned education, and religious moral guidance.
-	Immortality through Angelic Technology, Augmentation and Angelic Training.

The Nephilim, by agreement of Gallant Alexander on behalf of all Nephilim:

-	Concede total autonomy beyond the Church’s jurisdiction.
-	Faithful service to the Lunitarian Church of Velchoria.
-   Total adoption of all Church doctrine regarding the Nephilim's Origins, and Nature.
-	Shalt not produce or bear any children.
-	Answer the call of the Lunitarian Church without question.

Hierachy of the Order is absolute and is as followers

The Knight Commander: Gallant Alexander. 2nd only to The Holy Lineage.

Chapter Masters: Sylvia Lochart. Markus Dianas. Yaron Volkart.

Paladins and their Subsequent Oaths

-   The Divine Oath. Protectors of Luminar.

-   The Moonlight Oath. Enforcer's of the Church's Will In foreign lands.

-   The Midnight Oath. Inquisitors and Hunters of those suspected of Demonic Worship.

-   The Crimson Oath. Frontline Defenders deployed at the will of the Church during times of crisis.
"
ST_LoreNotes,RKLS_5_Title,Prisoner Transport to Shoreditch Prison
ST_LoreNotes,ALLS_3_Subhead,Private journal entry
ST_LoreNotes,ACLS_4_Title,Progress at what cost?
ST_LoreNotes,ProphecyTitle,Prophecy
ST_LoreNotes,WardenTitle,Prototype results
ST_LoreNotes,SPLS_2_BodyText,"Quarterly intake, Block C - 47 souls, billed. 

Quarterly intake, Block D - 102 souls, billed at half. 

Quarterly intake, Lower - 213 souls, billed at zero. Per new owner's instruction. 

Block C executions - 4, standard. 

Block D executions -none reported. Reporting frame revised. 

Lower - n/a. 

Bread, salted meat, gruel - reduced 60%. Lower does not require. 

Lye, sailcloth, lime - increased 400%, all to Lower. 

Sacramental wine - increased 800%, per Felwyl's request. 

I have asked twice why the Lower does not eat. I am told not to ask. I have asked why it needs so much lime. I am told not to ask. 

This is my last entry. Find your own clerk."
ST_LoreNotes,LALS_1_SubText,Release Form
ST_LoreNotes,LCLS_1_Subhead,Religious Text
ST_LoreNotes,SQCL_1_Title,Remeber the plan
ST_LoreNotes,GRLS_2_Title,Remember the smith?
ST_LoreNotes,EALS_6_Title,Reply to Mr. Calder
ST_LoreNotes,SPLS_9_SubHead,"Returned to sender. Bloodstained, unopened."
ST_LoreNotes,LALS_1_Body,"Rite of Conscription invoked by Knight Commander Gallant Alexander

For the Prisoner Lotte Ananta.

Annulled Crimes: Several Counts of Burglary, Grand Larceny and Tax Evasion. 

Prisoner is hereby released from Shoreditch into custody of the Knights of the Crimson Moon
"
ST_LoreNotes,ALLS_2_Subhead,Ritual Notes
ST_LoreNotes,ALLS_1_Subhead,Ritual notes
ST_LoreNotes,FSLS_1_SubHead,"Run, brother"
ST_LoreNotes,SPLS_3_SubHead,Scratched in three layers of plaster
ST_LoreNotes,RKLS_1_SubHead,Scrawled in a trembling hand
ST_LoreNotes,FSLS_2_Title,Scrawlings
ST_LoreNotes,RKLS_10_SubHead,Sealed Letter
ST_LoreNotes,RKLS_5_BodyText,"Sending 8 persons
3 Men 
5 Women
2 Men uninfected
1 partially infected
3 Women fully uninfected
1 Woman fully lost to Hellgrowth

Additionally, 3 children
All fully uninfected, per request of General Valahk-Nor"
ST_LoreNotes,FSLS_10_BodyText,"Shipments from the herbary have ceased completely now, so I’ve not been able to properly mix my tinctures. 

I’ve had to dilute what supplies I have down to the point of imagination.  It’s just as well then that so much of the city has fled. 

I had only one patient come in yesterday for her weekly powders. Usually, it's half-ash, half-desiccated bone broth that's prescribed for a touch of the dropsy, but now it's ash alone I have to serve. 

Whether her constitution can tell the difference, I don't suppose I'm like to ever know.  

Today, no one has come in at all.

It’s only the brave who stayed. And the foolish.  

Since my own tincture for bravery—good mead—has long run out, I guess I know which I am. 

I’ve nothing to share now but wishes and water. 

But then, maybe that’s all I ever had.  "
ST_LoreNotes,FSLS_10_SubHead,Shortages and Worse
ST_LoreNotes,FTUECamp_Title,Singed Note
ST_LoreNotes,ACLS_3_BodyText,"Siron, excuse my apparent lack of enthusiasm for our esteemed philanthropist at the gathering last evening.

Mathias better know what he’s doing involving that mogul from Nachtendale in Lunitarian affairs. The Holy Lineage entrusted the Archspire to not only study the ‘Artifacts’ but also keep them away from prying eyes.

However, I must concede that the arcanists have made tremendous progress relative to our stagnancy over the last century, and pressure from The Holy Lineage to see results has been mounting.

The mogul assures us that his work will yield promising results, and the Archspire will take full credit for what is to come. A deal too good to be true, if you ask me. I hope to be pleasantly surprised."
ST_LoreNotes,CorrespondenceArtifactBodyText,"Siron, excuse my apparent lack of enthusiasm for our esteemed philanthropist at the gathering last evening.

Mathias better know what he’s doing involving that mogul from Nachtendale in Lunitarian affairs. The Holy Lineage entrusted the Archspire to not only study the ‘Artifacts’ but also keep them away from prying eyes.

However, I must concede that the arcanists have made tremendous progress relative to our stagnancy over the last century, and pressure from The Holy Lineage to see results has been mounting.

The mogul assures us that his work will yield promising results, and the Archspire will take full credit for what is to come. A deal too good to be true, if you ask me. I hope to be pleasantly surprised."
ST_LoreNotes,SPLS_4_BodyText,"Solomon — 

You ask if I have the stomach. I have eaten venison while a poacher hung dripping from my rafters, keeping time with the strings. I do not lack stomach. 

The keep is yours. Take it down to the sea-stones if it pleases you. The lower wards too — I'm told the air there is rich, and that the men who survive long enough develop a most remarkable patience. 

You offer me red, and long red years to drink it. I accept. I would have signed for the offer alone, without the keep — but you are a man of style, and I shall not deprive you of the pleasure of payment. 

I'll be at the Aemar after the second course. Have something young ready. The first hunger, I'm told, is a memorable thing. 

— H. Caldwell"
ST_LoreNotes,MMLS_3_BodyText,"Solomon, your absence at the gathering has aroused suspicion among the Patriarchs and Matriarchs of the other clans. I do not know what it is you’re doing in Velchoria, but I must remind you of the Pact. Cain is dead, and it is better he remains that way; we’ve no desire to go to war against the Church or all of Eden, for that matter. Without mankind, we have no cattle, and as long as Cain can’t reach us, we are free to use his blood as we see fit. We have something good going on; other clans do not want you jeopardizing it for your religious nonsense.

Lastly, I’d be remiss not to remind you that you still owe Clan Telvaught our blade Scirax. If you do not return it to us, we may come to collect it.
"
ST_LoreNotes,LunitarianFaithSaintUrielTitle,St. Uriel's Chapel
ST_LoreNotes,RCLS_2_Title,Stay Away From Him.
ST_LoreNotes,SurvivorCorrespondence1Title,Stay inside
ST_LoreNotes,SPLS_7_Title,"Stock List, Lower Theatre"
ST_LoreNotes,RKLS_4_BodyText,"Tabitha, 

I hope this letter finds you well 
For it may be my last
You were right my dear
Nothing comes without its price
Those bastards did something to the drink
It squirms inside me

It speaks.

I can hear everything it says.
I can see everything it wants.
All I want is to come home to you my dear
But what it wants--
Yes. Maybe I should.

Yes, of course. I should come home to you straight away.
This warmth, this growth, I must share it with you.
I shall fill your heart with love. The love you have always asked me for.
And through the scarlet embrace of the red bloom, we shall be together forever.
Tabitha, my dear. I shall be home soon.

Forever yours, 
Charles"
ST_LoreNotes,TOLS_2_Title,The Apostate Hunts
ST_LoreNotes,EALS_9_Title,The Book Don't Know Them
ST_LoreNotes,FSLS_9_SubHead,The Brothers
ST_LoreNotes,TOLS_1_Title,The Crimson Concordat
ST_LoreNotes,ACLS_2_Title,The Dinner.
ST_LoreNotes,LPLS_3_Title,The Dream
ST_LoreNotes,DRLS_1_BodyText,"The Dry Rot King, his people called it before the name was the last word any of them could still speak.

The Saedrics were his people: keepers of the old groves, who counted their years in harvests rather than kings. When their god began to rot in the dark, something of him reached back through the roots and into them. They did not die. They dried.
Now they are the Rot Kin, and they tend the forest the way grief tends a grave. The stone was never a prison so much as a wound stitched shut. It holds a god, but it does not heal him and it does not silence him. The wardens who guard it report the same thing across centuries,the longer he is kept, the less of E'frae remains, and the more of the rot answers in his place.

Where his influence reaches, the land does not burn or drown. It simply gives up. Leaves brown on a windless day. Timber crumbles though no rain has touched it. Animals lie down and do not rise again. It is not death, exactly, death is an ending, this is a slow forgetting of how to be alive."
ST_LoreNotes,AALS_1_Title,The Hunt for Aegoroth 
ST_LoreNotes,DRLS_3_BodyText,"The Inquisition brought in someone interesting this last night. They were indeed a heretic but not of the Reborn, no this was a man who practiced the old ways. He claims to commune with the god E'frae. Though worth noting he claims this is NOT the Lord of the Wild from the Island of Saedrys but instead his corpse he so zealously called ""The Dry Rot King"". He claims this entity slumbers deep beneath Gildenarch, total nonsense but heresy none the less. We will let the Inquisitor decide his fate."
ST_LoreNotes,GRLS_2_Body,"The Karsivite pagans are a strange sort, not that any aren’t addled. The Conversions handled by the Orthodoxy are not ideal, but our sects are aligned enough, I suppose. Remember that mission in Ulsvelled 4 winters ago? Where we met with the tribes and provided food and supplies. They had a blacksmith amongst them, a strange one at that. Apparently he was an outsider, “raised by wolves” -quite literally. Well, that same tribe was the one that rose up and had to be put down by the Crusaders. It was only after that the murders among the Orthodoxy had begun. I heard a rumor that the vampire the Nephilim were sent to kill was that blacksmith. Even more insane to suggest, but the Nephilim have allegedly conscripted a new smith from those lands who is a vampire. I can’t confirm any of this but do understand that suspicion of pagans isn’t unfounded; we’ve been to their lands and see what madness occurs; it's only fitting Nephilim would take pity on them."
ST_LoreNotes,LPLS_1_Title,The Lord of Perdition
ST_LoreNotes,MaedraelTitle,The Maedrael Heresy
ST_LoreNotes,ACLS_10_Title,The Murders.
ST_LoreNotes,GRLS_1_Title,The Orthodoxy
ST_LoreNotes,MMLS_9_Title,The Ritual
ST_LoreNotes,DRLS_2_Title,The Saedric Memory
ST_LoreNotes,MALS_3_Title,The Shedding of Youth
ST_LoreNotes,EALS_9_BodyText,"The South Bed. Asters opened on the eleventh of the Fifth Month. Last year was the twentieth. Year before that, the twenty-second. In thirty years I never seen them open so early.

Roses on the West Border. No rust. Not one leaf. Rust come every June since '79, every year. None this year. I should be pleased. I am not.

The Eastern Plot. Three rows of bulbs come up that I never put down. White, narrow at the bottom, fluted at the top, with a kind of tongue between the petals. I asked Halt at the apothecary. He never seen them. I asked the man at Vellgrove Press. He never seen them. I borrowed a book on Velchorian flora from the Library. The book don't know them either. They opened on Tuesday and they have not closed since.

The North Bed. There is a worm in the soil that don't answer to lime. I tried lime. I tried fire. I tried salt. The worm is in a jar on my bench and it has not stopped moving. When I look at it long enough, it stops looking like a worm.

The Conservatory. A vine of a kind I do not know, putting out a flower I cannot put a name to. It come up between the floorstones, where there is no soil. It is rooted in stone. I cut it on Monday. It was back on Wednesday and longer. The flower opens at dusk and turns to the south doors. The first hour it has no smell. The second hour it smells of a dressed hare.
I asked Bevan to keep the south doors locked tonight. He said he will. He is a good boy.
I will be on the grounds for the Gala. The lanterns want lighting. The torches on the carriage path want lighting. After that I will sit in my shed and watch the south doors.
— Marn
"
ST_LoreNotes,EALS_1_Title,The Spire Gala
ST_LoreNotes,LALS_1_Title,The Thief
ST_LoreNotes,LCLS_2_Title,The Velchorian Empire's Conversion
ST_LoreNotes,Cult1Title,The Vibrant Heresy
ST_LoreNotes,EALS_5_Title,The Week of the Spire
ST_LoreNotes,AALS_2_BodyText,"The first question one must ask when inquiring on the true inception point of knowledge, is 
the question of dreams. Where do they come from? Are they merely our internal 
hallucinations by sleep? Or is it a thread dripping through the ether, providing knowledge 
from the other side? From some one or some thing on the other side of the veil. 
I have been with the Aegorothians for a fortnight and they have me questioning my 
preconceptions.  
Lunatics, maybe. But these men and women willingly gave their eyes to their god. Plucked 
one by one as grapes for the Eye of the Abyss. And not a single one claims that they cannot 
see. 
They say it started with dreams. Dreams of knowledge. Dreams of sight. In these dreams, 
they see impossible things and eventually, Aegoroth himself. They describe large, 
magnificent wings and many, many eyes. Blue irises. And brown. Every kind. 
Could it be that all this time true knowledge came from the other side traveling through our 
dreams. Forbidden knowledge from a gracious god.  
And if it is true, I wonder, will he visit me?  "
ST_LoreNotes,TOLS_2_Body,"The period following the establishment of the Crimson Concordat was tumultuous, as it was implemented immediately across Velchoria without question. The enforcers of the agreement were the first Nephilim conscripted, led by the Knight Commander Gallant Alexander. The Order would accompany clergy and priesthood within Velchoria and protect Missionaries in Armaea or Karsiv. Conversion within the Empire was relatively peaceful, with the exception of those who fled to the countryside of the Treveyan Highlands and actively resisted all attempts. A few skirmishes broke out among the Nephilim, laying the groundwork for resistance abroad. 

These Apostates would eventually be given no other choice than to die by the blade. The Knight Commander himself famously led the slaughter south of Saedrys, where the village of Kambrook refused to turn over their Nephilim. 

Throughout the world, Nephilim belonging to the Oath of Moonlight, called Specters, would assassinate Nephilim in foreign lands to prevent the Empire’s rivals from harboring them. Exception being the Karsivite Orthodoxy, who had gone out of their way to turn Nephilim over to the Velchorian Church before Specters arrived.

To this day, the Apostate Hunts still continue but have largely died down. The period we colloquially refer to as the Hunts have long passed, but its scars still remain.
"
ST_LoreNotes,FSLS_7_BodyText,"The time has come, Mathias. We have belayed our response long enough. The disorder and chaos that we’ve allowed to fester within the city has now justified extreme action.  

In fact, the people hunger for it. They yearn for the strength of the iron hand. 

Even the worst heresy, sometimes, is an act in service to the greater good.  And make no mistake, there is no greater good without evil.  No advancement without destruction. No immortality without death.  

The death of others, at least.

As prefect of the Doctrine, you've done your part, your Emminence. Now we will do ours.

The people have asked for the touch of the iron hand.

Now, Mathias, we will give them what they want. 

-Solomon.

PS: The Divine has Infernus to banish souls to. We have Shoreditch Prison."
ST_LoreNotes,LALS_2_Body,"The wanted criminal Lotte Ananta has been arrested after a break-in at the Archspire Cathedral this weekend. You can cross him off your list of troublemakers in this city; the charges alone will do him in, but the poor sucker got cursed after grabbing an artifact from the Church’s vaults.

Looks like his ""magical abilities"" didn’t spare him from this one. 
"
ST_LoreNotes,DLLS_1_Title,Their Disdain
ST_LoreNotes,SPLS_10_BodyText,"They told me I was here for killing my brother. I was. I would do it again, and the priest wept, and I laughed, and they put me in the dark for it. 

The dark was the kindest thing that ever happened to me. 

In the dark something began to grow in my chest. I do not mean the bloom — that came later. I mean a knowing. A quiet. The first quiet I have ever had. They feed me bread that tastes of rot, and it tastes of welcome. 

The Sister came today and asked if I was ready. I said yes. She kissed my mouth and left a seed inside. 

I am being chosen. I have never been chosen for anything before."
ST_LoreNotes,MMLS_10_Title,This is Goodbye. For now.
ST_LoreNotes,SurvivorCorrespondence3BodyText,"This is the sixth time those nutters have come knocking on my door at odd hours. The gall to proselytize such absurdities to Divine fearin' folk in Gildenarch of all places.  Not that the Archspire cares much anymore, unless it hurts their coffers.

Divine take 'em all. Them cultists and the Archspire cloth as well."
ST_LoreNotes,FSLS_9_BodyText,"This one claimed to know nothing even after we broke his hands. We asked after his brother, but he would not give him up. Then we started on his feet. Then his tongue.  

Eventually, we broke him. Or thought we had. 

He feigned cooperation, and because he could no longer speak, motioned for a quill and parchment to be put in his hands for a signed confession.  

We gave him a quill, but the moment the inks were put before him, he smiled bloodily and dashed the ink in the guard's eyes. 

He managed to kill one of the inquisitors before he was put down. An ugly business. 

His brother has yet to be found."
ST_LoreNotes,LALS_3_Body,"This one’s beyond me; I’ve no idea what Gallant sees in that cretin. He’s actually gone and conscripted the thief from Archspire, for who knows what reason. He arrived at Shoreditch this last evening and demanded to see him. He looked the freak up and down and asked the guards to clear the room. After a few moments passed, he emerged and invoked the Rite of Conscription. Could it be the rumors about the thief are true? That his spirit can leave his body? Considering the state he’s in now, I’d imagine that ability might be useful."
ST_LoreNotes,TOLS_3_Body,"Though man yet remains on this earth, we live in dread for how much longer. A new race walks among us, towering giants of incredible strength, agility, and innate tallents for sorcery and angelic foresight. They are in every way superior to us and yet do not know their nature. As mankind rebuilds we must live alongside beings who have known nothing but war and posesses talents that far exceed our own. Though some have pleged their service to rebuilding efforts other have taken to criminality, banditry or mercenary work. Most terrible is the tragedy of Saedrys where a Nephilim appeared to have gone ""feral"" and burnt what was left of the city to the ground. These creatures must be controlled or expelled from the realm, their freedom threatens our safety and we must seek any means to qwell their potential for destruction."
ST_LoreNotes,EALS_3_Title,Three Empty Chairs
ST_LoreNotes,EALS_8_Title,"Three, Not Two"
ST_LoreNotes,Cult2Title,To those who are weary
ST_LoreNotes,SQCL_2_Body,"Toby, Hux, Magda, if any of you find this, I made it past Ramshorn, but the whole place has gone to hell. That madness we saw in Shoredtich has shaken up the town too. Folks been out here slaughtering each other its a mad house. Truth be told its been a cakewalk to escape with all of the commotion, but its too dangerous for me to stay. 

I’m going to scale the mountains outside Ramshorn and catch the first ship to Armaea. Screw Lotte, he can bloat and rot wherever the hell the Lunitarians took him. If any of you find this, please seek me out in Nachtendale or Belwayne; wherever we can get far away from Velchoria is where we’ll set up shop. 
"
ST_LoreNotes,SPLS_9_BodyText,"Tomas, my love — 

Your last reached me Tuesday. I've read it three times. The hand wasn't yours. I know your hand — eight years of it. The loops don't crowd like that, and you have never once spelt my name with the second N. 

Tell me you wrote it. Tell me your wrist is hurt and one of the kinder ones wrote for you. Tell me anything and I'll believe it, only write back in your own hand. 

I went to the gates yesterday with bread. The new Sister wouldn't take it. No visitors to the lower wards, she said. She wouldn't look at me. 

Lily asks for you every night. Write me. Write me in your own hand and I'll burn this. 

— Your Anya 

[Stamped:] Return: addressee deceased / transferred / unaccounted. Strike from rolls."
ST_LoreNotes,SPLS_6_Title,"Torn Page, Found in a Pool of Bile"
ST_LoreNotes,TOLS_1_Subhead,Torn copy of the Crimson Concordat
ST_LoreNotes,ACLS_1_SubHead,Torn journal page.
ST_LoreNotes,MMLS_8_Title,Traitors
ST_LoreNotes,FSLS_2_SubHead,Transcribed from the wall of St. Enoch.
ST_LoreNotes,ACLS_4_BodyText,"Truly, I couldn't be more impressed with our recent discoveries on the science of Soul Energy. Solomon's methods, albeit heretical, have yielded promising results that had previously taken us centuries to even scratch the surface of. I believe we're on the cusp of something great, and the Archspire's mission will have finally been fulfilled after all of this time.

The Saints frown upon me, and The Holy Lineage couldn't possibly understand. Is it sin if its in service to future of our faith?

They wanted results. They will have them."
ST_LoreNotes,CorrespondenceMathias1BodyText,"Truly, I couldn't be more impressed with our recent discoveries on the science of Soul Energy. Solomon's methods, albeit heretical, have yielded promising results that had previously taken us centuries to even scratch the surface of. I believe we're on the cusp of something great, and the Archspire's mission will have finally been fulfilled after all of this time.

The Saints frown upon me, and The Holy Lineage couldn't possibly understand. Is it sin if its in service to future of our faith?

They wanted results. They will have them."
ST_LoreNotes,EALS_4_Title,Tuesday's Class
ST_LoreNotes,EALS_4_BodyText,"Tuesday. Botanical Studies, third hour. Eight of us, two missing — Wynn says it's the cough going around, but I never met anyone who liked Wynn enough to tell her where they actually were.

Master Felwyl brought a new specimen today. He carried it himself, which he never does. A small thing in a glass dome. Pale pink, with red veins. He said the name in old Lunitarian and I didn't catch it. I'll ask Cora. Cora always remembers.

He let us each look. Up close it pulses, very softly, like it is breathing. Master Felwyl said this was not breathing. He said it was simply sap. He smiled when he said it.

It is a little ugly. The stem is too white. But the flower is, I must admit, the loveliest thing I have ever seen. When I smelled it, my mouth watered, which is silly. I keep thinking about it. I keep thinking about it the way I would think about a boy.

Then the bell, and we filed out, and I forgot to copy the diagram from the board.

Oh — the Gala is on the Eve. Father bought me a sash. I look very serious in it. He laughed. I was offended, then I laughed.

I'll write of the party after.
"
ST_LoreNotes,SPLS_6_SubHead,"Two hands, one corrected by the other"
ST_LoreNotes,Inquisition2BodyText,"Under the Inquisition Act of 760, this property has been temporarily seized by the Archspire Chapter under suspicion of Heresy and Treason against the Lunitarian Empire. Prior owners are required to request an audience with the Chapter's Inquisition and undergo a thorough investigation before their property rights are restored. Any attempts to reclaim this property will be met with arrest and fines of up to 1000 Drakes. Failure to request a hearing will result in fines of up to 100 Drakes and may lead to extended suspension or loss of property rights.

Posting Start: 5/4/782
Posting End: TBD
Deadline to Request Hearing: 5/8/782

- Inquisitor Aldus Geory. Power vested in by Cardinal Mathias of the Archspire Chapter."
ST_LoreNotes,ACLS_5_BodyText,"Upon deliberation, the chapter's Finance Council has decided to grant Moore's request for the funding of the Godsreach Spire civic project.

4,000,000 Drakes shall be granted in total, and split over two phases of the project upon completion of the milestones outlined during the hearing.

- Vicariate Administrative Consultant, Sergio Von Kulkan."
ST_LoreNotes,GodsreachSpireFundingBodyText,"Upon deliberation, the chapter's Finance Council has decided to grant Moore's request for the funding of the Godsreach Spire civic project.

4,000,000 Drakes shall be granted in total, and split over two phases of the project upon completion of the milestones outlined during the hearing.

- Vicariate Administrative Consultant, Sergio Von Kulkan."
ST_LoreNotes,FSLS_5_SubHead,Urgent
ST_LoreNotes,Cult3Title,Urgent Notice
ST_LoreNotes,Vampires1Title,Urgent Request for Support
ST_LoreNotes,MMLS_8_SubHead,Vampire Clans
ST_LoreNotes,EALS_8_BodyText,"Vauron —

I am sending this to your townhouse, and I trust you will read it in your dressing-room before the carriage. Read it before you put on your gloves.

I have eight cases now, perhaps nine. The presentation is alike in each, and like nothing in the texts at my disposal.

An elevation of mood unaccounted for by circumstance. A wasting of the flesh that will not answer to appetite, which is in every case strong. A warmth and brightness of the complexion — one of my patients, a girl of seventeen, was good enough to call it a lit lamp behind the cheek, and I have not improved upon her phrase. The pulse hurried, near a hundred, even at rest. Sleep undisturbed. The spirits buoyant.

None complain of pain. This troubles me more than pain would.

I have had word from a colleague in Pontoon Town of the like in working men and women. I am told the Cathedral Auxiliary's clinic in the Mill Ward has seen perhaps a dozen this season among the poor. The same cheerfulness. The same hunger. The same light beneath the skin.

The Gala, my friend, will gather every ward of the city under a single roof. Old Money. New Money. Faculty. Clergy. Service staff drawn from districts they would not otherwise be permitted to enter. If this affliction passes from one body to another — and I am not yet prepared to commit to the if — then tonight is a pile of kindling into which we are placing several thousand small flames at once.

I ask you, as a friend, to look.

Look at the wrists, where the skin is thin. Look at the eyes when the candle is between you and the patient; the gleam will be unmistakable if one knows to look for it. Look at who eats, who only seems to eat, and who refuses with thanks. Watch especially for those who praise the wine and do not swallow.

Should you mark it in three guests — three, not two — withdraw from the room. Find me in the second-floor library. Bring whom you must. Tell no one why.

I have not yet a name for what this is. I know what it is not. It is not anything I was taught to recognise.
— M.
"
ST_LoreNotes,NPC_GALS_2_Title,War
ST_LoreNotes,FSLS_3_Title,Watch Log
ST_LoreNotes,RKLS_8_Title,Watch Log of Ramshorn Keep
ST_LoreNotes,ACLS_8_Title,We Depart.
ST_LoreNotes,LunitarianFaithSaintUrielBodyText,"We dedicate this chapel to St.Uriel of Caragus. The patron of the downtrodden, whose charity, goodwill, and unconditional love gave light to those who lost their way during the Great Reconstruction.

""Holy is he, who leads the lost back to their hearth. Whether in place or spirit, none shall be left to wander alone in the dark, so long as Lunarin’s moonlight guides their way."""
ST_LoreNotes,LALS_3_Title,We don't got him...
ST_LoreNotes,LALS_2_Title,We got him!
ST_LoreNotes,FTUECamp_BodyText,"We're running low on provisions. No help is coming. Trapped in here with...him...Viktyr. Damn him! This is all his fault.

There's nothing to eat in here but the vermin that live in this cave. I'm sick of dried rat. The bat isn't so bad, but I think it's making us sick...

I miss my home. I miss my stream where I could fish for hours. I miss my garden where  I grew my prize-winning gourds. I'm making myself hungry...

Why did I sign up for this? Why did I let Viktyr convince me this was the right thing to do, knowing what we were up against?

Not much time left. I'm so hungry. I hope he dies first. So hungry...I'm...

(the rest is burned away)"
ST_LoreNotes,Inquisition2SubHead,Weathered Property seizure notice
ST_LoreNotes,GRLS_3_Body,"We’ve received a request from the Knights of the Crimson Moon. Get this: they want to allow a Pagan Artifact from Karsiv in the halls of the Sanctus Clypeus to accommodate their blacksmith. This is not only absurd, it's literal heresy a violation of the faith. That Gallow’s Wraith is using the Concordat to test the limits of what is allowed within Velchoria. Excuse my outburst in this letter, but do let it sway you in your decision to grant this request."
ST_LoreNotes,DRLS_2_BodyText,"What a cruel and undeserved fate, oh beautiful E’frae. Whose green ran through the earth, whose voice was whispered among the wind, and whose love gave rise to life every spring.

 I mourn your loss, great father of the wild, but I cannot join you in the Rot. I will journey far from these lands to the region of Western Armaea. Far from the Church’s clutches, I will plant your seed and tend to it as your wisdom tended to my soul.

The Saedric memory will live on even in this darkened age. Farewell, my father; I will carry you with me in all things I do.
"
ST_LoreNotes,SurvivorCorrespondence2Title,What happened?
ST_LoreNotes,ACLS_1_Title,What have I done?
ST_LoreNotes,ACLS_3_Title,What is he thinking?
ST_LoreNotes,FSLS_3_BodyText,"What's reborn can be rekilled. Remember that, you fools. 

It's the cult that brought this down on all of us. I'd wager anything.

It was only me that ran. 

It’s important I write that here, so it’s recorded. I’d want no stench of desertion to be levied against the others, who fought bravely to a man. 

Their names should be clean, unlike mine—Daerun Bogmire, as it’s recorded in the sentry lists. A name, even bad as it is, that I couldn't live up to. 

Or maybe I did live up to it.  To run is in my name.

What does heaven look like, I wonder? Or mayhap it’s hell I should be thinking on. 

Soon I’ll know. The cut is deep, but that’s not what I’m afraid of. It’s the bite. The bite worries me. This bite that gives me frenzied thoughts. 

It’s not too long now afore I go. I feel it rising, like a fever. Please forgive me.     

I seen the walking bones. I knew them when they held flesh. Good men, some of them. Bad men, others. But as bones they are made equal as never they were in life. They are the damned. As soon am I.  

Or am already. 

Goodbye. 

The Bogmire name dies with me.  Good riddance."
ST_LoreNotes,LCLS_2_Body,"When Emperor Alonious of Saedrys laid down his crown before the Holy Lineage, the two parties agreed upon the following terms.

1.	The Cessation of Old Ways
  a.	Velchorians will hereby reject the fallen gods who lost the cosmic war which befel our realm. The Velchorian Empire hereby recognizes Lunarin as the heir to the Cosmic Throne.
  b.	All former faiths will hereby be known as paganus. Gods of the Earth, and Archetypes of the Soul shall henceforth be rejected and are illegal within the Imperial realm. So that man might follow in Lunarin’s Holy Moonlight.
  c.	All Sites of old worship are to be converted or destroyed. Practice of the old ways in secrecy shall result in death or have death be evaded through conversion.
"
ST_LoreNotes,DLLS_2_Title,Why Silence him?
ST_LoreNotes,SPLS_7_BodyText,"William Crowlich — Murder x2 — Arms (2), Legs (2), Spine: ✓ all 

Vktor Hall — Heresy — Tongue, Eyes (2): ✓ / Heart: spoiled 

Kai L'espara — """"Witnessing"""" — Eyes (2), Tongue: ✓ / breathed nine days, useful 

Jozef Muir’sea  — Questioning the Chapter — Hands (2), Eyes (2): ✓ / face: ✓ separately 

Carey Jon — Drunkenness — Larynx, Tongue: ✓ / kept screaming. Beautiful. 

Theos Cosma — None recorded — All viable: ✓ ✓ ✓ / a generous man 

The boy from Cell 14 — — Heart: ✓ / a small one. Felwyl pleased. 

 

[Different hand] 

More children. He wants more children. "
ST_LoreNotes,SurvivorCorrespondence4BodyText,Witness the examples of those who'd blaspheme against the Divine!
ST_LoreNotes,Inquisition1SubHead,Worn Bloody Note
ST_LoreNotes,SurvivorCorrespondence1SubHead,Worn Bloody Note
ST_LoreNotes,SurvivorCorrespondence2SubHead,Worn Bloody Note
ST_LoreNotes,WornBloodyNote,Worn Bloody Note
ST_LoreNotes,Cult1SubHead,"Wrinkled letter, clutched in a severed hand."
ST_LoreNotes,ACLS_10_SubHead,Wrinkled letter.
ST_LoreNotes,ACLS_6_Title,You must act.
ST_LoreNotes,CorrespondenceVampires3BodyText,"You'll be pleased to know that the Chapter's desperation has been of great value to our endeavors. Lunitarian sanctions on magick have stifled their research into the Abraxas Stones, allowing us to become a valuable asset in obtaining results."
ST_LoreNotes,FSLS_5_BodyText,"Your Eminence, I pray we are not too late. I don’t understand the church’s slow response to this threat. The Cult of the Reborn grows and grows, like a noxious and dangerous weed in the beautiful garden of our city, yet we do nothing!

They call us toothless old fools as they incite heresy in the street. 

Why does the church not react? The influence of this cult increases by the day. There have been murders, kidnappings, and even rumors of heretical experimentations. Stories of abominations have reached my ears.  

There is a sickness spreading through the world, and this cult is at the heart of it.

The enemy is not just at our doorstep, but also seated at our very tables. The Lunitarian Church must take action before the wound grows too great. Please, I implore you.  

Ever your faithful servant,

-Father Ortney"
ST_LoreNotes,MALS_1_Title,Your Faded Star
ST_LoreNotes,SPLS_3_BodyText,"[First layer, careful hand] 

I have been in this box six years under the Caldwells. I miss my wife. I miss bread. 

 
[Second layer, over the first] 

Eleven years. New owners. They forgot me. The slot opens but no face comes. Food still arrives. I do not ask. 

 

[Third layer, scrawled large] 

Nineteen years. I hear the keep eat itself. Screams that aren't screams. Singing in the wrong throats. A great wet thing dragged past my door and licked the slot. I licked back. 

 

[Below, in a child's hand] 

The man in the wall is my friend now. He says when they come for me I should knock three times. He says he'll let me in."
ST_LoreNotes,Cult1BodyText,"“Unholy, is this veiled realm, the Shattered Coil. Prison for our shattered souls, entombed in calcified eons which rain upon a dying world. Let us traverse the Garden, and return to the dawn before the wyrm forged our shackles.”"
ST_LoreNotes,SPLS_6_BodyText,"…and in the seventh measure, name him by his slaughters. Speak first the Last Kingdoms. Speak then Armaea, then the bone-fields beneath. He answers to grief, not to power — never beg, only remind — 

[Apprentice hand, smaller, in the margin] 

Master says do not look at the eastern wall while reading aloud. I looked. I did not see eyes there. I did not. I will not write what I did not see. 

…and feed the floor before he comes. The floor must drink first or it will drink him, and he will not forgive that twice. Salt the joints. Salt the joints. Salt the — 

[The page ends. The next sheet is missing. Bile has dried in the shape of a long handprint across the seal.]"
ST_MissionModifierStrings,DifficultyValue5,"A hellish difficulty for those looking for a true test
Many elite monsters and three fewer lives
Even more XP and gold, legendary gear available"
ST_MissionModifierStrings,DifficultyValue2,"An incursion on normal difficulty
Some elites and special monsters
Uncommon to rare gear, normal XP and gold"
ST_MissionModifierStrings,DifficultyValue3,"Deadly challenge: many elites and specials
Tough monsters with punishing attacks
Rare gear, increased XP and gold gain"
ST_MissionModifierStrings,DifficultyValue1,"Easy difficulty for a more forgiving experience
Some special monsters dealing less damage
Uncommon gear, lower XP gain"
ST_MissionModifierStrings,DifficultyValue4,"Extreme difficulty with high damaging foes
Elite monsters and two fewer extra lives
Even more gold, epic gear available"
ST_MissionModifierStrings,DifficultyValue6,"The ultimate challenge, expect to die
Lethal foes at every turn and just one life
Legendary weapons and armor available"
ST_Objectives,SQST_Objective_Topic_2,About the document...
ST_Objectives,SQGS_III_Objective_Topic,About the god's weapon...
ST_Objectives,SQGS_II_Objective_Topic,About the god's weapon...
ST_Objectives,SQGS_I_Objective_Topic,About the god's weapon...
ST_Objectives,SQDM_Objective_Topic,About the the vessel...
ST_Objectives,SQBW_Objective_Topic,About the vessel's weapon...
ST_Objectives,SQABG_Objective_Topic,About the vessel...
ST_Objectives,SQFWIC_Objective_Topic,About the vessel...
ST_Objectives,SQLD_Objective_Topic,About the vessel...
ST_Objectives,SQSBA_Objective_Topic,About the vessel...
ST_Objectives,SQTROK_Objective_Topic,About the vessel...
ST_Objectives,SQPR_Objective_Full,Acquire Infernal Energy from a Hellrift.
ST_Objectives,SQPR_Objective_Short,Acquire Infernal Energy.
ST_Objectives,SQAGB_Objective_Full,Acquire information on the wizard Abraxas Godsbane.
ST_Objectives,SQSA_Objective_Full,Acquire lore about the Librarian Mereda.
ST_Objectives,SQTEABL_Objective_Full,Acquire lore on Aegoroth The Eye of the Abyss.
ST_Objectives,SQIR_Objective_Full,Acquire lore on Archspire Cathedral.
ST_Objectives,SQTDRK_Objective_Full,Acquire lore on E'frae The Dry Rot King.
ST_Objectives,SQGB_Objective_Full,Acquire lore on Elk Grove Academy.
ST_Objectives,SQLOP_Objective_Full,Acquire lore on Mahkteah The Lord of Perdition.
ST_Objectives,SQSOD_Objective_Full,Acquire lore on Moore Manor.
ST_Objectives,SQIS_Objective_Full,Acquire lore on Ramshorn Keep.
ST_Objectives,SQKC_Objective_Full,Acquire lore on Shoreditch Prison.
ST_Objectives,SQTGW_Objective_Full,Acquire lore on The Knight Commander Gallant Alexander.
ST_Objectives,SQCOL_Objective_Full,Acquire lore on the Angelic Choir.
ST_Objectives,SQTWOK_Objective_Full,Acquire lore on the Blacksmith Gajov Resnyk.
ST_Objectives,SQAH_Objective_Full,Acquire lore on the Forsaken Streets.
ST_Objectives,SQROI_Objective_Full,Acquire lore on the Infernal Legion.
ST_Objectives,SQTLC_Objective_Full,Acquire lore on the Lunitarian Church of Velchoria.
ST_Objectives,SQMW_Objective_Full,Acquire lore on the Merchant Lotte Ananta.
ST_Objectives,SQUHY_Objective_Full,Acquire lore on the Reborn Cult.
ST_Objectives,SQAH_Objective_Short,Acquire lore.
ST_Objectives,SQCOL_Objective_Short,Acquire lore.
ST_Objectives,SQGB_Objective_Short,Acquire lore.
ST_Objectives,SQIR_Objective_Short,Acquire lore.
ST_Objectives,SQIS_Objective_Short,Acquire lore.
ST_Objectives,SQKC_Objective_Short,Acquire lore.
ST_Objectives,SQLOP_Objective_Short,Acquire lore.
ST_Objectives,SQMW_Objective_Short,Acquire lore.
ST_Objectives,SQROI_Objective_Short,Acquire lore.
ST_Objectives,SQSA_Objective_Short,Acquire lore.
ST_Objectives,SQSOD_Objective_Short,Acquire lore.
ST_Objectives,SQTDRK_Objective_Short,Acquire lore.
ST_Objectives,SQTEABL_Objective_short,Acquire lore.
ST_Objectives,SQTGW_Objective_Short,Acquire lore.
ST_Objectives,SQTLC_Objective_Short,Acquire lore.
ST_Objectives,SQTWOK_Objective_Short,Acquire lore.
ST_Objectives,SQUHY_Objective_Short,Acquire lore.
ST_Objectives,SQWOK_Objective_Full,Acquire lore.
ST_Objectives,SQWOK_Objective_Short,Acquire lore.
ST_Objectives,SQUE_Objective_Short,Acquire the Divine Ember.
ST_Objectives,SQTAL_Objective_Full,Acquire the official documents from the Archspire Cathedral.
ST_Objectives,SQTAL_Objective_Short,Acquire the official documents.
ST_Objectives,MQCTS_Objective_4_Full,Approach the War Table.
ST_Objectives,MQCTS_Objective_4_Short,Approach the War Table.
ST_Objectives,EQR_Objective_Full,Avenge the Nephilim and hunt down the demon.
ST_Objectives,SQBB_Objective_4_Full,Bring the blood to Gajov.
ST_Objectives,SQBB_Objective_4_Short,Bring the blood to Gajov.
ST_Objectives,SQST_Objective_Short,Bring the document to Mereda.
ST_Objectives,SQBB_Objective_3_Full,Bring the ingredients to Mereda.
ST_Objectives,SQBB_Objective_3_Short,Bring the ingredients to Mereda.
ST_Objectives,SQST_Objective_Full,Bring the strange document to Mereda.
ST_Objectives,EQAR_Objective_1_Full,Bring the tomes to the Librarian.
ST_Objectives,SQST_II_Obective_Short,Collect Cipher Fragments.
ST_Objectives,SQGS_III_Objective_2,Collect Legendary Scraps across Gildenarch.
ST_Objectives,SQGS_II_Objective_2,Collect Legendary Scraps across Gildenarch.
ST_Objectives,SQGS_I_Objective_2,Collect Legendary Scraps across Gildenarch.
ST_Objectives,SQTROK_Objective_2,Collect Legendary Scraps from the Shoreditch Walltower.
ST_Objectives,SQDM_Objective_3,Collect Legendary Scraps in Archspire Cathedral.
ST_Objectives,SQFWIC_Objective_3,Collect Legendary Scraps in Elk Grove Academy.
ST_Objectives,SQABG_Objective_3,Collect Legendary Scraps in Forsaken Streets.
ST_Objectives,SQLD_Objective_3,Collect Legendary Scraps in Moore Manor.
ST_Objectives,SQSBA_Objective_3,Collect Legendary Scraps in Ramshorn Keep.
ST_Objectives,SQST_II_Obective_Full,"Collect cipher fragments from the Archspire Cathedral, Forsaken Streets and Elk Grove Academy."
ST_Objectives,SQBCCM3S_Objective_Topic,Complete Challenge: Cardinal Mathias
ST_Objectives,SQBCFW3S_Objective_Topic,Complete Challenge: Felwyl The Withered
ST_Objectives,SQBCFWE3S_Objective_Topic,Complete Challenge: Flesh-Wrought Egregore
ST_Objectives,SQBCV3S_Objective_Topic,Complete Challenge: General Valahk-Nor
ST_Objectives,SQBCDK3S_Objective_Topic,Complete Challenge: The Dry Rot King
ST_Objectives,SQBCMP3S_Objective_Topic,Complete Challenge: The Lord of Perdition
ST_Objectives,SQBCW_Objective_Topic,Complete Challenge: The Warden
ST_Objectives,SQBCTS3_Objective_Topic,Complete Challenge: Tyrigon
ST_Objectives,MQPE1_Objective_1_Full,Complete the First District.
ST_Objectives,MQPE1_Objective_1_Short,Complete the First District.
ST_Objectives,MQPE1_Objective_2_Full,Complete the Second District.
ST_Objectives,MQPE1_Objective_2_Short,Complete the Second District.
ST_Objectives,MQPE1_Objective_3_Full,Complete the Third District.
ST_Objectives,MQPE1_Objective_3_Short,Complete the Third District.
ST_Objectives,SQBCFA3S,Complete: Challenge Felwyl The Ascended
ST_Objectives,SQBDK_Objective_Complete,Complete: Death Knight
ST_Objectives,SQBDT_Objective_Topic,Complete: Demon Brutes
ST_Objectives,SQBEC_Objective_Topic,Complete: Elite Cultists
ST_Objectives,SQBEDK_Objective_Topic,Complete: Elite Death Knights
ST_Objectives,SQBEI_Objective_Topic,Complete: Elite Demon Imps
ST_Objectives,SQBEDT_Objective_Topic,Complete: Elite Demon Tanks
ST_Objectives,SQBEKT_Objective_Topic,Complete: Elite Knight Terrors
ST_Objectives,SQBEUB_Objective_Topic,Complete: Elite Undead Brutes.
ST_Objectives,SQBEUC_Objective_Topic,Complete: Elite Undead Captains
ST_Objectives,SQBFV_Objective_Topic,Complete: Feral Vampires
ST_Objectives,SQBUB_Objective_Topic,Complete: Undead Brutes
ST_Objectives,SQBUC_Objective_Topic,Complete: Undead Captains
ST_Objectives,SQST_Objective_2_Full,Continue the Order's mission until Mereda has need of you.
ST_Objectives,SQST_Objective_2_Short,Continue the mission for now.
ST_Objectives,SQBCCM3S_Objective_Short,Defeat Cardinal Mathias
ST_Objectives,SQBCCM3S_Objective_Full,Defeat Cardinal Mathias.
ST_Objectives,MQPE1_Objective_4_Dryrot,Defeat E'frae The Dry Rot King.
ST_Objectives,SQBCFA3S_Objective_Full,Defeat Felwyl The Ascended.
ST_Objectives,SQBCFA3S_Objective_Short,Defeat Felwyl The Ascended.
ST_Objectives,SQBCFW3S_Objective_Full,Defeat Felwyl The Withered.
ST_Objectives,SQBCFW3S_Objective_Short,Defeat Felwyl The Withered.
ST_Objectives,SQBV3S_Objective_Full,Defeat General Valahk - Nor
ST_Objectives,SQBCV3S_Objective_Full,Defeat General Valahk-Nor
ST_Objectives,SQBCV3S_Objective_Short,Defeat General Valahk-Nor
ST_Objectives,SQBCMP3S_Objective_Full,Defeat Mahkteah The Lord of Perdition
ST_Objectives,MQPE2_Objective_4_Mahkteah,Defeat Mahkteah The Lord of Perdition.
ST_Objectives,SQBCMP3S_Objective_Short,Defeat Mahkteah The Lord of Perdition.
ST_Objectives,SQBCDK3S_Objective_Full,Defeat The Dry Rot King
ST_Objectives,SQBCDK3S_Objective_Short,Defeat The Dry Rot King
ST_Objectives,SQBCFWE3S_Objective_Full,Defeat The Flesh-Wrought Egregore
ST_Objectives,SQBCFWE3S_Objective_Short,Defeat The Flesh-Wrought Egregore
ST_Objectives,SQBCW3S_Objective_Full,Defeat The Warden
ST_Objectives,SQBCW3S_Objective_Short,Defeat The Warden
ST_Objectives,SQBCT3S_Objective_Full,Defeat Tyrigon
ST_Objectives,SQBCT3S_Objective_Short,Defeat Tyrigon
ST_Objectives,MQPE1_Objective_4_Full,Defeat the Dead God.
ST_Objectives,MQPE1_Objective_4_Short,Defeat the Dead God.
ST_Objectives,SQTC_Objective_3_Full,Discover the fate of Hux Pennant
ST_Objectives,SQTC_Objective_3_Short,Discover the fate of Hux Pennant
ST_Objectives,SQTC_Objective_2_Full,Discover the fate of Magda Rooke
ST_Objectives,SQTC_Objective_2_Short,Discover the fate of Magda Rooke
ST_Objectives,SQTC_Objective_1_Full,Discover the fate of Toby Carrick.
ST_Objectives,SQTC_Objective_1_Short,Discover the fate of Toby Carrick.
ST_Objectives,SQTC_Objective_4_Full,Discover the fate of the last
ST_Objectives,SQTC_Objective_4_Short,Discover the fate of the last
ST_Objectives,MQP_Objective_1_Short,Enter Gildenarch.
ST_Objectives,EQHR_Objective_1_Full,Enter the Hellrift
ST_Objectives,MQP_Objective_1_Full,Enter the city of Gildenarch.
ST_Objectives,MQCTS_Objective_6_Full,Enter the gates to start the run.
ST_Objectives,MQCTS_Objective_6_Short,Enter the gates to start the run.
ST_Objectives,EQHR_Objective_2_Full,Fend off the horde while the veil is repaired.
ST_Objectives,EQHR_Objective_2_Short,Fend off the horde.
ST_Objectives,SQST_III_Obective_Short,"Find ""The Apostate Hunts""."
ST_Objectives,SQTL_Objective_Short,Find Lotte's missing locket.
ST_Objectives,SQCR_Objective_Short,Find information on Aleria.
ST_Objectives,SQWC_Objective_2_Full,Find supplies for the survivor to earn her trust.
ST_Objectives,SQWC_Objective_2_Short,Find supplies for the survivor.
ST_Objectives,MQP_Objective_3_Short,Find the Captain.
ST_Objectives,SQOH_Objective_Full,Find the Chalice in Elk Grove Academy and bring it back to the merchant.
ST_Objectives,SQOH_Objective_Short,Find the Chalice.
ST_Objectives,SQUH_Objective_Full,Find the Crescent Tags of the Fallen Crusaders.
ST_Objectives,SQUH_Objective_Short,Find the Crescent Tags.
ST_Objectives,MQP_Objective_3_Full,Find the Knight Captain Rendaen.
ST_Objectives,SQLH_Obective_1_full,Find the Revenant Crown in the depths of Gildenarch.
ST_Objectives,SQLH_Obective_1_short,Find the Revenant Crown.
ST_Objectives,SQST_III_Obective_Full,Find the record of the Apostate Hunts.
ST_Objectives,SQTFI_Objective_Full,Find the ring for the Undead Woman.
ST_Objectives,SQTFI_Objective_Short,Find the ring for the Undead Woman.
ST_Objectives,EQBM_Objective_Topic,Found some materials in the city.
ST_Objectives,SQBB_QuestTopic_3,Gajov will be alright.
ST_Objectives,MQCOIC_Objecitive_Topic,Gallant sent me.
ST_Objectives,EQBM_Objective,Gather material for the Blacksmith.
ST_Objectives,MQPE3_Objective_4_Felwyl,Gather strength and defeat the final Dead God.
ST_Objectives,EQMT_Objective_1,Gather treasure.
ST_Objectives,MQBITF_Objective_1_Short,Go on an excursion.
ST_Objectives,MQCTS_Objective_2_Full,Go to the Library and speak with Mereda.
ST_Objectives,SQBB_QuestTopic_2,Here is some blood.
ST_Objectives,SQTAL_Objective_TurnIn,Here's the requisition form.
ST_Objectives,SQTC_Topic_TurnIn,Here's what I found about your crew.
ST_Objectives,SQCC_Objective_Full,Hunt down the aimless captain in the Southern Ward and bring his head to Gallant.
ST_Objectives,EQR_Objective_Short,Hunt the demon.
ST_Objectives,MQPE_Objective_Topic_Return,I have acquired the first Abraxas Stone.
ST_Objectives,MQBITF_Objective_3_Topic_Excursion,I have returned from my excursion.
ST_Objectives,SQUH_Objective_Dialogue_ReclaimedTags,I have the Crescent Tags.
ST_Objectives,SQOH_Topic_TurnIn,I have the chalice.
ST_Objectives,SQBB_QuestTopic_1,I have the ingredients.
ST_Objectives,SQIE_Objective_Topic_ReturnEmber,I have your ember.
ST_Objectives,SQUE_Objective_Topic_ReturnEmber,I have your ember.
ST_Objectives,SQTL_Objective_Topic_Locket,I have your locket.
ST_Objectives,MQPE1_Objective_Topic_1,I've acquired the first Abraxas Stone.
ST_Objectives,MQPE2_Objective_Topic_1,I've acquired the second Abraxas Stone.
ST_Objectives,EQR_Objective_Topic_Return,I've avenged a Nephilim.
ST_Objectives,SQLH_Objective_2_Topic_Return,I've found the Crown.
ST_Objectives,SQCR_Objective_Topic_TurnIn,I've news on Aleria.
ST_Objectives,MQCTS_Objective_Topic_3,I've spoken with Mereda.
ST_Objectives,SQAGB_Objective_Short,Information Collected.
ST_Objectives,SQWC_Objective_1_Full,Investigate the noises outside of St.Uriel's Chapel.
ST_Objectives,SQWC_Objective_1_Short,Investigate the noises.
ST_Objectives,SQBB_QuestTopic,Is something wrong?
ST_Objectives,SQBUC_Objectives_Full,Kill 3 Undead Captains
ST_Objectives,SQABG_Objective_2,Kill Cultists.
ST_Objectives,SQLD_Objective_2,Kill Cultists.
ST_Objectives,SQBDK_Objective_Full,Kill Death Knights
ST_Objectives,SQBDK_Objective_Short,Kill Death Knights.
ST_Objectives,SQTROK_Objective_3,Kill Deathknights.
ST_Objectives,SQBDT_Objective_Full,Kill Demon Brutes.
ST_Objectives,SQBDT_Objective_Short,Kill Demon Brutes.
ST_Objectives,SQBEC_Objective_Full,Kill Elite Cultists.
ST_Objectives,SQBEC_Objective_Short,Kill Elite Cultists.
ST_Objectives,SQBEDK_Objective_Full,Kill Elite Death Knights.
ST_Objectives,SQBEDK_Objective_Short,Kill Elite Death Knights.
ST_Objectives,SQBEDT_Objective_Full,Kill Elite Demon Brutes.
ST_Objectives,SQBEDT_Objective_Short,Kill Elite Demon Brutes.
ST_Objectives,SQBEI_Objective_Full,Kill Elite Demon Imps.
ST_Objectives,SQBEI_Objective_Short,Kill Elite Demon Imps.
ST_Objectives,SQBEFV_Objective_Full,Kill Elite Feral Vampires.
ST_Objectives,SQBEFV_Objective_Short,Kill Elite Feral Vampires.
ST_Objectives,SQBEKT_Objective_Full,Kill Elite Knight Terrors.
ST_Objectives,SQBEKT_Objective_Short,Kill Elite Knight Terrors.
ST_Objectives,SQBEUB_Objective_Full,Kill Elite Undead Brutes.
ST_Objectives,SQBEUB_Objective_Short,Kill Elite Undead Brutes.
ST_Objectives,SQBEUC_Objective_Full,Kill Elite Undead Captains.
ST_Objectives,SQBEUC_Objective_Short,Kill Elite Undead Captains.
ST_Objectives,SQGS_III_Objective_3,Kill Felwyl The Ascended on 3 Skulls.
ST_Objectives,SQBFV_Objective_Full,Kill Feral Vampires.
ST_Objectives,SQBFV_Objective_Short,Kill Feral Vampires.
ST_Objectives,SQDM_Objective_2,Kill Feral Vampires.
ST_Objectives,SQBKT_Objective_Full,Kill Knight Terrors.
ST_Objectives,SQBKT_Objective_Short,Kill Knight Terrors.
ST_Objectives,SQFWIC_Objective_2,Kill Knight Terrors.
ST_Objectives,SQGS_II_Objective_3,Kill Mahkteah on 3 Skulls.
ST_Objectives,SQBUB_Objective_Brutes,Kill Undead Brutes.
ST_Objectives,SQBUB_Objective_Full,Kill Undead Brutes.
ST_Objectives,SQBUC_Objective_Short,Kill Undead Captains
ST_Objectives,SQSBA_Objective_2,Kill Undead Captains.
ST_Objectives,SQCC_Objective_Short,Kill the Aimless Captain.
ST_Objectives,SQGS_I_Objective_3,Kill the Dry Rot King on 3 Skulls.
ST_Objectives,SQAY_Objective_Full,Kill the Lost Soul in the Southern Ward
ST_Objectives,SQAY_1_Objective_Full,Kill the Lost Soul in the Southern Ward.
ST_Objectives,SQAY_1_Objective_Short,Kill the Lost Soul.
ST_Objectives,SQAY_Objective_Short,Kill the Lost Soul.
ST_Objectives,MQCTS_Objective_Topic_1,Knight Commander. I am ready to serve.
ST_Objectives,SQTCM_Objective_Full,Learn about The Order of The Crimson Moon.
ST_Objectives,EQHR_Objective_3_Full,Leave the Hellrfit.
ST_Objectives,EQHR_Objective_1_Short,Leave the Hellrift.
ST_Objectives,SQTCM_Objective_Short,Lore collected
ST_Objectives,MQBITF_Objective_3_Full,MQBITF_Objective_3_Full
ST_Objectives,MQBITF_Objective_3_Short,MQBITF_Objective_3_Short
ST_Objectives,MQCOIC_Full,MQCOIC_Full
ST_Objectives,MQCOIC_Short,MQCOIC_Short
ST_Objectives,MQPE1_Objective_Full,MQPE1_Objective_Full
ST_Objectives,MQPE1_Objective_Short,MQPE1_Objective_Short
ST_Objectives,MQPE2_Objective_Full,MQPE2_Objective_Full
ST_Objectives,MQPE2_Objective_Short,MQPE2_Objective_Short
ST_Objectives,MQPE3_Objective_Full,MQPE3_Objective_Full
ST_Objectives,MQPE3_Objective_Short,MQPE3_Objective_Short
ST_Objectives,Note,Note
ST_Objectives,SQBB_Objective_2_Full,Obtain Holy Water.
ST_Objectives,SQBB_Objective_2_Short,Obtain Holy Water.
ST_Objectives,MQCTS_Objective_5_Full,Prepare your Loadout.
ST_Objectives,MQCTS_Objective_5_Short,Prepare your Loadout.
ST_Objectives,SQLore_Objective_Full,Recover lost lore for Mereda.
ST_Objectives,SQLore_Objective_Short,Recover lost lore for Mereda.
ST_Objectives,EQA_Objective_Full,Retrieve the Artifacts.
ST_Objectives,EQA_Objective_Short,Retrieve the Artifacts.
ST_Objectives,EQAR_Objective_Full,Retrieve the tomes.
ST_Objectives,EQAR_Objective_Short,Retrieve the tomes.
ST_Objectives,SQTL_Objective_2_Short,Return Lotte's Locket.
ST_Objectives,SQTL_Objective_2_Full,Return Lotte's locket to him.
ST_Objectives,MQPE1_Objective_5_Full,Return the Abraxas Stone to the Order.
ST_Objectives,MQPE1_Objective_5_Short,Return the Abraxas Stone to the Order.
ST_Objectives,EQA_Objective_1_Full,Return the Artifacts to the Merchant.
ST_Objectives,EQA_Objective_1_Short,Return the Artifacts.
ST_Objectives,SQUH_Objective_2_Full,Return the Crescent Tags to Gallant.
ST_Objectives,SQUH_Objective_2_Short,Return the Crescent Tags.
ST_Objectives,SQUE_Objective_1_Full,Return the Divine Ember to Gajov.
ST_Objectives,SQUE_Objective_1_Short,Return the Divine Ember to Gajov.
ST_Objectives,EQAR_Objective_1_Short,Return the tomes.
ST_Objectives,SQGS_II_Objective_4,Return to Gajov
ST_Objectives,SQLD_Objective_4,Return to Gajov
ST_Objectives,SQSBA_Objective_4,Return to Gajov
ST_Objectives,EQBM_Objective_TurnIn,Return to Gajov.
ST_Objectives,SQABG_Objective_4,Return to Gajov.
ST_Objectives,SQDM_Objective_4,Return to Gajov.
ST_Objectives,SQFWIC_Objective_4,Return to Gajov.
ST_Objectives,SQGS_III_Objective_4,Return to Gajov.
ST_Objectives,SQGS_I_Objective_4,Return to Gajov.
ST_Objectives,SQTROK_Objective_4,Return to Gajov.
ST_Objectives,EQR_Objective_2_Full,Return to Gallant.
ST_Objectives,EQR_Objective_2_Short,Return to Gallant.
ST_Objectives,MQBITF_Objective_2_Short,Return to Gallant.
ST_Objectives,MQCTS_Objective_3_Short,Return to Gallant.
ST_Objectives,MQBITF_Objective_1_Full,Return to Gildenarch on an excursion and scout the streets.
ST_Objectives,SQOH_Objective_1_Full,Return to Lotte with the Chalice.
ST_Objectives,SQTC_Objective_Full,Return to Lotte with what you've found about his Old Crew.
ST_Objectives,SQCR_Objective_2_Short,Return to Lotte.
ST_Objectives,SQOH_Objective_1_Short,Return to Lotte.
ST_Objectives,SQTC_Objective_Short,Return to Lotte.
ST_Objectives,SQST_Objective_3_Full,Return to Mereda and see if she's found anything interesting about the document you gave her.
ST_Objectives,SQBB_Objective_5_Full,Return to Mereda with news on Gajov.
ST_Objectives,SQLH_Obective_2_full,Return to Mereda with the Crown.
ST_Objectives,SQLH_Obective_2_short,Return to Mereda with the Crown.
ST_Objectives,SQBB_Objective_5_Short,Return to Mereda.
ST_Objectives,SQL_Return,Return to Mereda.
ST_Objectives,SQST_III_Objective_2_Full,Return to Mereda.
ST_Objectives,SQST_III_Objective_2_Short,Return to Mereda.
ST_Objectives,SQST_Objective_3_Short,Return to Mereda.
ST_Objectives,SQTAL_Objective_1_Full,Return to the Merchant with document.
ST_Objectives,EQMT_Objective_TurnIn,Return to the Merchant.
ST_Objectives,SQTAL_Objective_1_Short,Return to the Merchant.
ST_Objectives,SQWC_Objective_3_Full,Return to the survivor.
ST_Objectives,SQWC_Objective_3_short,Return to the survivor.
ST_Objectives,SQABG_Objective_TurnIn,SQABG_
ST_Objectives,SQFWIC_Objective_TurnIn,SQFWIC_Objective_
ST_Objectives,SQGS_III_Objective_TurnIn,SQGS_III_Objective_
ST_Objectives,SQGS_III_Objective_Full,SQGS_III_Objective_Full
ST_Objectives,SQGS_III_Objective_Objective,SQGS_III_Objective_Objective
ST_Objectives,SQGS_II_Objective_TurnIn,SQGS_II_Objective_
ST_Objectives,SQGS_I_Objective_TurnIn,SQGS_I_Objective_
ST_Objectives,SQGS_I_Objective_Full,SQGS_I_Objective_Full
ST_Objectives,SQLD_Objective_TurnIn,SQLD_
ST_Objectives,SQSBA_Objective_TurnIn,SQSBA_Objective_
ST_Objectives,SQTOV_Objective_Full,SQTOV_Objective_Full
ST_Objectives,SQTOV_Objective_Short,SQTOV_Objective_Short
ST_Objectives,SQTROK_Objective_TurnIn,SQTROK_Objective_
ST_Objectives,SQTROK_Objective_Full,SQTROK_Objective_Full
ST_Objectives,SQUE_Objective_Full,Search Ramshorn Keep for the Divine Ember.
ST_Objectives,SQCR_Objective_Full,Search Shoreditch Prison for information regarding Aleria Hawthorne.
ST_Objectives,SQCR_Objective_1_Full,Search outside the Castle Town of Ramsorn Keep for clues about Aleria.
ST_Objectives,SQCR_Objective_1_Short,Search outside the Castle Town.
ST_Objectives,SQTL_Objective_Full,Search the Archspire Cathedral for the Merchant's missing locket and retrieve it for him.
ST_Objectives,MQP_Objective_2_Full,Search the city for your comrades.
ST_Objectives,MQP_Objective_2_Short,Search the city.
ST_Objectives,SQBB_Objective_1_Full,Seek out pristine Demon Blood.
ST_Objectives,SQBB_Objective_1_Short,Seek out pristine Demon Blood.
ST_Objectives,SQABG_Objective_1,Speak to Gajov about forging a weapon from the Vessel's Soul.
ST_Objectives,SQDM_Objective_1,Speak to Gajov about forging a weapon from the Vessel's Soul.
ST_Objectives,SQFWIC_Objective_1,Speak to Gajov about forging a weapon from the Vessel's Soul.
ST_Objectives,SQLD_Objective_1,Speak to Gajov about forging a weapon from the Vessel's Soul.
ST_Objectives,SQSBA_Objective_1,Speak to Gajov about forging a weapon from the Vessel's Soul.
ST_Objectives,SQTROK_Objective_1,Speak to Gajov about forging a weapon from the Vessel's Soul.
ST_Objectives,SQGS_III_Objective_1,Speak to Gajov about forging a weapon from the god's soul.
ST_Objectives,SQGS_II_Objective_1,Speak to Gajov about forging a weapon from the god's soul.
ST_Objectives,SQGS_I_Objective_1,Speak to Gajov about forging a weapon from the god's soul.
ST_Objectives,SQABG_Objective_1_Short,Speak to Gajov about the Vessel.
ST_Objectives,SQDM_Objective_1_short,Speak to Gajov about the Vessel.
ST_Objectives,SQFWIC_Objective_1_Short,Speak to Gajov about the Vessel.
ST_Objectives,SQLD_Objective_1_Short,Speak to Gajov about the Vessel.
ST_Objectives,SQSBA_Objective_1_Short,Speak to Gajov about the Vessel.
ST_Objectives,SQTROK_Objective_Short,Speak to Gajov about the Vessel.
ST_Objectives,SQGS_I_Objective_Short,Speak to Gajov about the god's soul.
ST_Objectives,MQBITF_Objective_2_Full,Speak with Gallant after your first excursion.
ST_Objectives,MQCTS_Objective_3_Full,Speak with Gallant to receive your first orders.
ST_Objectives,MQCTS_Objective_2_Short,Speak with Mereda at the Library.
ST_Objectives,MQCOIC_2_Full,Speak with the Blacksmith Gajov Resnyk at the Forge.
ST_Objectives,MQCOIC_2_Short,Speak with the Blacksmith.
ST_Objectives,MQCTS_Objective_1_Full,Speak with the Knight Commander Gallant Alexander standing by the War Table.
ST_Objectives,MQCTS_Objective_1_Short,Speak with the Knight Commander at the War Table.
ST_Objectives,MQCOIC_1_Full,Speak with the Merchant Lotte Ananta at Treasury.
ST_Objectives,MQCOIC_1_Short,Speak with the Merchant.
ST_Objectives,SQCR_Objective_2_Full,Tell Lotte the news about Aleria's escape.
ST_Objectives,SQTAL_II_Objective_TurnIn,The Ring was useful.
ST_Objectives,MQPE3_Objective_Topic_1,The last Abraxas Stone has been retrieved. 
ST_Objectives,SQL_Return_Topic,These might interest you.
ST_Objectives,SQB_Objective_Complete,Turn In Bounty
ST_Objectives,SQTC_Topic,What do you need?
ST_Objectives,SQST_Objective_Topic_1,You might be interested in this.
ST_Objectives,MQCTS_Objective_Topic_2,You must be Mereda.
ST_Objectives,SQDM_Objective_TurnIn,afd
ST_PMUI_BootUpFlow,BootUpFlow_EpilepsyWarning,"A very small percentage of people may experience epileptic seizures when exposed to certain visual images, including flashing lights or patterns that may appear in video games. Symptoms may be experienced by people with no history of seizures or epilepsy. If you or your family have a history of seizures or epilepsy, please consult your doctor before playing.

If you experience any of the following symptoms, Immediately stop playing and consult your doctor: lightheadedness, altered vision, eye or muscle twitching, jerking or shaking of arms or legs, disorientation, or loss of awareness, or convulsions."
ST_PMUI_BootUpFlow,BootUpFlow_ButtonAction_Accept,Accept
ST_PMUI_BootUpFlow,BootUpFlow_ButtonAction_Back,Back
ST_PMUI_BootUpFlow,BootUpFlow_Warning,Content Warning
ST_PMUI_BootUpFlow,BootUpFlow_ButtonAction_Continue,Continue
ST_PMUI_BootUpFlow,BootUpFlow_ButtonAction_Decline,Decline
ST_PMUI_BootUpFlow,BootUpFlow_EULA_Header,End User License Agreement
ST_PMUI_BootUpFlow,BootUpFlow_AgreementSummary_Body,I accept the End User License Agreement and understand ProbablyMonsters’ Privacy Statement applies.
ST_PMUI_BootUpFlow,BootUpFlow_Dialog_Decline_Body,"If you decline, you will not be able to play the game."
ST_PMUI_BootUpFlow,BootUpFlow_SaveWarning,"If you see this, don't turn off your machine"
ST_PMUI_BootUpFlow,BootUpFlow_Privacy_Body,"Last Updated: February 3, 2026

Your privacy is important to us. This Privacy Statement (“Statement”) explains how we collect, use, and disclose personal data. This Privacy Statement applies to ProbablyMonsters Inc. and our subsidiary Yeti Games (both, “ProbablyMonsters”). This Statement applies to anyone who accesses or uses our platforms, games, websites, and other online products and services that we provide directly to you and that link to this Statement (collectively, our “Services”). This Statement does not apply to games we develop on behalf of other companies or third-party gaming platforms on which you may play our games; please review their privacy statement for their data practices.


PERSONAL DATA WE COLLECT

The personal data we collect depends on how you interact with us, the games you use, and the choices you make.

We collect information about you from different sources and in various ways when you use our Services, including information you provide directly, information collected automatically, information from third-party data sources, and data we infer or generate from other data.

Information you provide directly. We collect personal data you provide to us. For example:

· Name and contact information. We may collect name, username or alias, and email address.
· Demographic data. We may collect demographic information such as the occupation and employer of our business customers, and the time zone and country where our customers and users reside.
· Content and files. If you contact us for technical support or customer service, we may collect the content of your communications and other files you share with us.
· Game preferences. We may collect information about your gaming preferences, like game genre preferences, your preferred gaming console, how many hours per week you play games, and when you are available to playtest.

Information we collect automatically. When you use our Services, we may collect some information automatically. For example:

· Identifiers and device information. When you visit our websites, our web servers automatically log your Internet Protocol (IP) address and information about your device, including device identifiers (such as MAC address); device type; and your device’s operating system, browser, and other software including type, version, language, settings, and configuration. As further described in the “Cookies, Mobile IDs, and Similar Technologies” section below, our websites and online services store and retrieve cookie identifiers, mobile IDs, and other data. When you play our games, we may collect user and device identifiers as well as other device-related information.
· Geolocation data. Depending on your device and app settings, we collect geolocation data.
· Usage data. We automatically log your activity in our games, including game start and end time and other actions you take when you play our games.

Information we obtain from third-party sources. We may also obtain the types of information described above from third parties. These third-party sources include, for example:

· Data brokers. Data brokers and aggregators from which we obtain data to supplement the data we collect.
· Third-party partners. Third-party applications and services, including social networks, gaming, and other platforms through which you choose to connect and interact with us.
· Co-branding/marketing partners. Partners with which we offer co-branded services or engage in joint marketing activities.
· Service providers. Third parties that collect or provide data in connection with work they do on our behalf, for example companies that determine your device’s location based on its IP address.

Information we create or generate. We infer new information from other data we collect, including using automated means to generate information about your likely preferences or other characteristics (“inferences”). For example, we infer your general geographic location (such as city, state, and country) based on your IP address.

When you are asked to provide personal data, you may decline. And you may use web browser or operating system controls to prevent certain types of automatic data collection. But if you choose not to provide or allow information that is necessary for certain services or features, those services or features may not be available or fully functional.


COOKIES, MOBILE IDs, AND SIMILAR TECHNOLOGIES

We may use cookies, web beacons, mobile analytics and advertising IDs, and similar technologies to operate our websites, games, and apps to help collect data, including usage data, identifiers, and device information.

What are cookies and similar technologies?

Cookies are small text files placed by a website and stored by your browser on your device. A cookie can later be read when your browser connects to a web server in the same domain that placed the cookie. The text in a cookie contains a string of numbers and letters that may uniquely identify your device and can contain other information as well. This allows the web server to recognize your browser over time, each time it connects to that web server.

Web beacons are electronic images (also called single-pixel or clear GIFs) that are contained within a website or email. When your browser opens a webpage or email that contains a web beacon, it automatically connects to the web server that hosts the image (typically operated by a third party). This allows that web server to log information about your device and to set and read its own cookies. In the same way, third-party content on our websites (such as embedded videos, plug-ins, or ads) results in your browser connecting to the third-party web server that hosts that content. We also include web beacons in our email messages or newsletters to tell us if you open and act on them.

How do we and our partners use cookies and similar technologies?

We, and our analytics and advertising partners, use these technologies in our websites, and games to collect personal data (such as the pages you visit, the links you click on, and similar usage information, identifiers, and device information) when you use our services, including personal data about your online activities over time and across different websites or online services.[1] This data is used to store your preferences and settings, enable you to sign-in, analyze how our websites and apps perform, track your interaction with the site or app, develop inferences, deliver and tailor interest-based advertising, combat fraud, and fulfill other legitimate purposes. We and/or our partners also share the data we collect or infer with third parties for these purposes. For more information about the third-party analytics and advertising partners that collect personal data on our services, please see the “Our Disclosure of Personal Data” section of this Statement.

We do not knowingly use, or allow use of, data from users under 16 years of age or data collected from our child-directed games and experiences to deliver and tailor interest-based advertising.

What controls are available?

There are a range of cookie and related controls available through browsers, gaming platforms, and elsewhere. See the “Choice and Control of Personal Data” section below for details.


OUR USE OF PERSONAL DATA

We use the personal data we collect for purposes described in this Privacy Statement or as otherwise disclosed to you. For example, we use personal data for the following purposes:

Purposes of Use

· Product and service delivery. To provide and deliver our Services, including troubleshooting, improving, and personalizing those services.

· Business operations. To operate our business, such as billing, accounting, improving our internal operations, securing our systems, detecting fraudulent or illegal activity, and meeting our legal obligations.

· Product improvement, development, and research. To develop new services or features, and conduct research.

· Personalization. To understand you and your preferences to enhance your experience and enjoyment using our Services.

· Customer support. To provide customer support and respond to your questions.

· Communications. To send you information, including confirmations, invoices, technical notices, updates, security alerts, and support and administrative messages.

· Marketing. To communicate with you about new services, offers, promotions, rewards, contests, upcoming events, and other information about our services and those of our selected partners (see the “Choice and Control” section of this statement for information about how to change your preferences for promotional communications).

· Advertising. To display advertising to you (see the “Cookies” section of this statement for information about personalized advertising and your advertising choices).


Categories of Personal Data

Contact information, demographic data, content and files, gameplay preferences and activities, user and device or platform identifiers, other device and platform information, geolocation data, usage data, inferences.

We combine data we collect from different sources for these purposes, and to give you a more seamless, consistent, and personalized experience.


OUR DISCLOSURE OF PERSONAL DATA

We disclose personal data with your consent or as we determine necessary to complete your transactions or provide the Services you have requested or authorized. In addition, we may disclose each of the categories of personal data described above, to the types of third parties described below, for the following business purposes:

· Service providers. We provide personal data to vendors or agents working on our behalf for the purposes described in this statement. For example, companies we’ve hired to provide customer service support or assist in protecting and securing our systems and services may need access to personal data to provide those functions. Third party service providers may also use de-identified or anonymized customer support interactions to help them train their customer service or other models. These providers are contractually bound to use such data in compliance with applicable privacy regulations.

· Financial services & payment processing. If you are a business customer and provide payment data, for example to procure our products or services, we will disclose payment and transactional data to banks and other entities as necessary for payment processing, fraud prevention, credit risk reduction, analytics, or other related financial services.

· Affiliates. We enable access to personal data across our subsidiaries, affiliates, and related companies, for example, where we share common data systems or where access helps us to provide our services and operate our business.

· Corporate transactions. We may disclose personal data as part of a corporate transaction or proceeding such as a merger, financing, acquisition, bankruptcy, dissolution, or a transfer, divestiture, or sale of all or a portion of our business or assets.

· Legal and law enforcement. We will access, disclose, and preserve personal data when we believe doing so is necessary to comply with applicable law or respond to valid legal process, including from law enforcement, national security, or other government agencies.

· Security, safety, and protecting rights. We will disclose personal data if we believe it is necessary to:
· protect our customers and others, for example to prevent spam or attempts to commit fraud, or to help prevent the loss of life or serious injury of anyone;
· operate and maintain the security of our services, including to prevent or stop an attack on our computer systems or networks; or
· protect the rights or property of ourselves or others, including enforcing our agreements, terms, and policies.

Third party analytics and advertising companies also collect personal data through our website and apps including identifiers and device information (such as cookie IDs, device IDs, and IP address), geolocation data, usage data, and inferences based on and associated with that data, as described in the “Cookies” section of this statement. These third-party vendors may combine this data across multiple sites to improve analytics for their own purpose and others. For example, we use Datadog and Google Analytics on our website to help us understand how users interact with our website; you can learn how Google collects and uses information at www.google.com/policies/privacy/partners. To opt out of Google Analytics relating to your use of the Platform, you can download and install the Browser Plugin available by visiting https://tools.google.com/dlpage/gaoptout?hl=en. 

Please note that some of our Services also include integrations, references, or links to services provided by third parties whose privacy practices differ from ours. If you provide personal data to any of those third parties, or allow us to share personal data with them, that data is governed by their privacy statements.

Finally, we may disclose de-identified information in accordance with applicable law.

We do not knowingly disclose, or allow disclosure of, data from users under 16 years of age or data collected from our child-directed games and experiences to deliver and tailor interest-based advertising.


CHOICE AND CONTROL OF PERSONAL DATA

We provide a variety of ways for you to control the personal data we hold about you, including choices about how we use that data. In some jurisdictions, these controls and choices may be enforceable as rights under applicable law.

Privacy rights. If you wish to access, correct, or delete personal data about you that we hold, you may email us at privacy@probablymonsters.com with the subject line “Rights Request” and a description of your request with your Steam ID, Discord username, or other identifier in the body of the email.

Communications preferences. You can choose whether to receive promotional emails from us. If you would like to stop, you can do so by following the directions in that message or by contacting us as described in the “Contact Us” section below. These choices do not apply to certain informational communications including surveys and mandatory service communications.

Targeted advertising. To opt-out from or otherwise control targeted advertising (except for child-directed games and experiences as they do not offer targeted advertising), you have several options. You can use the Global Privacy Control setting in a web browser or browser extension as described below. You can use the opt-out controls offered by the organizations our advertising partners may participate in, which you can access at:

· United States: NAI (http://optout.networkadvertising.org) and DAA (http://optout.aboutads.info/)
· Canada: Digital Advertising Alliance of Canada (https://youradchoices.ca/)
· Europe: European Digital Advertising Alliance (http://www.youronlinechoices.com/)

You can also use the other cookie or mobile ID controls described below.

These choices are specific to the device or browser you are using. If you access our Services from other devices or browsers, take these actions from those devices or browsers to ensure your choices apply to the data collected when you use them.

Data sales. Some privacy laws define “sale” broadly to include some the disclosures described in the “Our Disclosure of Personal Data” section above. To opt-out from such data “sales” (except for child-directed games and experiences as they do not “sell” data), email privacy@probablymonsters.com 

Browser or platform controls.
· Cookie controls. Most web browsers are set to accept cookies by default. If you prefer, you can go to your browser settings to learn how to delete or reject cookies. If you choose to delete or reject cookies, this could affect certain features or services of our website. If you choose to delete cookies, settings and preferences controlled by those cookies, including advertising preferences, may be deleted and may need to be recreated.

· Global Privacy Control. Some browsers and browser extensions support the “Global Privacy Control” (GPC) or similar controls that can send a signal to the websites you visit indicating your choice to opt-out from certain types of data processing, including data sales and/or targeted advertising, as specified by applicable law. When we detect such a signal, we will make reasonable efforts to respect your choices indicated by a GPC setting or similar control that is recognized by regulation or otherwise widely acknowledged as a valid opt-out preference signal.

· Do Not Track. Some browsers include a ""Do Not Track"" (DNT) setting that can send a signal to the websites you visit indicating you do not wish to be tracked. There is not a common understanding of how to interpret the DNT signal; therefore, our websites do not respond to browser DNT signals. Instead, you can use the range of other tools to control data collection and use, including the GPC, cookie controls, and advertising controls described above.

· Mobile advertising ID controls. iOS and Android operating systems provide options to limit tracking and/or reset the advertising IDs.

Email web beacons. Most email clients have settings that allow you to prevent the automatic downloading of images, including web beacons, and the automatic connection to the web servers that host those images.

Except for the automated controls described above, if you send us a request to exercise your rights or these choices, to the extent permitted by applicable law, we may decline requests in certain cases. For example, we may decline requests where granting the request would be prohibited by law, could adversely affect the privacy or other rights of another person, would reveal a trade secret or other confidential information, or would interfere with a legal or business obligation that requires retention or use of the data.

Further, we may decline a request where we are unable to authenticate you as the person to whom the data relates, the request is unreasonable or excessive, or where otherwise permitted by applicable law. If you receive a response from us informing you that we have declined your request, in whole or in part, you may appeal that decision by submitting your appeal using the contact method described at the bottom of this privacy statement. If you’re in the European Union, you may also have the right to lodge a complaint with a supervisory authority, but we encourage you to first contact us with any questions or concerns.

We rely on different lawful bases for collecting and processing personal data about you, for example, with your consent and/or as necessary to provide the services you use, operate our business, meet our contractual and legal obligations, protect the security of our systems and our customers, or fulfil other legitimate interests.


CALIFORNIA PRIVACY RIGHTS

If you are a California resident and the processing of personal data about you is subject to the California Consumer Privacy Act (CCPA), you have certain rights with respect to that information.

Notice at Collection. At or before the time of collection, you have a right to receive notice of our practices, including the categories of personal data and sensitive personal data to be collected, the purposes for which such information is collected or used, whether such information is sold or shared, and how long such information is retained. You can find those details in this statement by clicking on the above links.

Right to Know. You have a right to request that we disclose to you the personal data we have collected about you. You also have a right to request additional information about our collection, use, disclosure, or sale of such personal data. Note that we have provided much of this information in this Privacy Statement. You may make such a “request to know” by emailing us at privacy@probablymonsters.com.

Rights to Request Correction or Deletion. You also have rights to request that we correct inaccurate personal data and that we delete personal data under certain circumstances, subject to a number of exceptions. To make a request to correct or delete, email us at privacy@probablymonsters.com.

Right to Opt-Out / “Do Not Sell or Share My Personal Information.” You have a right to opt-out from future “sales” or “sharing” of personal data as those terms are defined by the CCPA.

Note that the CCPA defines “sell,” “share,” and “personal information” very broadly, and some of our data disclosures described in this Privacy Statement may be considered a “sale” or “sharing” under those definitions. In particular, we let advertising and analytics providers collect identifiers (IP addresses, cookie IDs), activity data (browsing, clicks, game analytic data), device data, and geolocation data through our sites and games when you use our online services, but do not “sell” or “share” any other types of personal data. If you do not wish for us or our partners to “sell” or “share” personal data relating to your visits to our sites for advertising purposes, you can make your request by emailing us at privacy@probablymonsters.com or visiting our “Do Not Sell or Share My Personal Data” page, using a Global Privacy Control, emailing us using the contact information at the bottom of this Statement, or using other controls described in the “Choice and Control” section of this Statement. If you opt-out, we will not disclose or make available such personal data in ways that are considered a “sale” or “sharing” under the CCPA. However, we will continue to make available to our partners (acting as our service providers) some personal data to help us perform advertising-related functions. Further, using these choices will not opt you out of the use of previously “sold” or “shared” personal information or stop all interest-based advertising.

We do not knowingly sell or share the personal data of minors under 16 years of age or data collected from our child-directed games and experiences.

Right to Limit Use and Disclosure of Sensitive Personal Data. You have a right to limit our use of sensitive personal data for any purposes other than to provide the services or goods you request or as otherwise permitted by law.

Note that we do not use sensitive personal data for any such additional purposes.

You may designate, in writing or through a power of attorney, an authorized agent to make requests on your behalf to exercise your rights under the CCPA. Before accepting such a request from an agent, we will require the agent to provide proof you have authorized it to act on your behalf, and we may need you to verify your identity directly with us.

Further, to provide, correct, or delete specific pieces of personal data we will need to verify your identity to the degree of certainty required by law. We will verify your request by asking you to send it from the email address associated with your account or requiring you to provide information necessary to verify your account. For some types of personal information we may have, such as analytics, there is no reasonable method by which we can verify your identity as the person to whom that data relates.

Finally, you have a right to not be discriminated against for exercising these rights set out in the CCPA.
 
Additionally, under California Civil Code section 1798.83, also known as the “Shine the Light” law, California residents who have provided personal data to a business with which the individual has established a business relationship for personal, family, or household purposes (“California Customers”) may request information about whether the business has disclosed personal data to any third parties for the third parties’ direct marketing purposes.

Please be aware that we do not disclose personal data to any third parties for their direct marketing purposes as defined by this law.

California Customers may request further information about our compliance with this law by emailing privacy@probablymonsters.com. Please note that businesses are required to respond to one request per California Customer each year and may not be required to respond to requests made by means other than through the designated email address.


RETENTION OF PERSONAL DATA

We retain personal data for as long as necessary to provide the services and fulfill the transactions you have requested, comply with our legal obligations, resolve disputes, enforce our agreements, and for other legitimate and lawful business purposes. Because these needs can vary for different data types in the context of different services, actual retention periods can vary significantly based on criteria such as user expectations or consent, the sensitivity of the data, the availability of automated controls that enable users to delete data, and our legal or contractual obligations.


CHILDREN’S PRIVACY

For games that we offer that may be considered directed to children, as defined under laws in certain jurisdictions, we collect only limited persistent identifiers to support our internal operations necessary to maintain and analyze the functioning of the game, perform network communications, protect the security or integrity of users, and ensure legal and regulatory compliance. We take reasonable measures to ensure that this data is not used for any other purposes, including securely storing the data and limiting its access to only personnel needed to support our internal operations.


LOCATION OF PERSONAL DATA

The personal data we collect may be stored and processed in your country or region, or in any other country where we or our affiliates, subsidiaries, or service providers process data, some of which may have laws that offer different levels of data protection than the country in which you reside. The storage location(s) are chosen to operate efficiently and improve performance. We take steps to process and protect personal data as described in this statement wherever the data is located.

Location of Processing European Personal Data. We transfer personal data from the European Economic Area (EEA), United Kingdom (UK), and Switzerland to other countries, some of which have not been determined by the European Commission to have an adequate level of data protection. When we do so, we use legal mechanisms, including contracts, to help ensure your rights and protections. To learn more about the European Commission’s decisions on the adequacy of personal data protections, please visit: https://commission.europa.eu/law/law-topic/data-protection/international-dimension-data-protection/adequacy-decisions_en 


SECURITY OF PERSONAL DATA

We take reasonable and appropriate steps to help protect personal data from unauthorized access, use, disclosure, alteration, and destruction.

To help us protect personal data, we request that you use a strong password and never share your password with anyone or use the same password with other sites or accounts.


CHANGES TO THIS PRIVACY STATEMENT

We will update this Privacy Statement when necessary to reflect changes in our services, how we use personal data, or the applicable law. When we post changes to the Statement, we will revise the ""Last Updated"" date at the top of the Statement. If we make material changes to the Statement, we will provide notice or obtain consent regarding such changes as may be required by law.


HOW TO CONTACT US

If you have a privacy concern, complaint, or a question for ProbablyMonsters, please contact us at privacy@probablymonsters.com

Our address is 210 E. 8th Street, Fort Worth Texas, 76102 USA. Telephone: 1-425-818-0777"
ST_PMUI_BootUpFlow,BootUpFlow_PressAnyKeyMKB,Press Any Key To  Start
ST_PMUI_BootUpFlow,BootUpFlow_PressAnyKeyController,Press to Start
ST_PMUI_BootUpFlow,BootUpFlow_PrivacyHeader,Privacy Notice
ST_PMUI_BootUpFlow,BootUpFlow_AgreementSummary_Header,ProbablyMonsters Inc. User Agreement
ST_PMUI_BootUpFlow,BootUpFlow_ContentWarning,There are scenes in this game that may be disturbing to some members of the public
ST_PMUI_BootUpFlow,BootUpFlow_AutosaveIndicatorBody,This game supports an autosave feature.  Do not turn off your system when you see the autosave icon.
ST_PMUI_BootUpFlow,BootUpFlow_ButtonAction_ViewAgreements,View Legal Agreements
ST_PMUI_BootUpFlow,BootUpFlow_AutosaveIndicatorHeader,WARNING: AUTOSAVE
ST_PMUI_BootUpFlow,BootUpFlow_Header_Warning,Warning
ST_PMUI_BootUpFlow,BootUpFlow_Warning_Generic,Warning
ST_PMUI_BootUpFlow,BootUpFlow_EULA_Body,"YOU MUST BE OVER THE AGE OF 18 YEARS OR THE AGE OF MAJORITY IN THE COUNTRY OR STATE IN WHICH YOU RESIDE TO ENTER INTO THIS AGREEMENT. IF YOU ARE YOUNGER THAN THE AGE OF MAJORITY, YOUR PARENT OR GUARDIAN MUST AGREE TO THIS EULA FOR YOU.

Please read this End User License Agreement carefully, including the mandatory arbitration provision in Section 15 (Arbitration), which requires that any disputes be resolved by binding, individual arbitration. If you do not wish to be subject to arbitration, you may opt out of the arbitration provision by following the instructions provided in Section 15.3 (Opt Out Procedures).
This End User License Agreement (“EULA”) is a contract between you and ProbablyMonsters Inc., and its subsidiaries and affiliates (“ProbablyMonsters”), and governs your download, installation and use of, and access to, the game in which this EULA appears (whether EULA appears in the platform storefront or in the game itself) (the “Game”), on the platforms on which the Game may be released. 

BY ACKNOWLEDGING YOUR ACCEPTANCE OF THIS EULA OR BY PLAYING THE GAME, YOU ACCEPT THIS EULA AND AGREE TO BE LEGALLY BOUND TO ITS TERMS. THIS EULA IS EFFECTIVE AS OF THE EARLIER OF YOUR ACCEPTING THESE TERMS OR YOUR USE OF THE GAME (THE “EFFECTIVE DATE”). IF YOU DO NOT AGREE TO THE TERMS OF THIS EULA, PROBABLYMONSTERS WILL NOT AND DOES NOT LICENSE THE GAME TO YOU AND YOU MUST NOT DOWNLOAD, INSTALL, OR OTHERWISE USE THE GAME.

1. Ownership of the Game. The Game is the valuable property of ProbablyMonsters and is protected by copyright and other intellectual property laws and treaties. ProbablyMonsters owns and will retain ownership of all right, title and interest in and to the Game, Game code, characters, content, products, materials, technology, software, inventions, works of authorship, weapons, storylines, imagery, mythos, look and feel, concepts, game mechanics, environments, all other Game elements, and, in each case, all modifications or improvements thereof, together with all related intellectual property in or to all of the foregoing and any of ProbablyMonsters’ trade names, trademarks and logos (all of the foregoing collectively, “Game IP”). ProbablyMonsters reserves all rights not expressly granted to you.

2. Scope of License to the Game. The Game is licensed, not sold, to you. Conditioned upon the terms and conditions of this EULA, and the terms and conditions of any subscriber agreement, user license agreement, or other applicable terms for the platform on which you use or purchase the Game (the “Platform Terms”), ProbablyMonsters grants you a limited, revocable, non-exclusive, non-transferable, non-sublicensable license during the Term (defined below) to download, install and use the Game on a device that you own or control for personal, non-commercial purposes. Your use of the Game requires your acceptance of, and compliance with, these terms and the Platform Terms.

Nintendo platform users: Your use of this game is also specifically conditioned upon the Nintendo Purchase and Subscription Terms available at https://www.nintendo.com/us/purchase-terms/ (the “Nintendo Terms”). Your use of the Game requires your acceptance of, and compliance with, the Nintendo Terms.

PlayStation® Users: Purchase and use of items are subject to the Network Terms of Service and User Agreement. This online service has been sublicensed to you by Sony Interactive Entertainment America.

Any content purchased in an in-game store will be purchased from Sony Interactive Entertainment Network Europe Limited (“SIENE”) and be subject to PlayStation™ Network Terms of Service and User Agreement which is available on the PlayStation™ Store. Please check usage rights for each purchase as these may differ from item to item. Unless otherwise shown, content available in any in-game store has the same age rating as the game.
Except as expressly provided in this EULA: (a) this Section 2 does not constitute a license to any Game IP or any proprietary materials of ProbablyMonsters; and (b) nothing in this EULA confers or shall be construed as conferring any right or license to the other party’s intellectual property rights, whether by estoppel, implication or otherwise.

3. License Restrictions. The license granted to you in Section 2 does not allow you to do any of the following:  (a) use the Game on any Device you do not own or control; (b) distribute, copy, license, rent, sell, publish, lease or otherwise transfer to any third party the Game, any other Game IP (except as expressly permitted by this EULA or the Platform Terms), or any proprietary materials of ProbablyMonsters; (c) reverse engineer, decompile, disassemble or attempt to discover any source code or trade secrets related to the Game or any other Game IP or any proprietary materials of ProbablyMonsters; (d) remove, alter, or obscure any copyright, trademark or other proprietary rights notice on or in the Game or any other Game IP; (e) work around any technical limitations in the Game or any other Game IP; or (f) use the Game or any other Game IP for purposes for which it was not designed. If you breach any of these restrictions, you may be subject to prosecution and damages.

4. Support Services; Contact. If you have any questions regarding the Game, please contact us at playersupport@probablymonsters.com. This email is your exclusive contact for support regarding the Game. Microsoft platform users: Microsoft and its affiliates have no obligation to provide Game support or other services.

5. No Warranty. YOU ACKNOWLEDGE AND AGREE THAT: (A) THE GAME MAY CONTAIN BUGS, ERRORS, AND DEFECTS; (B) USE OF THE GAME IS AT YOUR SOLE RISK; AND (C) THE ENTIRE RISK AS TO SATISFACTORY QUALITY, PERFORMANCE, ACCURACY AND EFFORT IS WITH YOU. ACCORDINGLY, THE GAME IS PROVIDED “AS IS,” “AS AVAILABLE,” WITH ALL FAULTS, DEFECTS AND ERRORS AND WITHOUT WARRANTY OF ANY KIND. PROBABLYMONSTERS, ON BEHALF OF ITSELF AND ITS REPRESENTATIVES (AS DEFINED IN SECTION 6 BELOW), DISCLAIMS ALL WARRANTIES (EXPRESS AND IMPLIED AND ARISING BY LAW OR OTHERWISE) REGARDING THE GAME AND ITS SUITABILITY FOR YOUR INTENDED USE, INCLUDING WITHOUT LIMITATION ANY IMPLIED WARRANTY OF MERCHANTABILITY, FITNESS FOR A PARTICULAR PURPOSE, ACCURACY AND NON-INFRINGEMENT. PROBABLYMONSTERS WILL HAVE NO LIABILITY OF ANY KIND FOR THE USE OF, OR INABILITY TO USE, THE GAME OR ANY SERVICE THAT THE GAME IS INTENDED TO ACCESS OR FOR ANY LOSS OF DATA. PROBABLYMONSTERS DOES NOT REPRESENT OR WARRANT THAT THE GAME WILL BE DELIVERED FREE OF ANY INTERRUPTIONS, DELAYS, OMISSIONS OR ERRORS (“FAULTS”) OR IN A SECURE MANNER OR THAT ANY FAULTS WILL BE CORRECTED. NO ORAL OR WRITTEN INFORMATION OR ADVICE GIVEN BY PROBABLYMONSTERS OR ITS AUTHORIZED REPRESENTATIVES WILL CREATE A WARRANTY. IN THE EVENT THAT THE GAME PROVES DEFECTIVE, YOU ASSUME THE ENTIRE COST OF ALL NECESSARY SERVICING, REPAIR OR CORRECTION.
The laws of some states or jurisdictions do not allow the exclusion of implied warranties. To the extent that those laws apply, the exclusions set forth above may not apply to you.

6. Indemnification. To the fullest extent permitted by applicable law, you agree to defend, indemnify, and hold harmless ProbablyMonsters, its affiliates, independent contractors and service providers, licensors, and each of their respective affiliates, members, directors, officers, shareholders, successors, employees, consultants, and agents (“Representatives”) from and against all claims, damages, costs, liabilities and expenses (including but not limited to reasonable attorneys' fees) arising out of or related to your download or installation of and access to, or inability to download, install or access, the Game. In the event of any claim that the Game, or your possession or use thereof, infringes any intellectual property rights of a third party, you agree to contact ProbablyMonsters. ProbablyMonsters will, at its option, terminate the license granted herein, settle or defend the claim.

7. Limitation of Liability. TO THE FULLEST EXTENT PERMITTED BY APPLICABLE LAW: (A) PROBABLYMONSTERS AND ITS REPRESENTATIVES WILL HAVE NO LIABILITY (WHETHER IN CONTRACT, WARRANTY, TORT, NEGLIGENCE OR OTHERWISE) FOR ANY DAMAGES SUSTAINED BY YOU ARISING FROM YOUR DOWNLOAD OR INSTALLATION OF, OR ACCESS TO, THE GAME, INCLUDING WITHOUT LIMITATION ANY INDIRECT, INCIDENTAL, CONSEQUENTIAL, SPECIAL OR PUNITIVE DAMAGES OR LOSS OF DATA, EVEN IF PROBABLYMONSTERS OR ITS REPRESENTATIVES HAVE BEEN ADVISED OF THE POSSIBILITY OF SUCH DAMAGES; AND (B) YOU CAN RECOVER ONLY DIRECT DAMAGES FOR THE GREATER OF $10.00 AND THE AMOUNT YOU PAID FOR THE GAME. 

8. No Export. You may not use or otherwise export or re-export the Game or any content contained therein, except as authorized by United States law and the laws of the jurisdiction in which the Game or any content was obtained. In particular, but without limitation, the Game and the content contained therein may not be exported or re-exported to (a) any U.S. embargoed countries, or (b) anyone on the U.S. Treasury Department's list of Specially Designated Nationals or the U.S. Department of Commerce Denied Person's List or Entity List. 

9. Legal Compliance. By downloading and installing the Game, you represent and warrant that: (a) you are not located in a country that is subject to a U.S. Government embargo, or that has been designated by the U.S. Government as a “terrorist supporting” country; and (b) you are not listed on any U.S. Government list of prohibited or restricted parties. You will comply with all applicable laws, rules and regulations, including but not limited to U.S. export control laws.

10. Commercial Items. If acquired by any agency of the United States government, such agency acknowledges that: (a) the Game constitutes “commercial computer software” or “commercial computer software documentation” for purposes of 48 C.F.R. §12.212 and 48 C.F.R. §227.7202, as applicable and (b) such agency's rights are limited to those specifically granted under this EULA.

11. Term. The term of this Agreement will begin on the Effective Date and will continue until the earlier of (a) termination of this Agreement by either party in accordance with the terms herein and (b) termination of your access to the Game by or at the direction of ProbablyMonsters (the “Term”).

12. Termination. Any use of the Game other than as specifically authorized under this EULA, the platform Terms, or any other agreement between you and ProbablyMonsters without the prior written permission of ProbablyMonsters is strictly prohibited and will immediately terminate the license granted herein. Such unauthorized use may also violate
applicable laws, including without limitation copyright and trademark laws and applicable communications regulations and statutes. You may terminate this EULA at any time by (a) ceasing use of the Game and (b) deleting all copies of the Game in your possession or control. ProbablyMonsters reserves the right to terminate this EULA or your access to the Game at any time, for any or no reason. In the event of termination of this EULA, the license granted to you herein will automatically terminate and you must immediately cease all use of the Game and destroy all copies of the Game within your possession or control.

13. Survival. Sections 1, 3-10, 12 (last sentence only) and 13-18 of this EULA will survive any termination of this EULA.

14. Updates and Modifications. ProbablyMonsters may from time to time provide updates, patches, or other modifications to the Game that must be installed for continued use. You agree that ProbablyMonsters may automatically install such updates without further notice to you. The terms of this EULA will govern any updates or upgrades to the Game, unless such update or upgrade is accompanied by a separate license, in which case the terms of that separate license will govern. Your next use of the Game may be governed by a different EULA, and it is your responsibility to check periodically for changes. Your use or continued use of the Game following the posting of any changes to this EULA or any other posted policies will constitute your acceptance of, and agreement to be bound by, the changed terms or policies. ProbablyMonsters reserves the right to modify or discontinue, temporarily or permanently, the Game (or any features or portions thereof) without prior notice. ProbablyMonsters also may impose limits on the use of or access to the Game, in any case and without notice or liability. 

15. Dispute Resolution; Arbitration.

	15.1	Arbitration. Except for small claims disputes, you and ProbablyMonsters waive all rights to a jury trial and to have any dispute arising out of or related to the terms of this Agreement resolved in court. Instead, disputes relating in any way to this Agreement must be submitted to binding arbitration administered by JAMS. The Federal Arbitration Act and federal arbitration law apply to this Agreement. The most recent version of the JAMS Rules is available at www.jamsadr.com/rules-download and are incorporated by reference. You and ProbablyMonsters agree that any dispute arising out of or related to this Agreement is personal to you and ProbablyMonsters and that any dispute will be resolved solely through individual action, and will not be brought as a class arbitration, class action, or any other type of representative proceeding. You and ProbablyMonsters agree that for any arbitration you initiate, you will pay the filing fee (up to a maximum of $250 if you are a consumer), and ProbablyMonsters will pay the remaining JAMS fees and costs. For any arbitration initiated by ProbablyMonsters, ProbablyMonsters will pay all JAMS fees and costs. You have the right to an in-person hearing in your hometown area. 

	15.2	Severability. If any portion of this Section 15 is found to be unenforceable or unlawful for any reason, (a) the unenforceable or unlawful provision shall be severed from this EULA; (b) severance of the unenforceable or unlawful provision shall have no impact whatsoever on the remainder of this section or the parties' ability to compel arbitration of any remaining claims on an individual basis pursuant to this section; and (c) to the extent that any claims must therefore proceed on a class, collective, consolidated, or representative basis, such claims must be litigated in a civil court of competent jurisdiction and not in arbitration, and the parties agree that litigation of those claims shall be stayed pending the outcome of any individual claims in arbitration. Further, if any part of this section is found to prohibit an individual claim seeking public injunctive relief, that provision will have no effect to the extent such relief is allowed to be sought out of arbitration, and the remainder of this section will be enforceable.

	15.3	Opt Out Procedures. You have the right to opt out of binding arbitration within 30 days of the date you first accepted the terms of this Agreement by sending an email to optout@probablymonsters.com. To be effective, the opt-out notice must include your full name, your Game user ID, and address and clearly indicate your intent to opt out of binding arbitration. By opting out of binding arbitration, you are agreeing to resolve disputes in accordance with the section, ""Governing Law and Venue."" 

16. Governing Law and Venue. Subject to Section 15 (Dispute Resolution; Arbitration), this EULA and your download and installation of, and access to, the Game will be governed by and interpreted in accordance with the laws of the State of Delaware, without reference to its choice of law rules. Each party irrevocably consents to the jurisdiction and venue of the federal and state courts located in Tarrant County, Texas, USA with respect to any dispute between the parties that is not subject to arbitration under this EULA.

17. Conflicts. In the event of a conflict between the terms of this EULA and any other written or oral agreement related to the Game, including the platform terms as applied to the Game, the terms of this EULA will control. An omission or supplemental term will not be deemed a conflict.

18. Miscellaneous. If any provision of this EULA is found to be invalid or unenforceable, such provision will be deemed to be restated to reflect the original intention of the parties to the maximum extent possible and in accordance with applicable law, and the remaining provisions, terms, covenants, and restrictions of this EULA will remain in full force and effect. You may not assign this EULA or any of your rights under this EULA without the prior written consent of ProbablyMonsters. Any attempted assignment without such consent will be void. Subject to the foregoing restriction, this EULA will be fully binding upon, inure to the benefit of, and be enforceable by ProbablyMonsters and our respective successors and assigns. Any failure by ProbablyMonsters to insist upon or enforce performance by you of any of the provisions of this EULA or to exercise any rights or remedies under this EULA or otherwise by law will not be construed as a waiver or relinquishment of any right to assert or rely upon the provision, right or remedy in that or any other instance; rather, the provision, right or remedy will be and will remain in full force and effect.

"
ST_PMUI_BootUpFlow,BootUpFlow_EULA_Body_PS5,"YOU MUST BE OVER THE AGE OF 18 YEARS OR THE AGE OF MAJORITY IN THE COUNTRY OR STATE IN WHICH YOU RESIDE TO ENTER INTO THIS AGREEMENT. IF YOU ARE YOUNGER THAN THE AGE OF MAJORITY, YOUR PARENT OR GUARDIAN MUST AGREE TO THIS EULA FOR YOU.

Please read this End User License Agreement carefully, including the mandatory arbitration provision in Section 15 (Arbitration), which requires that any disputes be resolved by binding, individual arbitration. If you do not wish to be subject to arbitration, you may opt out of the arbitration provision by following the instructions provided in Section 15.3 (Opt Out Procedures).
This End User License Agreement (“EULA”) is a contract between you and ProbablyMonsters Inc., and its subsidiaries and affiliates (“ProbablyMonsters”), and governs your download, installation and use of, and access to, the game in which this EULA appears (whether EULA appears in the platform storefront or in the game itself) (the “Game”), on the platforms on which the Game may be released. 

BY ACKNOWLEDGING YOUR ACCEPTANCE OF THIS EULA OR BY PLAYING THE GAME, YOU ACCEPT THIS EULA AND AGREE TO BE LEGALLY BOUND TO ITS TERMS. THIS EULA IS EFFECTIVE AS OF THE EARLIER OF YOUR ACCEPTING THESE TERMS OR YOUR USE OF THE GAME (THE “EFFECTIVE DATE”). IF YOU DO NOT AGREE TO THE TERMS OF THIS EULA, PROBABLYMONSTERS WILL NOT AND DOES NOT LICENSE THE GAME TO YOU AND YOU MUST NOT DOWNLOAD, INSTALL, OR OTHERWISE USE THE GAME.

1. Ownership of the Game. The Game is the valuable property of ProbablyMonsters and is protected by copyright and other intellectual property laws and treaties. ProbablyMonsters owns and will retain ownership of all right, title and interest in and to the Game, Game code, characters, content, products, materials, technology, software, inventions, works of authorship, weapons, storylines, imagery, mythos, look and feel, concepts, game mechanics, environments, all other Game elements, and, in each case, all modifications or improvements thereof, together with all related intellectual property in or to all of the foregoing and any of ProbablyMonsters’ trade names, trademarks and logos (all of the foregoing collectively, “Game IP”). ProbablyMonsters reserves all rights not expressly granted to you.

2. Scope of License to the Game. The Game is licensed, not sold, to you. Conditioned upon the terms and conditions of this EULA, and the terms and conditions of any subscriber agreement, user license agreement, or other applicable terms for the platform on which you use or purchase the Game (the “Platform Terms”), ProbablyMonsters grants you a limited, revocable, non-exclusive, non-transferable, non-sublicensable license during the Term (defined below) to download, install and use the Game on a device that you own or control for personal, non-commercial purposes. Your use of the Game requires your acceptance of, and compliance with, these terms and the Platform Terms.

Nintendo platform users: Your use of this game is also specifically conditioned upon the Nintendo Purchase and Subscription Terms available at https://www.nintendo.com/us/purchase-terms/ (the “Nintendo Terms”). Your use of the Game requires your acceptance of, and compliance with, the Nintendo Terms.

PlayStation® Users: Purchase and use of items are subject to the Network Terms of Service and User Agreement. This online service has been sublicensed to you by Sony Interactive Entertainment America.

Any content purchased in an in-game store will be purchased from Sony Interactive Entertainment Network Europe Limited (“SIENE”) and be subject to PlayStation™ Network Terms of Service and User Agreement which is available on the PlayStation™ Store. Please check usage rights for each purchase as these may differ from item to item. Unless otherwise shown, content available in any in-game store has the same age rating as the game.
Except as expressly provided in this EULA: (a) this Section 2 does not constitute a license to any Game IP or any proprietary materials of ProbablyMonsters; and (b) nothing in this EULA confers or shall be construed as conferring any right or license to the other party’s intellectual property rights, whether by estoppel, implication or otherwise.

3. License Restrictions. The license granted to you in Section 2 does not allow you to do any of the following:  (a) use the Game on any Device you do not own or control; (b) distribute, copy, license, rent, sell, publish, lease or otherwise transfer to any third party the Game, any other Game IP (except as expressly permitted by this EULA or the Platform Terms), or any proprietary materials of ProbablyMonsters; (c) reverse engineer, decompile, disassemble or attempt to discover any source code or trade secrets related to the Game or any other Game IP or any proprietary materials of ProbablyMonsters; (d) remove, alter, or obscure any copyright, trademark or other proprietary rights notice on or in the Game or any other Game IP; (e) work around any technical limitations in the Game or any other Game IP; or (f) use the Game or any other Game IP for purposes for which it was not designed. If you breach any of these restrictions, you may be subject to prosecution and damages.

4. Support Services; Contact. If you have any questions regarding the Game, please contact us at playersupport@probablymonsters.com. This email is your exclusive contact for support regarding the Game. Microsoft platform users: Microsoft and its affiliates have no obligation to provide Game support or other services.

5. No Warranty. YOU ACKNOWLEDGE AND AGREE THAT: (A) THE GAME MAY CONTAIN BUGS, ERRORS, AND DEFECTS; (B) USE OF THE GAME IS AT YOUR SOLE RISK; AND (C) THE ENTIRE RISK AS TO SATISFACTORY QUALITY, PERFORMANCE, ACCURACY AND EFFORT IS WITH YOU. ACCORDINGLY, THE GAME IS PROVIDED “AS IS,” “AS AVAILABLE,” WITH ALL FAULTS, DEFECTS AND ERRORS AND WITHOUT WARRANTY OF ANY KIND. PROBABLYMONSTERS, ON BEHALF OF ITSELF AND ITS REPRESENTATIVES (AS DEFINED IN SECTION 6 BELOW), DISCLAIMS ALL WARRANTIES (EXPRESS AND IMPLIED AND ARISING BY LAW OR OTHERWISE) REGARDING THE GAME AND ITS SUITABILITY FOR YOUR INTENDED USE, INCLUDING WITHOUT LIMITATION ANY IMPLIED WARRANTY OF MERCHANTABILITY, FITNESS FOR A PARTICULAR PURPOSE, ACCURACY AND NON-INFRINGEMENT. PROBABLYMONSTERS WILL HAVE NO LIABILITY OF ANY KIND FOR THE USE OF, OR INABILITY TO USE, THE GAME OR ANY SERVICE THAT THE GAME IS INTENDED TO ACCESS OR FOR ANY LOSS OF DATA. PROBABLYMONSTERS DOES NOT REPRESENT OR WARRANT THAT THE GAME WILL BE DELIVERED FREE OF ANY INTERRUPTIONS, DELAYS, OMISSIONS OR ERRORS (“FAULTS”) OR IN A SECURE MANNER OR THAT ANY FAULTS WILL BE CORRECTED. NO ORAL OR WRITTEN INFORMATION OR ADVICE GIVEN BY PROBABLYMONSTERS OR ITS AUTHORIZED REPRESENTATIVES WILL CREATE A WARRANTY. IN THE EVENT THAT THE GAME PROVES DEFECTIVE, YOU ASSUME THE ENTIRE COST OF ALL NECESSARY SERVICING, REPAIR OR CORRECTION.
The laws of some states or jurisdictions do not allow the exclusion of implied warranties. To the extent that those laws apply, the exclusions set forth above may not apply to you.

6. Indemnification. To the fullest extent permitted by applicable law, you agree to defend, indemnify, and hold harmless ProbablyMonsters, its affiliates, independent contractors and service providers, licensors, and each of their respective affiliates, members, directors, officers, shareholders, successors, employees, consultants, and agents (“Representatives”) from and against all claims, damages, costs, liabilities and expenses (including but not limited to reasonable attorneys' fees) arising out of or related to your download or installation of and access to, or inability to download, install or access, the Game. In the event of any claim that the Game, or your possession or use thereof, infringes any intellectual property rights of a third party, you agree to contact ProbablyMonsters. ProbablyMonsters will, at its option, terminate the license granted herein, settle or defend the claim.

7. Limitation of Liability. TO THE FULLEST EXTENT PERMITTED BY APPLICABLE LAW: (A) PROBABLYMONSTERS AND ITS REPRESENTATIVES WILL HAVE NO LIABILITY (WHETHER IN CONTRACT, WARRANTY, TORT, NEGLIGENCE OR OTHERWISE) FOR ANY DAMAGES SUSTAINED BY YOU ARISING FROM YOUR DOWNLOAD OR INSTALLATION OF, OR ACCESS TO, THE GAME, INCLUDING WITHOUT LIMITATION ANY INDIRECT, INCIDENTAL, CONSEQUENTIAL, SPECIAL OR PUNITIVE DAMAGES OR LOSS OF DATA, EVEN IF PROBABLYMONSTERS OR ITS REPRESENTATIVES HAVE BEEN ADVISED OF THE POSSIBILITY OF SUCH DAMAGES; AND (B) YOU CAN RECOVER ONLY DIRECT DAMAGES FOR THE GREATER OF $10.00 AND THE AMOUNT YOU PAID FOR THE GAME. 

8. No Export. You may not use or otherwise export or re-export the Game or any content contained therein, except as authorized by United States law and the laws of the jurisdiction in which the Game or any content was obtained. In particular, but without limitation, the Game and the content contained therein may not be exported or re-exported to (a) any U.S. embargoed countries, or (b) anyone on the U.S. Treasury Department's list of Specially Designated Nationals or the U.S. Department of Commerce Denied Person's List or Entity List. 

9. Legal Compliance. By downloading and installing the Game, you represent and warrant that: (a) you are not located in a country that is subject to a U.S. Government embargo, or that has been designated by the U.S. Government as a “terrorist supporting” country; and (b) you are not listed on any U.S. Government list of prohibited or restricted parties. You will comply with all applicable laws, rules and regulations, including but not limited to U.S. export control laws.

10. Commercial Items. If acquired by any agency of the United States government, such agency acknowledges that: (a) the Game constitutes “commercial computer software” or “commercial computer software documentation” for purposes of 48 C.F.R. §12.212 and 48 C.F.R. §227.7202, as applicable and (b) such agency's rights are limited to those specifically granted under this EULA.

11. Term. The term of this Agreement will begin on the Effective Date and will continue until the earlier of (a) termination of this Agreement by either party in accordance with the terms herein and (b) termination of your access to the Game by or at the direction of ProbablyMonsters (the “Term”).

12. Termination. Any use of the Game other than as specifically authorized under this EULA, the platform Terms, or any other agreement between you and ProbablyMonsters without the prior written permission of ProbablyMonsters is strictly prohibited and will immediately terminate the license granted herein. Such unauthorized use may also violate
applicable laws, including without limitation copyright and trademark laws and applicable communications regulations and statutes. You may terminate this EULA at any time by (a) ceasing use of the Game and (b) deleting all copies of the Game in your possession or control. ProbablyMonsters reserves the right to terminate this EULA or your access to the Game at any time, for any or no reason. In the event of termination of this EULA, the license granted to you herein will automatically terminate and you must immediately cease all use of the Game and destroy all copies of the Game within your possession or control.

13. Survival. Sections 1, 3-10, 12 (last sentence only) and 13-18 of this EULA will survive any termination of this EULA.

14. Updates and Modifications. ProbablyMonsters may from time to time provide updates, patches, or other modifications to the Game that must be installed for continued use. You agree that ProbablyMonsters may automatically install such updates without further notice to you. The terms of this EULA will govern any updates or upgrades to the Game, unless such update or upgrade is accompanied by a separate license, in which case the terms of that separate license will govern. Your next use of the Game may be governed by a different EULA, and it is your responsibility to check periodically for changes. Your use or continued use of the Game following the posting of any changes to this EULA or any other posted policies will constitute your acceptance of, and agreement to be bound by, the changed terms or policies. ProbablyMonsters reserves the right to modify or discontinue, temporarily or permanently, the Game (or any features or portions thereof) without prior notice. ProbablyMonsters also may impose limits on the use of or access to the Game, in any case and without notice or liability. 

15. Dispute Resolution; Arbitration.

	15.1	Arbitration. Except for small claims disputes, you and ProbablyMonsters waive all rights to a jury trial and to have any dispute arising out of or related to the terms of this Agreement resolved in court. Instead, disputes relating in any way to this Agreement must be submitted to binding arbitration administered by JAMS. The Federal Arbitration Act and federal arbitration law apply to this Agreement. The most recent version of the JAMS Rules is available at www.jamsadr.com/rules-download and are incorporated by reference. You and ProbablyMonsters agree that any dispute arising out of or related to this Agreement is personal to you and ProbablyMonsters and that any dispute will be resolved solely through individual action, and will not be brought as a class arbitration, class action, or any other type of representative proceeding. You and ProbablyMonsters agree that for any arbitration you initiate, you will pay the filing fee (up to a maximum of $250 if you are a consumer), and ProbablyMonsters will pay the remaining JAMS fees and costs. For any arbitration initiated by ProbablyMonsters, ProbablyMonsters will pay all JAMS fees and costs. You have the right to an in-person hearing in your hometown area. 

	15.2	Severability. If any portion of this Section 15 is found to be unenforceable or unlawful for any reason, (a) the unenforceable or unlawful provision shall be severed from this EULA; (b) severance of the unenforceable or unlawful provision shall have no impact whatsoever on the remainder of this section or the parties' ability to compel arbitration of any remaining claims on an individual basis pursuant to this section; and (c) to the extent that any claims must therefore proceed on a class, collective, consolidated, or representative basis, such claims must be litigated in a civil court of competent jurisdiction and not in arbitration, and the parties agree that litigation of those claims shall be stayed pending the outcome of any individual claims in arbitration. Further, if any part of this section is found to prohibit an individual claim seeking public injunctive relief, that provision will have no effect to the extent such relief is allowed to be sought out of arbitration, and the remainder of this section will be enforceable.

	15.3	Opt Out Procedures. You have the right to opt out of binding arbitration within 30 days of the date you first accepted the terms of this Agreement by sending an email to optout@probablymonsters.com. To be effective, the opt-out notice must include your full name, your Game user ID, and address and clearly indicate your intent to opt out of binding arbitration. By opting out of binding arbitration, you are agreeing to resolve disputes in accordance with the section, ""Governing Law and Venue."" 

16. Governing Law and Venue. Subject to Section 15 (Dispute Resolution; Arbitration), this EULA and your download and installation of, and access to, the Game will be governed by and interpreted in accordance with the laws of the State of Delaware, without reference to its choice of law rules. Each party irrevocably consents to the jurisdiction and venue of the federal and state courts located in Tarrant County, Texas, USA with respect to any dispute between the parties that is not subject to arbitration under this EULA.

17. Conflicts. In the event of a conflict between the terms of this EULA and any other written or oral agreement related to the Game, including the platform terms as applied to the Game, the terms of this EULA will control. An omission or supplemental term will not be deemed a conflict.

18. Miscellaneous. If any provision of this EULA is found to be invalid or unenforceable, such provision will be deemed to be restated to reflect the original intention of the parties to the maximum extent possible and in accordance with applicable law, and the remaining provisions, terms, covenants, and restrictions of this EULA will remain in full force and effect. You may not assign this EULA or any of your rights under this EULA without the prior written consent of ProbablyMonsters. Any attempted assignment without such consent will be void. Subject to the foregoing restriction, this EULA will be fully binding upon, inure to the benefit of, and be enforceable by ProbablyMonsters and our respective successors and assigns. Any failure by ProbablyMonsters to insist upon or enforce performance by you of any of the provisions of this EULA or to exercise any rights or remedies under this EULA or otherwise by law will not be construed as a waiver or relinquishment of any right to assert or rely upon the provision, right or remedy in that or any other instance; rather, the provision, right or remedy will be and will remain in full force and effect.

"
ST_PMUI_BootUpFlow,BootUpFlow_Dialog_Decline_Header,You must accept the terms to use this software
ST_PMUI_Settings_Actions,ApplySettings,Apply
ST_PMUI_Settings_Actions,Back,Back
ST_PMUI_Settings_Actions,CancelSettings,Cancel
ST_PMUI_Settings_Actions,ResetSettings,Reset
ST_PMUI_SocialManagementStrings,ButtonLabel_AcceptFriendInvite,Accept Friend Invite
ST_PMUI_SocialManagementStrings,ButtonLabel_AcceptGameInvite,Accept Game Invite
ST_PMUI_SocialManagementStrings,ButtonLabel_AddFriend,Add Friend
ST_PMUI_SocialManagementStrings,ButtonLabel_AddFriends,Add Friends
ST_PMUI_SocialManagementStrings,SocialPage_EmptyFriends,Add Friends
ST_PMUI_SocialManagementStrings,ButtonLabel_AddYetiFriend,Add Yeti Friend
ST_PMUI_SocialManagementStrings,Presence_Away,Away
ST_PMUI_SocialManagementStrings,ButtonLabel_Back,Back
ST_PMUI_SocialManagementStrings,Presence_Status_Banned,Banned
ST_PMUI_SocialManagementStrings,ButtonLabel_Block,Block
ST_PMUI_SocialManagementStrings,Presence_Busy,Busy
ST_PMUI_SocialManagementStrings,ButtonLabel_Cancel,Cancel
ST_PMUI_SocialManagementStrings,ButtonLabel_EnterCode,Enter Code
ST_PMUI_SocialManagementStrings,SessionCode_CodeDescription,Enter Code
ST_PMUI_SocialManagementStrings,SocialPage_Codes_Desc,Enter a Session Code to join a game session.
ST_PMUI_SocialManagementStrings,ButtonLabel_FriendRequests,Friend Requests
ST_PMUI_SocialManagementStrings,FriendsTab,Friends
ST_PMUI_SocialManagementStrings,SocialPage_SocialManagement_Name,Friends
ST_PMUI_SocialManagementStrings,FriendsList_OnlineCount,Friends Online: {online}/{total}
ST_PMUI_SocialManagementStrings,SocialPage_GameSession_Name,Game Session
ST_PMUI_SocialManagementStrings,ButtonLabel_HostGame,Host Game
ST_PMUI_SocialManagementStrings,SessionCode_NoCodeAvailable,Host a game to create a Session Code
ST_PMUI_SocialManagementStrings,SocialPage_Inbox_Name,Inbox
ST_PMUI_SocialManagementStrings,SocialPage_Inbox_Desc,Invitations received from your friends.
ST_PMUI_SocialManagementStrings,Presence_Status_InviteReceived,Invite Received
ST_PMUI_SocialManagementStrings,Invite_Sent,Invite Sent
ST_PMUI_SocialManagementStrings,Presence_Status_InviteSent,Invite Sent
ST_PMUI_SocialManagementStrings,Buttonlabel_SubmitCode,Join
ST_PMUI_SocialManagementStrings,ButtonLabel_JoinSession,Join Game
ST_PMUI_SocialManagementStrings,SocialPage_EmptyParty,Join a Game
ST_PMUI_SocialManagementStrings,ButtonLabel_Kick,Kick
ST_PMUI_SocialManagementStrings,LastOnline,Last Online
ST_PMUI_SocialManagementStrings,ButtonLabel_LeaveParty,Leave Party
ST_PMUI_SocialManagementStrings,SocialPage_SocialManagement_Desc,Manage your friends list.
ST_PMUI_SocialManagementStrings,ButtonLabel_Mute,Mute
ST_PMUI_SocialManagementStrings,SocialNotification_Invites,New Invite Received
ST_PMUI_SocialManagementStrings,SocialPage_EmptyInvites,No Invitations
ST_PMUI_SocialManagementStrings,Presence_FriendOffline,Offline
ST_PMUI_SocialManagementStrings,Online,Online
ST_PMUI_SocialManagementStrings,Presence_FriendOnline,Online
ST_PMUI_SocialManagementStrings,ButtonLabel_Options,Options
ST_PMUI_SocialManagementStrings,PartyTab,Party
ST_PMUI_SocialManagementStrings,ButtonLabel_QuickMatch,Quick Match
ST_PMUI_SocialManagementStrings,RecentPlayedWithTab,Recent Players
ST_PMUI_SocialManagementStrings,ButtonLabel_Refresh,Refresh
ST_PMUI_SocialManagementStrings,ButtonLabel_RejectFriendInvite,Reject Friend Invite
ST_PMUI_SocialManagementStrings,Buttonlabel_RejectGameInvite,Reject Game Invite
ST_PMUI_SocialManagementStrings,ButtonLabel_SendInvite,Send Game Invite
ST_PMUI_SocialManagementStrings,SocialPage_Codes_Name,Session Code
ST_PMUI_SocialManagementStrings,SocialPage_GameSession_Desc,Setup custom game criteria to host or find a game session.
ST_PMUI_SocialManagementStrings,SocialPage_Party_Name,Social
ST_PMUI_SocialManagementStrings,SocialPage_Party_Desc,This is your party to play the next session.
ST_PMUI_SocialManagementStrings,ButtonLabel_Unblock,Unblock
ST_PMUI_SocialManagementStrings,ButtonLabel_RemoveFriend,Unfriend
ST_PMUI_SocialManagementStrings,ButtonLabel_Unmute,Unmute
ST_PMUI_SocialManagementStrings,ButtonLabel_ViewPlayerProfile,View Profile
ST_QuestItems,QI_ApocryphalTomes,Apocryphal Tome
ST_QuestItems,QI_CipherFragment,Cipher Fragment
ST_QuestItems,QI_ValahkSword,Corroded Ruin of Kingdoms
ST_QuestItems,QI_CrescentTags,Crescent Tags
ST_QuestItems,QI_CursedChalice,Cursed Chalice
ST_QuestItems,QI_MagicEmber,Divine Ember
ST_QuestItems,QI_HolyWater,Holy Water
ST_QuestItems,QI_IronIngots,Iron Ingots
ST_QuestItems,QI_LegendaryArtifacts,Legendary Artifact
ST_QuestItems,QI_Lore,Lore 
ST_QuestItems,QI_PrisonerRecord,Prisoner Manifest
ST_QuestItems,QI_ApostateRecord,Record of The Apostate Hunts
ST_QuestItems,QI_ChurchReqForm,Requisition Form
ST_QuestItems,QI_RevenantCrown,Revenant Crown
ST_QuestItems,QI_LottesLocket,Somber Locket
ST_QuestItems,QI_Supplies,Supplies
ST_QuestItems,QI_Treasure,Treasure
ST_QuestItems,QI_DemonBlood,Vial of Demon Blood
ST_Quests,SQABG_Name,A Beast in The Garden
ST_Quests,SQMW_Name,A Man of This World
ST_Quests,SQWC_Name,A Wellness Check
ST_Quests,SQST_Desc,A cryptic document in the Archspire's Archives mentioned something stricken from Lunitarian canon. Mereda might be interested in this.
ST_Quests,SQTFI_Desc,A stange undead woman trapped in Hellgrowth has mistaken you for Solomon. Comply with her delusions to find her a ring to acquire the item she took from him.
ST_Quests,SQST_Objective_Topic_2,About the document?
ST_Quests,SQAGB_Name,Abraxas Godsbane
ST_Quests,SQAY_Name,Advocacy
ST_Quests,SQIR_Name,An Insidious Reformation
ST_Quests,SQAY_Desc,An entity in the Hellgrowth calling himself the Advocate wants you to kill the last remaining humans still alive in the Hellgrowth. 
ST_Quests,EQAR_Name,Apocryphal Reclamation
ST_Quests,Apostasy1Name,Apostasy
ST_Quests,ApostasyTurnInName,Apostasy I: Oathbreaker Selandris
ST_Quests,ArchaeologyName,Archaeology
ST_Quests,ArchaeologyTurnInName,Archaeology
ST_Quests,EQA_Name,Archaeology
ST_Quests,AvengeDesc,Avenge the Fallen Nephilim
ST_Quests,AvengeTurnInDesc,Avenge the Fallen Nephilim
ST_Quests,EQR_Desc,Avenge the Fallen Nephilim
ST_Quests,BackIntoTheFrayName,Back Into The Fray
ST_Quests,BackIntoTheFrayTurnInName,Back Into The Fray
ST_Quests,BackIntoTheFrayWarTableName,Back Into The Fray
ST_Quests,MQBITF_Name,Back Into The Fray
ST_Quests,SQBB_Name,Bad Blood
ST_Quests,SQBC_Name,Bounty: Cultists
ST_Quests,SQBDK_Name,Bounty: Death Knights
ST_Quests,SQBDT_Name,Bounty: Demon Brutes
ST_Quests,SQBEC_Name,Bounty: Elite Cultists
ST_Quests,SQBEDK_Name,Bounty: Elite Death Knights
ST_Quests,SQBEDT_Name,Bounty: Elite Demon Brutes
ST_Quests,SQBEI_Name,Bounty: Elite Demon Imps
ST_Quests,SQBEFV_Name,Bounty: Elite Feral Vampires
ST_Quests,SQBEKT_Name,Bounty: Elite Knight Terrors
ST_Quests,SQBEUB_Name,Bounty: Elite Undead Brutes
ST_Quests,SQBEUC_Name,Bounty: Elite Undead Captains
ST_Quests,SQBFV_Name,Bounty: Feral Vampires
ST_Quests,SQBKT_Name,Bounty: Knight Terrors
ST_Quests,SQBUB_Name,Bounty: Undead Brutes
ST_Quests,SQBUC_Name,Bounty: Undead Captain
ST_Quests,MQPE2_Desc,Brave Gildenarch once more and search for the next Abraxas Stone.
ST_Quests,SQCC_Name,Captain's Courage
ST_Quests,SQBCMP3S_Name,"Challenge Mahkteah, Lord of Perdition."
ST_Quests,SQBCCM3S_Name,Challenge: Cardinal Mathias
ST_Quests,SQBCFA3S_Name,Challenge: Felwyl The Ascended
ST_Quests,SQBCFW3S_Name,Challenge: Felwyl The Withered 
ST_Quests,SQBCFWE3S_Name,Challenge: Flesh-Wrought Egregore
ST_Quests,SQBCV3S_Name,Challenge: General Valahk-Nor
ST_Quests,SQBCT3S_Name,Challenge: Tyrigon
ST_Quests,SQBCWS3_Name,Challenge: Warden 
ST_Quests,SQBCDK3S_Name,Challenge:The Dry Rot King
ST_Quests,SQCOL_Name,Children of Luderaeon
ST_Quests,EQHR_Desc,Close the Hellrift.
ST_Quests,SQCR_Name,Closure
ST_Quests,SQTEAB_Desc,Complete Aegoroth's Lore.
ST_Quests,SQGS_II_Desc,Complete Mahkteah's lore.
ST_Quests,SQTDR_Desc,Complete the Dry Rot King's Lore.
ST_Quests,SQLOP_Desc,Complete the Lord Collection for Mahkteah.
ST_Quests,SQTEABL_Desc,Complete the lore collection for Aegoroth.
ST_Quests,SQTGW_Desc,Complete the lore collection for Gallant Alexander.
ST_Quests,SQMW_Desc,Complete the lore collection for Lotte Ananta.
ST_Quests,SQTLC_Desc,Complete the lore collection for the Lunitarian Church.
ST_Quests,SQTCM_Desc,Complete the lore collection of the Order of The Crimson Moon.
ST_Quests,SQTWOK_Desc,Complete the lore collection on Gajov Resnyk.
ST_Quests,SQSA_Desc,Complete the lore collection on Mereda.
ST_Quests,SQCOL_Desc,Complete the lore collection on the Angelic Choir.
ST_Quests,SQROI_Desc,Complete the lore collection on the Infernal Legion.
ST_Quests,QuestCompleted,Completed
ST_Quests,MQCOIC_Name,Comrades In Chains
ST_Quests,MQCTS_Name,Cracking the Seal
ST_Quests,SQBCCM3S_Desc,Defeat Cardinal Mathias on 3 Skulls.
ST_Quests,SQBC_Desc,Defeat Cultists throughout Gildenarch.
ST_Quests,SQBDT_Desc,Defeat Demon Brutes throughout Gildenarch.
ST_Quests,SQBDK_Desc,Defeat Demon Death Knights throughout Gildenarch.
ST_Quests,SQBEC_Desc,Defeat Elite Cultists throughout Gildenarch.
ST_Quests,SWBC_Desc,Defeat Elite Cultists throughout Gildenarch.
ST_Quests,SQBEDK_Desc,Defeat Elite Death Knights throughout Gildenarch.
ST_Quests,SQBEDT_Desc,Defeat Elite Demon Brutes throughout Gildenarch.
ST_Quests,SQBEI_Desc,Defeat Elite Demon Imps throughout Gildenarch.
ST_Quests,SQBEFV_Desc,Defeat Elite Feral Vampires throughout Gildenarch.
ST_Quests,SQBEKT_Desc,Defeat Elite Knight Terrors throughout Gildenarch.
ST_Quests,SQBEUB_Desc,Defeat Elite Undead Brutes throughout Gildenarch.
ST_Quests,SQBEUC_Desc,Defeat Elite Undead Captains throughout Gildenarch.
ST_Quests,SQBCFA3S_Desc,Defeat Felwyl The Ascended on 3 Skulls.
ST_Quests,SQBCFW3S_Desc,Defeat Felwyl The Withered on 3 Skulls.
ST_Quests,SQBFV_Desc,Defeat Feral Vampires throughout Gildenarch.
ST_Quests,SQBCV3S_Desc,Defeat General Valahk-Nor on 3 Skulls.
ST_Quests,SQBKT_Desc,Defeat Knight Terrors throughout Gildenarch.
ST_Quests,SQBCMP3S_Desc,Defeat Mahkteah The Lord of Perdition on 3 Skulls.
ST_Quests,SQBCDK3S_Desc,Defeat The Dry Rot King on 3 Skulls.
ST_Quests,SQBCFWE3S_Desc,Defeat The Flesh-Wrought Egregore on 3 Skulls.
ST_Quests,SQBCW3S_Desc,Defeat The Warden on 3 Skulls.
ST_Quests,SQBCTS3_Desc,Defeat Tyrigon on 3 Skulls.
ST_Quests,SQBUB_Desc,Defeat Undead Brutes throughout Gildenarch.
ST_Quests,SQBUC_Desc,Defeat Undead Captains throughout Gildenarch.
ST_Quests,SQDM_Name,Defilement
ST_Quests,MQPE3_Desc_Completed,"Despite Felwyl's interference the final Abraxas Stone has been obtained. The Spire is halted, and the veil still stands yet it remains torn..."
ST_Quests,SQAGB_Desc,Discover the truth behind the Abraxas Stones.
ST_Quests,SQUH_QuestTopic,Do you have additional work available?
ST_Quests,SQCR_QuestTopic,Do you have additional work?
ST_Quests,SQTL_QuestTopic,Do you have extra work for me?
ST_Quests,SQLH_QuestTopic,Do you need anything?
ST_Quests,QuestTypeEmergent,Emergent
ST_Quests,SQGB_Desc,Explore Elk Grove Acadamy and search for any information that might shed light on what transpired there.
ST_Quests,SQSOD_Desc,Explore Moore Manor and uncover its dark secrets.
ST_Quests,SQIS_Desc,Explore Ramshorn Keep and search for any information that might shed light on what transpired there.
ST_Quests,SQKC_Desc,Explore the Shoreditch Walltower and search for any information that might shed light on what transpired there.
ST_Quests,BackIntoTheFrayTurnInDesc,FIX Insert Description Here
ST_Quests,BackIntoTheFrayWarTableDesc,FIX Insert Description Here
ST_Quests,ArchaeologyDesc,Find Pagan Artifacts for the Librarian
ST_Quests,BadBloodCleanseTurnInDesc,Fix Gajov's Temperament
ST_Quests,SQGS_III_Desc_2,"Forge a weapon from the Soul Energy of Aegoroth. Search Moore Manor, Forsaken Streets, Ramshorn Keep, and Elk Grove."
ST_Quests,SQGS_I_Desc_2,"Forge a weapon from the Soul Energy of E'frae The Dry Rot King. Search Forsaken Streets, Ramshorn Keep, Walltower and Moore Manor."
ST_Quests,SQGS_II_Desc_2,"Forge a weapon from the Soul Energy of Mahkteah The Lord of Perdition. Search Ramshorn Keep, Forsaken Streets, Moore Manor and Walltower."
ST_Quests,SQFWIC_Name,From Whence It Came
ST_Quests,SQWC_Desc2,Gain the survivor's trust by finding her supplies.
ST_Quests,SQPR_Desc,Gajov has brought to your attention the power of Infernal Energy. Help him enhance his equipment by bringing him Infernal Energy.
ST_Quests,SQUE_Desc,Gajov is looking for a Divine Ember. He mentioned one may be found at Ramshorn Keep. Next time you're there search the Ember and return it to him.
ST_Quests,SQBB_Desc,Gajov's supply of blood has gone missing and the Church will not help him. Mereda has asked you acquire consecrated demon blood to help Gajov. 
ST_Quests,SQCC_Desc,Gallant has asked you to hunt down a resurrected Captain of the guard and put him to rest. Bring his head as evidence of the deed.
ST_Quests,SQUH_Desc,Gallant has tasked you with recovering the Cresent Tags of the Fallen Crusaders.
ST_Quests,MQCOIC_Desc,"Gallant wants you to familiarize yourself with the Order's Merchant Lotte Ananta, and the Blacksmith Gajov Resnyk. "
ST_Quests,EQAR_Desc,Gather Apocryphal Tomes for the Librarian
ST_Quests,EQBM_Desc,Gather smithing materials for the blacksmith.
ST_Quests,EQA_Desc,Gather the artifacts for the Merchant
ST_Quests,EQMT_Desc,Gather treasure for the Merchant.
ST_Quests,SQGS_III_Name,God Slayer: Edge of The Abyss.
ST_Quests,SQGS_I_Desc,God Slayer: Of Rot and Bone.
ST_Quests,SQGS_II_Name,God Slayer: The Fire of War.
ST_Quests,EQHR_Name,Hellrift
ST_Quests,SQTLP_Desc,Help Gajov forge Mahkteah's weapon.
ST_Quests,SQLD_Desc,Help Gajov forge a weapon from Felwyl's Soul Energy.
ST_Quests,SQSBA_Desc,Help Gajov forge a weapon from Tyrigon's Soul Energy.
ST_Quests,SQTROK_Desc,Help Gajov forge a weapon from Valahk-Nor's Soul Energy.
ST_Quests,SQDM_Desc,Help Gajov forge a weapon from the Cardinal Mathias' Soul Energy.
ST_Quests,SQFWIC_Desc,Help Gajov forge a weapon from the Egregore's Soul Energy.
ST_Quests,SQABG_Desc,Help Gajov forge a weapon from the Warden's Soul Energy.
ST_Quests,ProphecyTopicText,I found this in the Archspire's archives.
ST_Quests,BackIntoTheFrayDesc,I need to use the Transmitorium in the Armory to gain access to Gildenarch
ST_Quests,SQWC_Desc,Investigate the sounds of a crying woman heard outside of St. Uriel's Chapel.
ST_Quests,SQUE_QuestTopc,Is there something you need?
ST_Quests,SQKC_Name,Keep of The Condemned
ST_Quests,SecularArchivistDesc,Learn about Mereda's past.
ST_Quests,SQUHY_Desc,Learn about the Reborn Cult's theology
ST_Quests,SQLD_Name,Lichdom
ST_Quests,SQLOP_Name,Lord of Perdition
ST_Quests,SQLH_Name,Lost History
ST_Quests,SQTC_Desc,Lotte has asked you to return to Shoreditch Prison and discover the fate of his old crew.
ST_Quests,SQCR_Desc,Lotte has once again called upon you to find information on someone: a woman named Aleria Hawthorne. Start your search in Shoreditch Prison again.
ST_Quests,SQOH_Desc,Lotte has tasked you to hunt down a chalice of importance to him. He's convinced that it ended up Elk Grove Academy.
ST_Quests,SQTAL_Desc,Lotte has tasked you with acquiring official Church documents from Archspire Cathedral to help him and Mereda commit a forgery. 
ST_Quests,QuestTypeMain,Main
ST_Quests,SQLH_Desc,Mereda has discovered an artifact from the information you've collected in Gildenarch. She would like you to find the Revenant Crown and bring it to her.
ST_Quests,SQST_II_Desc,Mereda is convinced that the document you found her has a secret message encrypted in its passages. She requires the complete Cipher to crack it.
ST_Quests,SQOH_Name,Old Habits
ST_Quests,MQPE1_Name,Perilous Excursions I: The Shifting Mirror
ST_Quests,MQPE2_Name,Perilous Excursions II: The Frayed Veil
ST_Quests,MQPE3_Name,Perilous Excursions III: Where WIll Still Stands
ST_Quests,SQPR_Name,Purifier
ST_Quests,QuestTopic,Quest Topic
ST_Quests,SQROI_Name,Remnants of Akyreon
ST_Quests,RemnantsofIridaeonName,Remnants of Iridaeon
ST_Quests,AvengeName,Retribution
ST_Quests,AvengeTurnInName,Retribution
ST_Quests,EQR_Name,Retribution
ST_Quests,RetributionName,Retribution
ST_Quests,RetributionTurnInName,Retribution
ST_Quests,ArchaeologyTurnInDesc,Return Pagan Artifacts to the Librarian
ST_Quests,SQDE_Desc,SQDE_Desc
ST_Quests,SQDE_Name,SQDE_Name
ST_Quests,EQBM_Name,Salvaging
ST_Quests,SQIR_Desc,Search the Archspire for any information that might shed light on what transpired in the cathedral.
ST_Quests,SQAH_Desc,Search the Forsaken Streets for any information that might shed light on what transpired in the district.
ST_Quests,SQSOD_Name,Seat of Deceit
ST_Quests,SecularArchivistName,Secular Archivist
ST_Quests,QuestTypeSide,Side
ST_Quests,SQSBA_Name,Spawn of the Black Aeon
ST_Quests,SQGS_III_Desc,Speak to Gajov about forging a weapon from the Soul Energy of Aegoroth. 
ST_Quests,SQGS_I_Name,Speak to Gajov about forging a weapon from the Soul Energy of E'frae The Dry Rot King. 
ST_Quests,SQGS_IIW_Desc,Speak to Gajov about forging a weapon from the Soul Energy of Mahkteah The Lord of Perdition.
ST_Quests,SQAH_Name,The Architect's Harvest
ST_Quests,SQST_III_Desc,The Cipher has revealed a prophecy regarding the Nephilim and the end of time. Mereda wants you to help her complete its conclusion.
ST_Quests,SQTC_Name,The Crew
ST_Quests,SQTCM_Name,The Crimson Moon
ST_Quests,SQTDRK_Name,The Dry Rot King
ST_Quests,SQTDR_Name,The Dry Rot King
ST_Quests,SQTEAB_Name,The Eye of The Abyss
ST_Quests,SQTEABL_Name,The Eye of The Abyss 
ST_Quests,SQTFI_Name,The False Idol
ST_Quests,SQTGW_Name,The Gallows Wraith
ST_Quests,SQGB_Name,The Grand Betrayal
ST_Quests,SQIS_Name,The Impending Siege
ST_Quests,SQTAL_Name,The Last Altered Ledger
ST_Quests,SQTALII_Name,The Last Altered Ledger II
ST_Quests,SQTLP_Name,The Lord of Perdition
ST_Quests,SQTLC_Name,The Lunitarian Church
ST_Quests,SQTL_Desc,The Merchant Lotte tasked you with finding his old locket that was lost in the Archspire Cathedral many years ago.
ST_Quests,SQTROK_Name,The Ruin of Kingdoms
ST_Quests,SQSA_Name,The Secular Archivist
ST_Quests,SQST_Name,The Stricken Testament I
ST_Quests,SQST_II_Name,The Stricken Testament II
ST_Quests,SQST_III_Name,The Stricken Testament III
ST_Quests,MQP_Name,The Trumpets Blown
ST_Quests,SQTWOK_Name,The Wolves of Karsiv
ST_Quests,MQPE1_Desc_Completed,"The first Abraxas Stone has been retrieved. Two more yet remain, and time is of the essence."
ST_Quests,MQPE2_Desc_Completed,The second Abraxas Stone has been retireved. The Godsreach Spire' power wanes but it still turns. 
ST_Quests,SQTL_Name,Thief's Lamentation
ST_Quests,SQTOV_Name,Totem of Vodor
ST_Quests,MQPE1_Desc,Traverse the corrupted streets of Gildenarch and search for the first Abraxas Stone. 
ST_Quests,EQMT_Name,Treasure Hunt
ST_Quests,SQUE_Name,Undying Ember
ST_Quests,SQUHY_Name,Unrepentant Heresy
ST_Quests,SQUH_Name,Unsung Honor
ST_Quests,SQOH_QuestTopic,Was there something you needed?
ST_Quests,SQTAL_QuestTopic,What can I do for you?
ST_Quests,MQPE3_Desc,"When you are prepared, face the final Dead God and acquire the last Abraxas Stone."
ST_Quests,MQCTS_Desc,"You've awoken from your coffin at the Order's hall, the Sanctus Clypeus. Your first task is to speak with the Knight Commander Gallant Alexander."
ST_Quests,MQP_Desc,You've been sent to the city of Gildenarch in response to an invasion by unknown forces. Rendezvous with your captain and receive your first orders.
ST_Quests,SQTOV_Desc,You've found a stange obsidian totem in the shape of a woman. Gajov knows its origin and needs your help repairing the Totem.
ST_Quests,MQBITF_Desc,Your orders are to return to Gildenarch and scout the streets on your first Excursion.
ST_Rewards,MissionScore,Mission Score
ST_Rewards,Score,Score
ST_Settings_AdvancedGraphics,ConsoleProfile_Performance,Performance
ST_Settings_AdvancedGraphics,ConsoleProfile_Quality,Quality
ST_Shields,CovenantClericShieldDesc,"A heater shield carried by Covenant Clerics, the warrior-priests of the Crusader corps.

The cleric raises it against demons and dissenters alike; in the Church's reckoning, the difference between the two is a matter of confession."
ST_Shields,SoldiersShieldDesc,"A heater shield issued to Velchorian foot soldiers, faced in plain steel and trimmed in tarred leather.

Weather-worn but serviceable; the Empire issues them in a single grade and replaces them only when the rim splits past the boss."
ST_Shields,RamsGloryDesc,"A magnificent shield forged in honor of Gildenarch.

The magnificant rams of the Treveyan Highlands have long inspired the city of Gildenarch since the days before the city's founding.

No matter what changes, some truth yet remains."
ST_Shields,PhoenixPaladinShieldDesc,"A round aegis of gold and silver, two phoenix wings spread around a central sunburst.

Forged in Belwayne, where the phoenix is both heraldry and religion.

The Order keeps a small consignment for the Nephilim who came up through that city's halls."
ST_Shields,ApostatesShieldDesc,"A shield carried by Nephilim who refused the Crimson Concordat and lived long enough to need one.

Most were taken from the dead at the close of the first Apostate Hunts.

The few that were not are still in the field, and the Order does not press inquiries."
ST_Shields,RotkinShieldDesc,"A shield of woven antler and root, knotted by the Stagkin in better times.

Their god has since begun to rot. The Rotkin still carry these shields; the antlers crumble and the roots no longer hold green leaf, but they say a shield need not live to defend its bearer, only remember its bearer's god."
ST_Shields,MahktenShieldDesc,"A smoldering shield wielded by the extinct Mahkten Marauders. Bestial warriors in service to The Lord of Perdition.

In times of old, when the Coil was yet whole, war dominated the lands of Eden, and none were more adept than Mahkteah's devoted."
ST_Shields,SovereignsShieldDesc,"A tower shield bearing the heron of the Velchorian throne.

Carried by Sovereign Sentries in the halls of the imperial court.

The herons were once the only banner the Empire flew; now they fly beneath the Lunitarian moon, and the Sentries say nothing about it."
ST_Shields,CrimsonOathShieldDesc,"A tower shield bearing the sigil of the Crimson Concordat, issued to Nephilim of the Order.

The bond between Church and Order is rendered in steel and hung from the bearer's arm, carried by some as a vow honored and others as a debt remembered."
ST_Shields,TarnishedWoodenShieldDesc,"A wooden shield, weather-worn and softened by moss along its grain.

Salvaged from the bodies of conscripted militia who fell in the city's first night, before the Order arrived and the dying stopped being counted."
ST_Shields,RevenantShieldDesc,"An accursed shield, once thought to be lost to legend.

The Revenant of Gildeus haunted depths of Gildenarch, watching over the forgotten dead buried under the Church's occupation."
ST_Shields,ShieldOfTheZealotDesc,"An ancient shield integral to Lunitarian history, both feared and respected.

The Holy Lineage drew a clear delineation between the Lunar Sentinels and the Church.

The Sanctus Zealot enforced the New Order."
ST_Shields,OrnateSoldiersShieldDesc,"An ornate shield issued to knights who stood watch over the Archspire Cathedral.

Immaculate, and functional. The empire spent a good deal of coin when the Church demanded it."
ST_Shields,ApostatesShield,Apostate's Shield
ST_Shields,PhoenixPaladinShield,Belwayne Aegis
ST_Shields,ChampionShield,Champion Shield
ST_Shields,CovenantClericShield,Covenant Cleric Shield
ST_Shields,CrimsonOathShield,Crimson Oath Shield
ST_Shields,LunarSentinelShield,Lunar Sentinel Shield
ST_Shields,MahktenShield,Mahkten Shield
ST_Shields,OrnateSoldiersShield,Ornate Soldier's Shield
ST_Shields,RevenantShield,Revenant Shield
ST_Shields,RotkinShield,Rotkin Shield
ST_Shields,Shield,Shield
ST_Shields,ChampionShieldDesc,"Shield forged for Champions. Nephilim heroes from the Armaean citystate of Litinstang.

The rare few Nephilim who have proven themselves loyal to Litinstang are protected from Lunitarian law."
ST_Shields,RamsGlory,Shield of the Ram's Glory
ST_Shields,ShieldOfTheZealot,Shield of the Zealot
ST_Shields,SoldiersShield,Soldier's Shield
ST_Shields,SovereignsShield,Sovereign's Shield
ST_Shields,TarnishedWoodenShield,Tarnished Wooden Shield
ST_Shields,TelvaughtClanShield,Telvaught Clan Shield
ST_Shields,LunarSentinelShieldDesc,"The Lunar Sentinels harken to a time before Lunarin's ascendance to the Divine Throne.

Any mentions of Lunarin worship before the Church are considered a vile heresy, attracting great skepticism and condemnation towards anyone ""seeking to revive ancient knowledge"" now considered outdated."
ST_Shields,TelvaughtClanShieldDesc,"The shield of the vampire clan Telvaught.

Vampire Clans engage in ideological conlicts no better than humanity.

Clan Telvaught knew this well, and was always prepared for battle against their kin."
ST_SortingType,ArmorSlot,ArmorSlot
ST_SortingType,BlockValue,Block Value
ST_SortingType,CooldownTime,Cooldown Time
ST_SortingType,Damage,Damage
ST_SortingType,Defense,Defense
ST_SortingType,ManaCost,Mana Cost
ST_SortingType,Name,Name
ST_SortingType,Newest,Newest
ST_SortingType,ParryPoiseDamage,Parry Poise Damage
ST_SortingType,PoiseDamage,PoiseDamage
ST_SortingType,Quality,Quality
ST_SortingType,Type,Type
ST_SortingType,Unlocked,Unlocked
ST_SortingType,Value,Value
ST_SortingType,WeaponCategory,WeaponCategory
ST_SortingType,Weight,Weight
ST_Trinkets,RingDesc,A ring granting the {BoonName} boon.
ST_Trinkets,Amulet,Amulet
ST_Trinkets,AngelicStrengthTitle,Amulet of Angelic Strength
ST_Trinkets,CleansingPestilence_Title,Amulet of Cleansing Pestilence
ST_Trinkets,CrusadersFrost_Title,Amulet of Crusader's Frost
ST_Trinkets,CrusadersMight_Title,Amulet of Crusader's Might
ST_Trinkets,DivineMandate_Title,Amulet of Divine Mandate
ST_Trinkets,HealingHands_Title,Amulet of Health
ST_Trinkets,PurgingFire_Title,Amulet of Purging Fire
ST_Trinkets,ReapersRespite_Title,Amulet of Reaper's Respite
ST_Trinkets,SealOfBlight_Title,Amulet of Red Bloom
ST_Trinkets,ZealOfTheFaithful_Title,Amulet of Zeal
ST_Trinkets,RadiantFortitude_Title,Amulet of the Divine
ST_Trinkets,GuardianAngel_Title,Amulet of the Guardian Angel
ST_Trinkets,VowOfRetribution_Title,Amulet of the Vow of Retribution
ST_Trinkets,EnduringVow_Title,Avowed and Accursed
ST_Trinkets,JudgementsMark_Title,Band of Verdicts
ST_Trinkets,UnyieldingPyre_Title,Bonfire of the Soul
ST_Trinkets,SoulboundMight_Title,Bound for Glory
ST_Trinkets,LastBastion_Title,Castlefall
ST_Trinkets,OathboundArts_Title,Crimson Ring
ST_Trinkets,CrownOfCinders_Title,Crown of Cinders
ST_Trinkets,ExecutionersReward_Title,Cruelest Cut
ST_Trinkets,DivineReservoir,Divine Reservoir
ST_Trinkets,AscendentAura&ManaDrain_Title,Empyrean Signet
ST_Trinkets,DivineFocus_Title,Eye of God
ST_Trinkets,AftershockTechnique_Title,Fallen Angel's Ring
ST_Trinkets,HolyFireAegis_Title,Flaming Aegis
ST_Trinkets,FrostbrandSeal_Title,Frost Burn
ST_Trinkets,FrostboundCharge_Title,Frost Diamond
ST_Trinkets,AegisOfFrost_Title,Frostbitten Amulet
ST_Trinkets,CleansingConflagration_Title,Gajov's Amulet
ST_Trinkets,MomentumCharge_Title,Gem of Momentum
ST_Trinkets,FontOfConviction_Title,Gem of the Font
ST_Trinkets,AbsolutionInIce,"Grants the Absolution in Ice boon. 

A final gift from the vanquished Dragon-God, a primordial ice to cleanse the soul. "
ST_Trinkets,AegisOfFrost,"Grants the Aegis of Frost boon. 

The heavily armored Aegis wields such strength that merely blocking an attack can damage foes. "
ST_Trinkets,AftershockTechnique,"Grants the Aftershock Technique boon. 

When Prometra fell, a giant crater formed. The Infernal Legion developed this technique in remembrance of the first fallen."
ST_Trinkets,AngelicStrength,Grants the Angelic Strength boon
ST_Trinkets,AshenVerdict,"Grants the Ashen Verdict boon.

By this instrument, the fires of the wicked shall be turned against them. None may stand against the power of the divine. "
ST_Trinkets,BlessedMomentum,"Grants the Blessed Momentum boon. 

Stasis is death. Movement is life."
ST_Trinkets,BrandOfJudgment,"Grants the Brand of Judgement boon.

When whispers of a heretical cult reached the Lunitarian Church, they responded by sending the heavy hand of the Grand Inquisitor. "
ST_Trinkets,ChaliceOfConquest,"Grants the Chalice of Conquest boon.

The first vampires took eight sips from the Dark Lord's Chalice, whereupon their still hearts raced with a stolen vigor, newly sustained by the vitality of others. "
ST_Trinkets,CleansingConflagration,"Grants the Cleansing Conflagration boon.

A pariah turned member of the pack, Gajov dispels the coldness within by the fires of his forge."
ST_Trinkets,CleansingPestilence,Grants the Cleansing Pestilence boon
ST_Trinkets,ConsecratedDraught,"Grants the Consecrated Draught boon.

Norunddir is home to the strongest drink, brewed to stave off the frost of ever-winter. The silver concoction burns the throat and speeds the heart."
ST_Trinkets,CrownOfCinders,Grants the Crown of Cinders boon.
ST_Trinkets,CrusadersFrost,Grants the Crusader's Frost boon
ST_Trinkets,CrusadersMight,Grants the Crusader's Might boon
ST_Trinkets,DeathWard,"Grants the Death Ward boon.

This gilded phylactory was found in a looted long barrow in the Helden Steppes. The sigils are in no known language to have ever been spoken there."
ST_Trinkets,DefiantVigor,"Grants the Defiant Vigor boon.

The vampires of Clan Moore are said to be almost impossible to kill. Legends tell that a single tincture of their blood may imbue a relic with super-restorative powers, though this is unconfirmed in the eyes of the Church."
ST_Trinkets,DivineEndurance,"Grants the Divine Endurance boon. 

As the Lord Taketh, so does He give. This trinket was found in the hold of a ship wrecked upon the beaches of Greighton Bay. According to the Church documents, it provides grace to the cup-bearer in direct proportion to the suffering endured."
ST_Trinkets,DivineFocus,"Grants the Divine Focus boon.

A blind priest from the Drakefell Woods fasted and prayed that his sight be returned. It never was. Instead, he starved to death. The necklace he wore about his neck was kept and later found to have taken on strange properties. Though the priest never regained his sight, none may hide their wickedness from the eyes of the Lord.
"
ST_Trinkets,DivineMandate,Grants the Divine Mandate boon
ST_Trinkets,DivineReprieve,Grants the Divine Reprieve boon
ST_Trinkets,DivineReservoir_Title,"Grants the Divine Reservoir boon.

Sister Fae Lake is said to be bottomless. Water drawn from its murky depths on the solstice is evaporated in the sun by monks, leaving a residue behind that contains mystical properties. "
ST_Trinkets,EdictOfCondemnation,Grants the Edict of Condemnation boon
ST_Trinkets,EnduringRage,"Grants the Enduring Rage boon.

Legends speak of tiny, hidden totems that can be secreted in the armor of doomed warriors which prevents them from feeling fear in the face of a lost cause. So powerful is this magic said to be that even a warrior with mortal wounds cannot be convinced to die."
ST_Trinkets,EnduringVow,"Grants the Enduring Vow boon.

In breaking his vow of obedience, the fallen angel Prometra has lost his place in the Angelic Choir. It’s said that to find a feather of one of his wings is to be granted special powers. "
ST_Trinkets,ExecutionersReward,"Grants the Executioner’s Reward boon.

According to Church documents, Mox Piet was the most prolific executioner in the Velchorian Isles, and during his long life performed more than 700 confirmed executions for three generations of royalty. At the age of ninety-three, his final execution was himself. Aferward, his sword was melted down and drabs of dull steel were sold as relics. "
ST_Trinkets,ExtraSupplies,"Grants the Extra Supplies boon.

Forged to aid the Lost Legion, this little gimrack was created as a balance against the whole bounty of the Garden of Paradise. In this it failed, but it still has its uses."
ST_Trinkets,FontOfConviction,"Grants the Font of Conviction boon.

Belief is half the battle."
ST_Trinkets,FontOfLight,"Grants the Font of Light boon.

Long have there been legends of ancient relicts, used by the Lunitarian Church to channel angelic grace to those who need it most. The Relict of Recovery is one such, and its bearer is suffused with the healing Light of the holy Divine."
ST_Trinkets,FrostboundCharge,"Grants the Frostbound Charge boon.

Painfully cold to the touch, this small sliver of ice never melts, no matter how warm the day, and is often taken for a jewel by those who don’t know better"
ST_Trinkets,FrostbrandSeal,"Grants the Frostbrand Seal boon.

So cold it burns the flesh of the unworthy, leaving a permanent brand upon the skin. Only a Nephilim can touch it and be unmarked."
ST_Trinkets,FrozenVow,Grants the Frozen Vow boon
ST_Trinkets,GuardianAngel,Grants the Guardian Angel boon
ST_Trinkets,HardenedFury,"Grants the Hardened Fury boon.

Around the doomed churches of Quorum were placed special guard stones. After most of the churches burned, these failed stones retained the heat of the fire, and to this day are passed around in remembrance of that tragedy."
ST_Trinkets,HealingHands,"Grants the Healing Hands boon.

An old sawbones pressed into duty after the battle of Helden Steppes was found to have the lowest mortality among his patients of any doctor. He credited his luck with clean hands, but others found reason to credit the amulet he wore, cast from white silver."
ST_Trinkets,HolyFireAegis,"Grants the Holy Fire Aegis boon.

Some fires, once lit, cannot be put out."
ST_Trinkets,HuntersStrike,"Grants the Hunter's Strike boon.

It is a rare thing to kill a dragon. Even small shards of dragon horn are highly valuable and sought after by relic hunters."
ST_Trinkets,JudgementsMark,Grants the Judgement's Mark boon.
ST_Trinkets,JudgmentOfWinter,Grants the Judgment of Winter boon
ST_Trinkets,LastBastion,"Grants the Last Bastion boon.

Once used as currency when gold was scarce, bricks from the ruins of Treveyan’s Keep have been scattered to the four winds."
ST_Trinkets,LastLight,"Grants the Last Light boon.

A vampire has a complex relationship with the sun. In certain ancient tomes there are stories of special totems which might ease the daylight path of those who feast on blood. When carried by beings of the light, these totems grant other advantages."
ST_Trinkets,MartyrsGift,"Grants the Martyr's Gift boon.

A priest named Olan Blooded died by pagan hands during the second siege of Acktin. So brave was he that he was given a martyr’s burial, and a medallion to wear upon his chest. Two centuries later, the grave was looted, and the medallion stolen. Where it is now no one knows."
ST_Trinkets,OathboundArts,"Grants the Oathbound Arts boon. 

Born of forbidden blood, The Knights of the Crimson Moon swear an oath to atone for the sins of their father in the blood of the Church’s enemies."
ST_Trinkets,OnAPaleHorse,Grants the On a Pale Horse boon.
ST_Trinkets,PurgingFire,Grants the Purging Fire boon
ST_Trinkets,RadiantFortitude,"Grants the Radiant Fortitude boon.

An amulet forged to recognize the Divine’s triumph over the Demiurge as the start of a new era."
ST_Trinkets,ReapersRespite,Grants the Reaper's Respite boon
ST_Trinkets,ResoundingFlames,"Grants the Resounding Flames boon.

A hardened ring that passes fire to all it touches. Passed down by an ancient cleric who claimed to travel through the gates of Infernus and return unharmed."
ST_Trinkets,SanctifiedRhythm,Grants the Sanctified Rhythm boon
ST_Trinkets,SanguineSlice,Grants the Sanguine Slice boon
ST_Trinkets,SanguineStrike,Grants the Sanguine Strike boon
ST_Trinkets,ScourgeOfTheUnfaithful,Grants the Scourge of the Unfaithful boon
ST_Trinkets,SealOfBlight,"Grants the Seal of Blight boon.

Members of the Reborn resent the Lunitarian Church and their Divine for undoing the old world and only through the Red Bloom can they unify all bodies into one again."
ST_Trinkets,SealOfFlame,"Grants the Seal of Flame boon.

The Lost Legion of Infernus believe that only by combining the eight fires of their region, can they burn the world anew.  "
ST_Trinkets,SecondWind,"Grants the Second Wind boon.

On the shores of Quidar Lake lived a pagan people long known to possess an affinity for communing with elementals. Before their villages were burned and their lands salted."
ST_Trinkets,ShieldOfMany,Grants the Shield of Many boon
ST_Trinkets,SoulboundMight,"Grants the Soulbound Might boon.

It is said that even mighty must fall. But it need not be this day."
ST_Trinkets,SunderingStrikes,Grants the Sundering Strikes boon
ST_Trinkets,SunfireAegis,Grants the Sunfire Aegis boon
ST_Trinkets,ToxicStrike,Grants the Toxic Strike boon
ST_Trinkets,TrialByFlame,"Grants the Trial by Flame boon.

Long ago, in the blasted lands of Kah’s Spine, the pagans found a strange metal in the base of a crater. For a thousand years, this nugget was passed down, hammered into many forms. Always, it seemed to bring sickness and death to those closest to it. But finally, when the metal was stamped with the sigils of a great sorcerer, its power was harnessed."
ST_Trinkets,TrialOfSuffering,Grants the Trial of Suffering boon
ST_Trinkets,TrialOfTheFallen,Grants the Trial of the Fallen boon
ST_Trinkets,UnyieldingPyre,"Grants the Unyielding Pyre boon.

Not all who burn are consumed."
ST_Trinkets,VowOfRetribution,Grants the Vow of Retribution boon
ST_Trinkets,ZealOfTheFaithful,Grants the Zeal of the Faithful boon
ST_Trinkets,BrandOfJudgement_Title,Inquisitor's Ring
ST_Trinkets,SunderingStrikes_Title,Ironbreaker's Signet
ST_Trinkets,DefiantVigor_Title,Last Rites
ST_Trinkets,ConsecratedDraught_Title,Liquid Quick
ST_Trinkets,LastLight_Title,Medallion of Last Light
ST_Trinkets,MomentumCharge,Momentum Charge
ST_Trinkets,OnAPaleHorse_Title,Pendant of the Plague
ST_Trinkets,EnduringRage_Title,Rageborn
ST_Trinkets,ScorchingCharge_Title,Red Scale
ST_Trinkets,Ring,Ring
ST_Trinkets,EdictOfCondemnation_Title,Ring of Edicts
ST_Trinkets,FrozenVow_Title,Ring of Frozen Vow
ST_Trinkets,SanctifiedRhythm_Title,Ring of Sanctified Rhythm
ST_Trinkets,SanguineStrike_Title,Ring of Sanguine Strike
ST_Trinkets,SunfireAegis_Title,Ring of Sunfire Aegis
ST_Trinkets,ToxicStrike_Title,Ring of Toxic Strike
ST_Trinkets,JudgmentOfWinter_Title,Ring of the Judgment of Winter
ST_Trinkets,ShieldOfMany_Title,Ring of the Many
ST_Trinkets,ScourgeOfTheUnfaithful_Title,Ring of the Scourge
ST_Trinkets,RingName,Ring of {BoonName}
ST_Trinkets,BlessedMomentum_Title,Sacred Speed
ST_Trinkets,SanguineSlice_Title,Sanguine Signet
ST_Trinkets,ScorchingCharge,Scorching Charge
ST_Trinkets,ResoundingFlames_Title,Singed Ring
ST_Trinkets,AbsolutionInIce_Title,Snow-laden Amulet
ST_Trinkets,DivineReprieve_Title,Teardrop of Mercy
ST_Trinkets,SealOfFlame_Title,The Amulet of Profane Ritual
ST_Trinkets,AscendantAuras_Title,The Bijoux of Increase
ST_Trinkets,DivineEndurance_Title,The Cup of Grace
ST_Trinkets,HardenedFury_Title,The Fury Stone
ST_Trinkets,MartyrsGift_Title,The Martyr’s Medal
ST_Trinkets,ExtraSupplies_Title,The Memento of More
ST_Trinkets,FontOfLight_Title,The Relict of Recovery
ST_Trinkets,AshenVerdict_Title,Thurible of Ashes
ST_Trinkets,TrialByFlame_Title,Torc of Embers
ST_Trinkets,TrialOfSuffering_Title,Torc of Suffering
ST_Trinkets,TrialOfTheFallen_Title,Torc of the Fallen
ST_Trinkets,Trinket,Trinket
ST_Trinkets,Trinkets,Trinkets
ST_Trinkets,HuntersStrike_Title,Trophy of the Hunt
ST_Trinkets,ChaliceOfConquest_Title,Vampiric Heirloom
ST_Trinkets,VigorousStrikes,Vigorous Strikes
ST_Trinkets,VigorousStrikes_Title,Vim and Vigor
ST_Trinkets,DeathWard_Title,Wages of Sin
ST_Trinkets,AscendantAuras,"Whether by grace or by guile, it is not clear, but with this bauble, you'll find that all weapons turned against the enemies of the Church shall know increase."
ST_Trinkets,SecondWind_Title,Windwalker
ST_UI_GenericButtons,Button_Apply,Apply
ST_UI_GenericButtons,RedeemDialog_ExitWithoutSubmit,Are you sure you want to exit without submitting a code?
ST_UI_GenericButtons,Button_Back,Back
ST_UI_GenericButtons,Button_Buy,Buy (Hold)
ST_UI_GenericButtons,Button_Cancel,Cancel
ST_UI_GenericButtons,RedeemDialog_Header,Code Redemption
ST_UI_GenericButtons,Button_Confirm,Confirm
ST_UI_GenericButtons,ButtonLabel_EnterCode,ENTER CODE
ST_UI_GenericButtons,Redeem_Status_EnteringCode,Enter your code to redeem your reward.
ST_UI_GenericButtons,Redeem_Status_Fail,Invalid code. Check to make sure you typed the correct code.
ST_UI_GenericButtons,Button_No,No
ST_UI_GenericButtons,Button_OK,OK
ST_UI_GenericButtons,Button_Press,Press
ST_UI_GenericButtons,Button_QuitGame,Quit Game
ST_UI_GenericButtons,ButtonLabel_Redeem,Redeem
ST_UI_GenericButtons,Redeem_Header,Redeem Your Code
ST_UI_GenericButtons,Button_Reset,Reset
ST_UI_GenericButtons,Button_Select,Select
ST_UI_GenericButtons,Redeem_Status_Success,Success!
ST_UI_GenericButtons,Redeem_Error_AlreadyRedeemed,This code has already been redeemed.
ST_UI_GenericButtons,Redeem_Error_CodeExpired,This code has expired and is no longer redeemable.
ST_UI_GenericButtons,Redeem_Error_CodeInvalid,This code is invalid. Please try it again.
ST_UI_GenericButtons,Redeem_Error_LimitReached,This code is no longer redeemable.
ST_UI_GenericButtons,Button_Yes,Yes
ST_UI_GenericButtons,Redeem_Status_Success_Details,Your rewards will be available in the game.
ST_UI_Loadout,CustomLoadoutSlotName,Custom Loadout {slot}
ST_Vendors,AcceptBounty,Accept Bounty
ST_Vendors,AcceptQuest,Accept Quest
ST_Vendors,MerchantBuyEquipment,Add new gear to your permanent armory collection
ST_Vendors,UpgradeDescription,All future equipment will appear at this quality or higher
ST_Vendors,LibrarianBuyBoons,Boon Imbuement
ST_Vendors,Bounties,Bounties
ST_Vendors,BuyHold,Buy (HOLD)
ST_Vendors,BuyEquipment,Buy Equipment
ST_Vendors,BuyTrinkets,Buy Rings and Amulets
ST_Vendors,BuyWeapon,Buy Weapon
ST_Vendors,MerchantBuyTrinkets,Buy rings and amulets that offer passive boons
ST_Vendors,BlacksmithBuySpecialOffers,Buy special armaments that change with each visit
ST_Vendors,CompleteForRewards,Complete for rewards
ST_Vendors,UnlockByQuest,Complete {QuestName} to Unlock
ST_Vendors,Cost,Cost
ST_Vendors,LoreScrollMenuDescription,DISCOVER SCROLLS TO ADD NEW BOONS TO THE WORLD
ST_Vendors,ShoreditchWalltower_Discover,Discovered In Shoreditch Walltower
ST_Vendors,ArchspireCathedral_Discover,Discovered in Archspire Cathedral
ST_Vendors,ElkGroveAcademy_Discover,Discovered in Elk Grove Academy
ST_Vendors,ForsakenStreets_Discover,Discovered in Forsaken Streets
ST_Vendors,MooreManor_Discover,Discovered in Moore Manor
ST_Vendors,Prologue_Discover,Discovered in Prologue
ST_Vendors,RamshornKeep_Discover,Discovered in Ramshorn Keep
ST_Vendors,EquipHold,Equip (HOLD)
ST_Vendors,Equipped,Equipped
ST_Vendors,LibrarianBoonUnlock,Find all lore scrolls to unlock {0}
ST_Vendors,ArchspireCathedral_Find,Find in Archspire Cathedral
ST_Vendors,ElkGroveAcadedmy_Find,Find in Elk Grove Academy
ST_Vendors,ForsakenStreets_Find,Find in Forsaken Streets
ST_Vendors,MooreManor_Find,Find in Moore Manor
ST_Vendors,Prologue_Find,Find in Prologue
ST_Vendors,RamshornKeep_Find,Find in Ramshorn Keep
ST_Vendors,ShoreditchWalltower_Find,Find in Shoreditch Walltower
ST_Vendors,LoreScrollMenuTitle,LORE SCROLLS
ST_Vendors,LoreScrolls,Lore Scrolls
ST_Vendors,MaxUpgrade,Max Upgrade
ST_Vendors,QuestTopic,Quest Topic
ST_Vendors,Quests,Quests
ST_Vendors,ReplayPrologue,Recall how this all began
ST_Vendors,RecallPrologue,Replay the prologue
ST_Vendors,Restock,Restock All Consumables
ST_Vendors,RunOnly,RunOnly
ST_Vendors,Scroll,Scroll
ST_Vendors,ScrollsDiscovered,Scrolls Discovered
ST_Vendors,SelectBounties,Select up to {0} bounties
ST_Vendors,SpecialOffer,Special Offer
ST_Vendors,BlacksmithUpgradeArmory,Spend gold to permanently improve the quality of your armory collection
ST_Vendors,BlacksmithUpgradeEquipment,Spend gold to permanently improve the quality of your currently-held gear
ST_Vendors,Stockpile,Stockpile
ST_Vendors,Talk,Talk
ST_Vendors,TheMerchant,The Merchant
ST_Vendors,BlacksmithBuyEquipment,Trade souls for forged high-quality equipment
ST_Vendors,UndiscoveredScroll,UNDISCOVERED SCROLL
ST_Vendors,UnknownQuest,Unknown Quest
ST_Vendors,UnlockAtLevel,Unlock at Level {Level}
ST_Vendors,Upgrade,Upgrade
ST_Vendors,UpgradeHold,Upgrade (Hold)
ST_Vendors,UpgradeArmory,Upgrade Armory
ST_Vendors,UpgradeEquipment,Upgrade Equipment
ST_Vendors,Vendor,Vendor
ST_Vendors,LibrarianBoonUnlocked,{0} unlocked!
ST_WarTable,ZoneSeparator,  |  
ST_WarTable,AE_Description,A collection of additional missions and experiences in development.
ST_WarTable,Enemies_Ward_W3_D1,Abominations and Undead detected.
ST_WarTable,AE_Title,Additional Experiences
ST_WarTable,AE_E3_Description,An experimental arena run mission prototype featuring short combat spaces and many nexus gates to acquire boons.
ST_WarTable,AE_E3_Title,Arena Run Prototype
ST_WarTable,Back,Back
ST_WarTable,W1_D3_Boss_Description,Battle Cardinal Mathias in the Archspire Cathedral.
ST_WarTable,W3_D3_Boss_Description,"Battle Felwyl, The Withered in Moore Manor."
ST_WarTable,W2_D3_Boss_Description,Battle General Valahk in Shoreditch Wall Tower.
ST_WarTable,W1_D1_Boss_Description,Battle The Warden in The Forsaken Streets
ST_WarTable,W2_D1_Boss_Description,Battle Tyrigon atop Ramshorn Keep.
ST_WarTable,W3_D1_Boss_Description,Battle the Flesh-Wrought Egregore in Elk Grove Academy.
ST_WarTable,AE_E2_Description,Battle the dragon Tyrigon in the garrison of Ramshorn Keep.
ST_WarTable,LongRunFormat_Title,Begin Run: Gildenarch
ST_WarTable,W1_D3_Description,"Behold the Archspire Cathedral, from which Gildenarch owes its namesake. Once a vibrant seat of devotion for the Lunitarian faith, it has now succumbed to an insidious curse, ushered in by secrecy, fear, and unchecked ambitions."
ST_WarTable,W4_Description,"Behold the Godsreach Spire, the baleful tower of unknown origin that drills through the heart of our realm. What vile secrets dwell within its halls have yet to be seen, until now…"
ST_WarTable,Leaderboard_Mission_Best,Best Mission Score:
ST_WarTable,W1_D1_Description,"Beyond the doors of St. Uriel's chapel, where the dead prowl blight-ridden streets, lies the treacherous path to the Archspire Cathedral. One fraught with tragedies that precipitated the demonic siege."
ST_WarTable,Boss_Unknown,Boss: Undiscovered.
ST_WarTable,Boss_Wildcard,Boss: {BossName}
ST_WarTable,W1_D3_Boss_Title,Cardinal Mathias
ST_WarTable,ChooseMission,Choose a Mission
ST_WarTable,ChooseNextMission,Choose your Next Mission
ST_WarTable,AE_E1_Title,Combat Arena
ST_WarTable,WardComplete,Complete
ST_WarTable,W4_FB1_Description_True,"Confront Felwyl, The Ascended to regain control of the 3rd Abraxas stone and stop Solomon from piercing the veil."
ST_WarTable,Enemies_Ward_W2_D1,"Cultists, Undead, and Demons detected."
ST_WarTable,W2_WB1_Description,"Deep below Shoreditch, an ancient chamber is discovered. The Dead God Mahkteah, Lord of Perdition, is awakened."
ST_WarTable,Enemies_Ward_W2_D3,"Demons, Cultists, and Undead detected."
ST_WarTable,GenricDistrictLockedDescription,District locked.
ST_WarTable,AE_E2_Title,Dragon Boss
ST_WarTable,W1_DR1_Title,Dungeon: Catacombs
ST_WarTable,EasyDifficultyDisclaimer,Easy difficulty significantly lowers health and damage from enemies and is intended as an introductory experience.
ST_WarTable,W3_D1_Title,Elk Grove Academy
ST_WarTable,LongRunFormat_Description,Enter Gildenarch and battle through random districts to reach the World Boss and acquire an Abraxas Stone.
ST_WarTable,W3_D3_Boss_Title,"Felwyl, The Withered"
ST_WarTable,Enemies_Ward_W1_D3,"Feral Vampires, Demons, Undead, and Imps detected."
ST_WarTable,W4_FB1_Title,Final Boss: Aegoroth
ST_WarTable,W3_D1_Boss_Title,Flesh-Wrought Egregore
ST_WarTable,Enemies_Ward_W3_D3,Foes undetectable. Proceed with caution.
ST_WarTable,W2_D3_Boss_Title,General Valahk
ST_WarTable,AE_E4_Title,Hell Rift I
ST_WarTable,AE_E1_Description,Hone your combat abilities and test your equipment against a variety of enemies from the game.
ST_WarTable,W3_Description,"In the northernmost section of Gildenarch lies the city's Gilded Ward. Where mighty walls, once kept out those deemed undesirable, now hold back the infested pits of the Infernal Realm."
ST_WarTable,Level_Select_Title,Level Select (DEBUG)
ST_WarTable,Level_Select_Description,List to select levels directly for testing purposes. (DEBUG)
ST_WarTable,Mission1,Mission I
ST_WarTable,Mission2,Mission II
ST_WarTable,Mission3,Mission III
ST_WarTable,Mission4,Mission IV
ST_WarTable,Mission9,Mission IX
ST_WarTable,Mission_Length_Epic,Mission Length: Epic.
ST_WarTable,Mission_Length_Long,Mission Length: Long.
ST_WarTable,Mission_Length_Medium,Mission Length: Medium.
ST_WarTable,Mission_Length_Short,Mission Length: Short.
ST_WarTable,MissionLocked,Mission Locked
ST_WarTable,MissionModifierTitle,Mission Modifiers
ST_WarTable,Mission5,Mission V
ST_WarTable,Mission6,Mission VI
ST_WarTable,Mission7,Mission VII
ST_WarTable,Mission8,Mission VIII
ST_WarTable,Mission10,Mission X
ST_WarTable,W3_D3_Title,Moore Manor
ST_WarTable,OK,OK
ST_WarTable,W1_D2_Description,"Obstructing the path to Shoreditch is Ramshorn Keep, a fortified Garrison overrun from within by abominable horrors. Attracted by the greed of man, the garrison roosts an ancient archon of a bygone age."
ST_WarTable,PrologueDescription,Play the inciting events of the siege of Gildenarch.
ST_WarTable,PrologueTitle,Prologue
ST_WarTable,W1_D2_Title,Ramshorn Keep
ST_WarTable,Rewards,Rewards
ST_WarTable,HoldToSaveModifiers,Save
ST_WarTable,SelectMission,Select Mission
ST_WarTable,MissionModifierDescription,Select Modifiers to add unique challenges
ST_WarTable,SetMission,Set Mission
ST_WarTable,SkillAchievements,Skill Achievements
ST_WarTable,EasyDifficultyDisclaimerDetails,"Some content and equipment is limited, and rewards are reduced. Select this to acclimate yourself to the game before trying Standard (2 Skull) difficulty."
ST_WarTable,W1_Title,Southern Ward
ST_WarTable,StartNewRun,Start A New Run
ST_WarTable,W1_D3_Title,The Archspire Cathedral
ST_WarTable,W1_D1_Title,The Forsaken Streets
ST_WarTable,W3_Title,The Gilded Ward
ST_WarTable,W4_Title,The Godsreach Spire
ST_WarTable,W2_Title,The Grimhaven Ward
ST_WarTable,W2_Description,The Industrial Heart of Grimhaven was central to Gildenarch's revival and its demise. Weaponized divisions became the driving force behind the spear hurled towards the heavens.
ST_WarTable,W1_D1_Boss_Title,The Warden
ST_WarTable,W1_DR1_Description,"The catacombs of the Southern Ward run deep, holding secrets obscured by horrors and ancient traps."
ST_WarTable,W2_D3_Description,"The decrepit former home of the City Garrison, the Shoreditch Wall Tower now houses a rising battalion of demons and its resurrected General."
ST_WarTable,W3_D3_Description,The former home of Solomon Moore holds the secrets to his magic and whereabouts.
ST_WarTable,W3_D1_Description,"The site of investigation and experimentation with hellgrowth, Elk Grove Academy is now overrun with abominations and cultists alike."
ST_WarTable,W2_D1_Boss_Title,"Tyrigon, Dragon Menace"
ST_WarTable,Enemies_Ward_W1_D1,"Undead, Brutes, Captains, and Abominations detected."
ST_WarTable,FinalBossLockedDescription,Unlock the Final Boss by defeating the first two World Bosses and collecting the Abraxas Stones.
ST_WarTable,WorldBossLockedDescription,Unlock this World Boss by completing all main missions in the same Ward.
ST_WarTable,W2_D3_Title,Wall Tower
ST_WarTable,GenricWardLockedDescription,Ward locked.
ST_WarTable,AE_E4_Description,Warp into a hell rift to battle waves of the infernal legion. Only brave and skilled Nephilim are likely to survive.
ST_WarTable,W1_Description,What was once a small fishing hamlet of a forgotten name is now the Southern Ward of Gildenarch. Formally established under Lunitarian occupation with the construction of the city’s famous Archspire Cathedral.
ST_WarTable,W1_WB1_Description,"What was once interred for fear of its incendiary truth has brought the world to its knees. In the Graveyard of the Arschpire Cathedral lies the Dead God E'frae, the Dry Rot King."
ST_WarTable,W4_FB1_Description,"With two Abraxas Stones in hand, confront the dead god Aegoroth for the 3rd stone and stop Solomon from piercing the veil."
ST_WarTable,W2_WB1_Title,World Boss: Ancient Chamber
ST_WarTable,W1_WB1_Title,World Boss: Defiled Cemetery
ST_WarTable,Lore_Scrolls_Found,X of 10 Lore Scrolls Found.
ST_WarTable,SolomonStatuesFound,{0} of {1} Solomon Statues Found
ST_WarTable,AbraxasStonesCollected,{AbraxasStonesCollected} / {TotalAbraxasStones}
ST_WarTable,RewardsEarned,{CurrentRewards} / {TotalRewards} Rewards Earned
ST_WarTable,DistrictsCompleted,{DistrictsCompleted} of {TotalDistricts} Districts Complete
ST_WarTable,LoreScrollsFound,{LoreScrollsFound} / {LoreScrollsTotal} Lore Scrolls Found
ST_WeaponArts,EgregoreExplosionDesc,A circle of egregore hellgrowth erupts from the ground dealing damage to all enemies within.
ST_WeaponArts,AngelicBulwarkName,Angelic Bulwark
ST_WeaponArts,MahktenSwordName,Aura of the Burning Heart
ST_WeaponArts,AvengingPestilenceName,Avenging Pestilence
ST_WeaponArts,ShieldBashDesc,Blast forward with your shield and deal Crushing damage.
ST_WeaponArts,HomingAttackHemorrhageName,Bleed Projectiles
ST_WeaponArts,PhoenixFlareDesc,Burst into flames dealing Burning and damage to all enemies within 4 meters and yourself.
ST_WeaponArts,CardinalsStaffName,Cardinal's Staff
ST_WeaponArts,HomingAttackDesc,Cast homing orbs towards your foes. Deals Fire Damage.
ST_WeaponArts,PurifyingBlastDesc,Consume all status effects on Targeted enemy to cause a burst of damage.
ST_WeaponArts,AngelicBulwarkDesc,Create a zone of defense on the ground for you and your allies.
ST_WeaponArts,MahktenSwordDesc,Creates an Aura of Fire around you.
ST_WeaponArts,AvengingPestilenceDesc,Creates an Aura of Poison around you.
ST_WeaponArts,PoisonCaltropDesc,Dodge and drop a zone of Poison at your previous location
ST_WeaponArts,GroundSpikesName,Earthen Strike
ST_WeaponArts,EgregoreExplosionName,Egregore Explosion
ST_WeaponArts,SelfBuffName,Empower
ST_WeaponArts,FreezeDesc,Encase nearby foes with Frost.
ST_WeaponArts,FireBurstName,Fire Burst
ST_WeaponArts,FireTrailName,Fire Trail
ST_WeaponArts,ShieldFlameBurstName,Fireball
ST_WeaponArts,CardinalsStaffDesc,Fires projectiles in all directions dealing Magic damage and knocking away enemies.
ST_WeaponArts,FlamethrowerDesc,Flames stream out continously from your shield and apply Burn.
ST_WeaponArts,FlamethrowerName,Flamethrower
ST_WeaponArts,FlashHealName,Flash Heal
ST_WeaponArts,HealingAuraName,Healing Aura
ST_WeaponArts,FlashHealDesc,Heals you instantly.
ST_WeaponArts,HomingAttackName,Homing Projectiles
ST_WeaponArts,SwordThrowDesc,"Hurl your weapon at an enemy, then attack again to recall it on command."
ST_WeaponArts,FreezeTrailName,Ice Trail
ST_WeaponArts,SwordThrowName,Impaling Throw
ST_WeaponArts,SelfBuffDesc,Increases your Defenses and Damage of all types.
ST_WeaponArts,ShieldFlameBurstDesc,Invoke a fireball that fires forward from your shield.
ST_WeaponArts,FireTrailDesc,Leaves a trail of Fire behind while moving.
ST_WeaponArts,FreezeTrailDesc,Leaves a trail of Frost while moving.
ST_WeaponArts,PoisonTrailDesc,Leaves a trail of Poison while moving.
ST_WeaponArts,HomingMarkEffectName,Marking Projectiles
ST_WeaponArts,PhoenixFlareName,Phoenix Flare
ST_WeaponArts,PillarsOfLightName,Pillars of Light
ST_WeaponArts,PoisonCaltropName,Poison Caltrop
ST_WeaponArts,PoisonTrailName,Poison Trail
ST_WeaponArts,PurifyingBlastName,Purifying Blast
ST_WeaponArts,SwordOfRotDesc,"Raise thorns in a wave in front of you, dealing damage and Poison to enemies in its path."
ST_WeaponArts,ReaperPoleaxeName,Reaper Whirlwind
ST_WeaponArts,RupturingSlashName,Rupturing Slash
ST_WeaponArts,HomingAttackHemorrhageDesc,Send a homing projectile that applies Bleed.
ST_WeaponArts,HomingMarkEffectDesc,Send a homing projectile to Mark foes. Chance to deal critical damage on hit.
ST_WeaponArts,SpellBlastDesc,Send raw magical energy at your foes.
ST_WeaponArts,ShieldBashName,Shield Bash
ST_WeaponArts,ValahkSlamDesc,Slam down your weapon releasing a spray of magic flames.
ST_WeaponArts,RupturingSlashDesc,Slash across your enemy dealing damage and Bleed.
ST_WeaponArts,SpellBlastName,Spell Blast
ST_WeaponArts,ReaperPoleaxeDesc,"Spin with your weapon, spawning Frost projectiles and striking nearby foes with Frost Attack."
ST_WeaponArts,WhirlwindDesc,"Spin with your weapon, striking all nearby foes with increased Attack."
ST_WeaponArts,GroundSpikesDesc,Summon a stalagmite wave from the earth to deal Crushing damage to enemies in its path.
ST_WeaponArts,CrescentMoonHalberdDesc,Summon a wedge of ice from the ground and deal Frost.
ST_WeaponArts,PillarsOfLightDesc,Summon pillars of blinding light to deal Magic damage around target enemy.
ST_WeaponArts,SwordOfRotName,Sword of Rot
ST_WeaponArts,FireBurstDesc,Throw a burst of flames at your enemies while applying a stack of Burning.
ST_WeaponArts,HealingAuraDesc,Unleash a healing aura around you.
ST_WeaponArts,ValakhSlamName,Valahk Slam
ST_WeaponArts,WeaponArt,Weapon Art
ST_WeaponArts,WhirlwindName,Whirlwind
ST_WeaponArts,CrescentMoonHalberdName,Winter Solstice
ST_WeaponArts,FreezeName,Winter Sun
ST_Weapons,ApostatesBladeDesc,"A Lunitarian execution blade, drawn only at the close of an Apostate Hunt.

Forged from the swords seized at the signing of the Crimson Concordat.

The Church's ledgers name every Nephilim who has carried it; the ledgers do not name the apostates it has put down."
ST_Weapons,FieryBroadswordOrnateBrokenDesc,"A Sanctus Pyre, its blade hacked to a charred spike and the wielder presumably with it.

The thorn-halo and the saint's tear remain unscathed; the rest is soot and rust.

A wandering pilgrim will sometimes carry one in penance for a village no record remembers."
ST_Weapons,BelwayneSwordDesc,"A beautiful longsword wielded by the Phoenix Paladins of Belwayne.

The Armaean City-State of Belwayne is famous for their Phoenix heraldry and ornate weapons and armor."
ST_Weapons,ChampionsSwordDesc,"A blade forged for Champions, Nephilim heroes from the Armaean city-state of Litinstang.

The rare few Nephilim who have proven themselves loyal to Litinstang are protected from Lunitarian law."
ST_Weapons,AngelAegisShieldDesc,"A blessed shield of lost renown once hung within the Chapel of Uriel. Said to sanctify the grounds within its presence, this blessing has waned over time."
ST_Weapons,BrokenIronSwordDesc,"A broadsword pulled from the dead. Broken, pitted, and past serviceable repair.

Recruits who cannot afford their own blade make do with these.

Most of the breaks are old; most of the bodies are older."
ST_Weapons,TarnishedBroadswordDesc,"A broadsword salt-bitten by the Treveyan grave-roads and re-bound for resale.

The smiths who turn these around know better than to ask whose blade it was; the men who buy them know better than to ask whether the answer is one name or several."
ST_Weapons,RotkinsSwordDesc,"A corrupted blade forged from the bones of an ancient beast.

The tragic corruption of the ancient Stagkin is felt today through their wicked weaponry.

Although brittle in appearance, these swords are anything but."
ST_Weapons,CrudeBanditAxeDesc,"A crude single-bit axe sharpened on whatever stone the wielder could find.

Favored by highwaymen of the Treveyan roads and the press-ganged crews of the Velchorian docks. Most are stolen; the rest are paid for in stolen coin."
ST_Weapons,PodaoSaberGlaiveDesc,"A gilded saber-glaive carried by the honor guards of the Aurullian sun-courts.

Forged for ceremony before war, the dragon-scroll on the blade is older than the iron beneath it.

The guards have carried these long enough that the families of the courts have forgotten which served whom."
ST_Weapons,HellGrowthGlaiveDesc,"A glaive grown from Hellgrowth, its blade still warm to the touch.

Cut from raw biomass before it could thicken into a hive's nervous tissue, and bound in iron to keep it from rooting again.

The Order's smiths burn the binding salts each dawn; on the days they forget, the blade is found longer than the day before."
ST_Weapons,LeviathanGreatAxeDesc,"A great axe forged in Velchoria's harbor districts, sized for whaling crews.

They hunted the leviathans of the Vulken Sea before the leviathans stopped surfacing.

The axes remain in the rafters of the old whale-houses; the smiths who reforge them say the steel smells of the deep while they cool."
ST_Weapons,CrescentMoonHalberdDesc,"A halberd whose hooked blade is forged in the silhouette of a waning moon.

The crescent predates the Lunitarian Church; smiths who still strike it into steel work in private, and only by commission from buyers who do not write their names down."
ST_Weapons,MorningStarDesc,"A heavy spiked mace, swung for the breaking of plate and the men inside it.

A Velchorian sergeant's favorite when the line breaks; the spikes catch on shield-rims and pull them down in a way an edged weapon will not."
ST_Weapons,DragonSlayerBroadswordDesc,"A hefty broadsword wielded by Dragon Assassins.

Slaying dragons is a time honored service in the Velchorian Empire.

Historically taken up by humans, now predominantly pursued by Nephilim."
ST_Weapons,CrimsonOathBroadswordDesc,"A hefty broadsword wielded by the Nephilim Paladins of the Order of the Crimson Moon.

The armaments of the Order take advantage of the Nephilim's innate strength, leveraging weight and durability that would be a hindrance for mortal man."
ST_Weapons,AngelAzraelRelicStaffDesc,"A long bone-pale staff cut, by tradition, from the wing of the Angel Azrael.

The Order's smiths refuse to repair them. When the staff cracks, the bearer is buried with it; when the bearer falls, the staff goes into the catacombs."
ST_Weapons,CardinalsStaffDesc,"A long ceremonial staff carried by Cardinals of the Lunitarian Church, hafted for both rite and reach.

Cardinal Mathias carried his into the Archspire Cathedral on the night Solomon's vampires walked through the doors he had unlocked himself."
ST_Weapons,VampiricHalberdDesc,"A long-hafted halberd carried by the foot soldiers of Eden's vampire clans.

The blades are sharpened to draw blood quickly and the staves grooved to drink it; vampires who must fight in the open prefer their kills tidy."
ST_Weapons,AngelAegisPoleaxeDesc,"A long-hafted poleaxe of Order issue, the head stamped with the Crimson Concordat sigil.

Forged for Nephilim reach and Nephilim weight; mortal men have tried to take them from the dead, and have not lasted long carrying them."
ST_Weapons,PolearmDesc,"A long-hafted weapon, head and haft fitted by whatever smithy the bearer could find that day.

Most of Eden's polearms outlive their hafts. The hafts are replaced again. And again."
ST_Weapons,InfernalLegionnaireSwordDesc,"A longsword belonging to an Infernal Legionnaire.

Demons of the Infernal Legion wield crude accursed weaponry imbued with dark magick."
ST_Weapons,SovereignsSwordDesc,"A longsword issued to the Sovereign Sentries of the Velchorian throne.

The Sentries answer to the imperial crown and not the Church.

The distinction is small in peacetime… not so in war."
ST_Weapons,RamsGloryDesc,"A magnificent weapon forged in honor of Gildenarch.

The magnificant rams of the Treveyan Highlands have long inspired the city of Gildenarch since the days before the city's founding.

No matter what changes, some truth yet remains."
ST_Weapons,SpikeBackedGlaiveDesc,"A noble's hunting glaive, its socket cast as a dragon's mouth and the red gem set as its eye.

Carried in the deer-parks of the Velchorian high estates, where the only dragons left in Eden are the ones smiths still remember well enough to shape."
ST_Weapons,ReaperPoleaxeDesc,"A poleaxe fashioned from a harvest scythe, the curve hammered straight and the haft re-bound in iron.

The peasants of the Velchorian inlands used them for planting.

Some still smell of the wheat they once cut."
ST_Weapons,SoldiersHammerDesc,"A short-hafted war-hammer issued to Velchorian line infantry.

Made by the same forges that strike the Crusader Longsword, in lower grade and at higher volume.

The men who carry them outnumber the men who carry swords by roughly five to one."
ST_Weapons,MahktenSwordDesc,"A smoldering blade wielded by the extinct Mahkten Marrauders. Bestial warriors in service to The Lord of Perdition.

In times of old, when the Coil was yet whole, war dominated the lands of Eden, and none were more adept than Mahkteah's devoted."
ST_Weapons,BroadswordDesc,"A standard-issue broadsword carried by Velchorian footmen and freeholders.

Forged at the foundries of Sadrys and Belwayne in army-quantities.

Most men of Eden hold one in their first battle, and a fair number carry one through their last."
ST_Weapons,CovenantSwordDesc,"A sword wielded by Covenant Clerics, elite knights of the Lunitarian Covenant Crusaders.

It is expected for chaplains to be adept in combat as well as theology.

Masters of warfare both physical and spiritual."
ST_Weapons,NephilimWarhammerDesc,"A two-handed warhammer scaled and weighted for Nephilim hands.

The Order's smiths mark the haft for each demon the head has put down.

The hammers with the most marks are rarely returned with their wielder."
ST_Weapons,LostLegionnaireSwordDesc,"A wicked blade wielded by the demonic footsoldiers of the Infernal Lost Legion.

The blade looks as if it will perish after serving its usefulness. The legion wastes nothing in their conquests, for they have nothing left to lose."
ST_Weapons,AngelAegisShield,Aegis Shield
ST_Weapons,HellGrowthGlaive,Akyreon's Tongue
ST_Weapons,RevenantBladeDesc,"An accursed sword once thought to be lost to legend.

The Revenant of Gildeus haunted the depths of Gildenarch.

Watching over the forgotten dead buried under the Church's occupation."
ST_Weapons,LumenfelDesc,"An ancient sword imbued with the Divine's holy moonlight. Its edge delivers immense Holy damage.

This blade's original bearer has been lost to history yet its identity and purpose remains clear.

The full moon cuts through darkness."
ST_Weapons,AxiomDesc,"An ancient sword integral to Lunitarian history, both feared and respected.

The sword Axiom symbolized Lunitarian dominance and the eradication of paganism.

Its namesake is an assertion of the new world order that followed the War of the Gods."
ST_Weapons,ObsidianShardDesc,"An ancient worn blade corrupted by abyssal magick. It's essence pierces the very soul of its foes, bypassing most defenses.

The Seekers, devotees in service to Aegoroth, were blind scholars who dwelled in the deep dark beneath the lands."
ST_Weapons,FieryBroadswordOrnateDesc,"An inquisitor's flamberge, its crossguard wrought into a thorn-halo around a single drop of red glass.

Carried by the Pyresworn, a Lunitarian inquisitorial order tasked with the burning of heretics by sentence and the burning of villages by mistake.

The red glass is said to hold a tear of the saint who founded them."
ST_Weapons,FieryBroadswordDesc,"An unusual broadsword imbued with a fire enchantment.

Although heavily regulated by the Church, enchantments are among the most common forms of magick allowed within the Adamaic Empire."
ST_Weapons,AngelAegisPoleaxeCategory,Angel Aegis Poleaxe
ST_Weapons,AngelAzraelRelicStaffCategory,Angel Relic Staff
ST_Weapons,AxeOfTheGods,Axe of The Gods
ST_Weapons,Axiom,Axiom
ST_Weapons,AxeOfTheGodsDesc,"Behold the legendary of Axe of The Gods. Forged from the heaviest of metals, and wielded by only the most brutal of warriors."
ST_Weapons,BelwayneSword,Belwayne Sword
ST_Weapons,LostLegionnaireSword,Blasphemous Accord
ST_Weapons,Broadsword,Broadsword
ST_Weapons,BrokenIronSword,Broken Iron Sword
ST_Weapons,FieryBroadswordOrnateBroken,Broken Sanctus Pyre
ST_Weapons,MahktenSword,Burning Heart
ST_Weapons,ChampionsSword,Champion's Sword
ST_Weapons,CovenantSword,Covenant Sword
ST_Weapons,CrescentMoonHalberd,Crescent Moon Halberd
ST_Weapons,CrimsonOathBroadsword,Crimson Oath Broadsword
ST_Weapons,AngelAegisPoleaxe,Crimson Oath Poleaxe
ST_Weapons,CrudeBanditAxe,Crude Bandit Axe
ST_Weapons,CrusaderLongsword,Crusader Longsword
ST_Weapons,VampiricHalberd,Cultravix
ST_Weapons,CardinalsStaff,Defiled Night
ST_Weapons,DragonSlayerBroadsword,Dragon Assassin Broadsword
ST_Weapons,PodaoSaberGlaive,Drakeward
ST_Weapons,FieryBroadsword,Fiery Broadsword
ST_Weapons,UnarmedDesc,Fisticuffs
ST_Weapons,RamsGlory,Gildenarch's Glory
ST_Weapons,InfernalLegionnaireSword,Infernal Legionnaire Sword
ST_Weapons,LeviathanGreatAxe,Leviathan Great Axe
ST_Weapons,Lumenfel,Lumenfel
ST_Weapons,MorningStar,Morning Star
ST_Weapons,NephilimWarhammer,Nephilim Warhammer
ST_Weapons,ObsidianShard,Obsidian Shard
ST_Weapons,OneHandedAxe,One Handed Axe
ST_Weapons,OneHandedHammer,One Handed Hammer
ST_Weapons,OneHandedSword,One Handed Sword
ST_Weapons,Polearm,Polearm
ST_Weapons,ReaperPoleaxe,Reaper Poleaxe
ST_Weapons,ApostatesBlade,Recantation
ST_Weapons,RevenantBlade,Revenant Blade
ST_Weapons,RotkinsSword,Rotkin's Thorn
ST_Weapons,FieryBroadswordOrnate,Sanctus Pyre
ST_Weapons,Scirax,Scirax
ST_Weapons,SoldiersHammer,Soldier's Hammer
ST_Weapons,SovereignsSword,Sovereign's Sword
ST_Weapons,AngelAzraelRelicStaff,Staff of Azrael
ST_Weapons,SwordOfTheLunarSentinel,Sword of the Lunar Sentinel
ST_Weapons,TarnishedBroadsword,Tarnished Broadsword
ST_Weapons,SwordOfTheLunarSentinelDesc,"The Lunar Sentinels harken to a time before Lunarin's ascendance to the Divine Throne.

Any mentions of Lunarin worship before the Church are considered a vile heresy.

Attracting great skepticism and condemnation towards anyone seeking to revive ancient knowledge... now considered outdated."
ST_Weapons,CrusaderLongswordDesc,"The standard-issued imperial longsword, wielded by the Covenant Crusaders.

The Covenant Crusader is the enforcer of the Lunitarian Church's will, and is infamous across Eden for their passion and zealotry.

Designed for effective thrusting and is moderately useful for slashing."
ST_Weapons,SciraxDesc,"The sword of Clan Telvaught.

Few tales do justice to the feuds between Eden's vampire clans than that of Clan Moore's seizure of Telvaught's legendary Scirax.

Taken from the corpse of Lord Erington."
ST_Weapons,TwoHandedPolearm,Two Handed Polearm
ST_Weapons,Unarmed,Unarmed
ST_Weapons,SpikeBackedGlaive,Wyrmtongue
ST_YetiActivityMessages,AchievementWriteFailed_Short,Achievement not saved
ST_YetiActivityMessages,InvalidPlayerContext_Long,Cannot access achievements or stats - no valid local player is signed in.
ST_YetiActivityMessages,AchievementDetailsQueryFailed_Short,Could not load achievement details
ST_YetiActivityMessages,AchievementDetailsQueryFailed_Long,Could not load achievement details right now - please try again.
ST_YetiActivityMessages,AchievementsQueryFailed_Short,Could not load achievements
ST_YetiActivityMessages,AchievementsQueryFailed_Long,Could not load achievements right now - please try again.
ST_YetiActivityMessages,LeaderboardReadFailed_Short,Could not load leaderboard
ST_YetiActivityMessages,StatsQueryFailed_Short,Could not load stats
ST_YetiActivityMessages,LeaderboardReadFailed_Long,Could not load the leaderboard right now - please try again.
ST_YetiActivityMessages,StatsQueryFailed_Long,Could not load your stats right now - please try again.
ST_YetiActivityMessages,FriendsListUnavailable_Long,Friend leaderboards are unavailable until your friends list has loaded.
ST_YetiActivityMessages,FriendsListUnavailable_Short,Friend leaderboards unavailable
ST_YetiActivityMessages,InvalidPlayerContext_Short,No player signed in
ST_YetiActivityMessages,OnlineSubsystemUnavailable_Long,"Online services are unavailable - achievements, stats, and leaderboards are offline."
ST_YetiActivityMessages,OnlineSubsystemUnavailable_Short,Online services unavailable
ST_YetiActivityMessages,WriteLeaderboardFailed_Short,Score not submitted
ST_YetiActivityMessages,OnlineInterfaceUnavailable_Short,Service not supported
ST_YetiActivityMessages,InvalidLocalUserId_Short,Sign in to your platform
ST_YetiActivityMessages,InvalidLocalUserId_Long,"Sign in to your platform account to use achievements, stats, and leaderboards."
ST_YetiActivityMessages,StatUpdateFailed_Short,Stats not saved
ST_YetiActivityMessages,OnlineInterfaceUnavailable_Long,"This platform does not support the requested achievement, stat, or leaderboard service."
ST_YetiActivityMessages,AchievementWriteFailed_Long,Your achievement progress could not be saved - it will be retried.
ST_YetiActivityMessages,WriteLeaderboardFailed_Long,Your leaderboard score could not be submitted - please try again.
ST_YetiActivityMessages,StatUpdateFailed_Long,Your stats could not be saved - please try again.
ST_YetiAuthMessages,MonsterAccountConfigMissing_Long,Account services are not configured correctly. Please contact support.
ST_YetiAuthMessages,MonsterAccountConfigMissing_Short,Account services unavailable
ST_YetiAuthMessages,PlatformPremiumSubscriptionRequired_Long,An active online subscription is required to play online. Please check your subscription and try again.
ST_YetiAuthMessages,MonsterAccountJwtDecodeFailed_Short,Could not complete sign-in
ST_YetiAuthMessages,EOSConnectLoginStartFailed_Short,Could not connect to online services
ST_YetiAuthMessages,NakamaLoginFailed_Short,Could not connect to online services
ST_YetiAuthMessages,MonsterAccountCreateFailed_Short,Could not create account
ST_YetiAuthMessages,MonsterAccountSessionRequestFailed_Short,Could not reach account service
ST_YetiAuthMessages,EOSConnectLoginFailed_Short,Could not sign in to online services
ST_YetiAuthMessages,PlatformCredentialsUnavailable_Short,Could not sign in to platform
ST_YetiAuthMessages,AsyncActionContextInvalid_Short,Could not start sign-in
ST_YetiAuthMessages,MonsterAccountTokenResolveFailed_Short,Could not verify account
ST_YetiAuthMessages,MissingProductUserId_Short,Could not verify your account
ST_YetiAuthMessages,CrossplayMisconfigured_Short,Cross-play unavailable
ST_YetiAuthMessages,NakamaPrerequisiteNotMet_Short,Finish account sign-in
ST_YetiAuthMessages,MonsterAccountPlatformNotAuthenticated_Short,Finish platform sign-in
ST_YetiAuthMessages,NetworkConnectionLost_Short,Network connection lost
ST_YetiAuthMessages,MonsterAccountDoesNotExist_Short,No account found
ST_YetiAuthMessages,MonsterAccountDoesNotExist_Long,No account was found for this platform. You can create a new account to continue.
ST_YetiAuthMessages,CrossplayMisconfigured_Long,Online cross-play is not available due to a configuration problem.
ST_YetiAuthMessages,EOSIdentityUnavailable_Long,Online services are currently unavailable. Please try again later.
ST_YetiAuthMessages,EOSSubsystemUnavailable_Long,Online services are currently unavailable. Please try again later.
ST_YetiAuthMessages,EOSIdentityUnavailable_Short,Online services unavailable
ST_YetiAuthMessages,EOSSubsystemUnavailable_Short,Online services unavailable
ST_YetiAuthMessages,NakamaPrerequisiteNotMet_Long,Please finish signing in to your account before connecting to online play.
ST_YetiAuthMessages,MonsterAccountPlatformNotAuthenticated_Long,Please finish signing in to your platform before continuing.
ST_YetiAuthMessages,UserRegistryUnavailable_Short,Sign-in error
ST_YetiAuthMessages,UserNotRegistered_Short,Sign-in session not found
ST_YetiAuthMessages,AsyncActionContextInvalid_Long,Something went wrong starting sign-in. Please try again.
ST_YetiAuthMessages,UserRegistryUnavailable_Long,Something went wrong while signing you in. Please restart the game and try again.
ST_YetiAuthMessages,AutoCrossconnectNotLoggedIn_Short,Still connecting
ST_YetiAuthMessages,AutoCrossconnectNotLoggedIn_Long,Still connecting to online services. Please wait a moment and try again.
ST_YetiAuthMessages,PlatformPremiumSubscriptionRequired_Short,Subscription required
ST_YetiAuthMessages,MonsterAccountSessionUnexpectedResponse_Long,The account service returned an unexpected response. Please try again later.
ST_YetiAuthMessages,MonsterAccountSessionUnexpectedResponse_Short,Unexpected account service response
ST_YetiAuthMessages,MonsterAccountJwtDecodeFailed_Long,We could not complete your account sign-in. Please try again.
ST_YetiAuthMessages,NakamaLoginFailed_Long,We could not connect to online services. Please try again.
ST_YetiAuthMessages,EOSConnectLoginStartFailed_Long,We could not connect you to online services. Please try again.
ST_YetiAuthMessages,MonsterAccountCreateFailed_Long,We could not create your account. Please check your connection and try again.
ST_YetiAuthMessages,UserNotRegistered_Long,We could not find your sign-in session. Please sign in again.
ST_YetiAuthMessages,MonsterAccountSessionRequestFailed_Long,We could not reach the account service. Please check your connection and try again.
ST_YetiAuthMessages,EOSConnectLoginFailed_Long,We could not sign you in to online services. Please try again.
ST_YetiAuthMessages,PlatformCredentialsUnavailable_Long,We could not sign you in to your platform account. Please make sure you are signed in and try again.
ST_YetiAuthMessages,MonsterAccountTokenResolveFailed_Long,We could not verify your account with this platform. Please try again.
ST_YetiAuthMessages,MissingProductUserId_Long,We could not verify your online account. Please try again.
ST_YetiAuthMessages,OfflineModeEngaged_Long,You are currently offline. Online features are unavailable until your connection is restored.
ST_YetiAuthMessages,OfflineModeEngaged_Short,You are offline
ST_YetiAuthMessages,NetworkConnectionLost_Long,Your network connection was lost. Reconnecting...
ST_YetiEntitleMentMessages,Yeti.Error.Entitlements.AuthTokenMissing_Short,Account Services Unable to Initialize
ST_YetiEntitleMentMessages,Yeti.Error.Entitlements.AuthTokenMissing_Long,Account Services are unable to initialize. Please try again later.
ST_YetiEntitleMentMessages,EntitlementNotFound_Short,Content not found
ST_YetiEntitleMentMessages,AddRejected_Short,Content not granted
ST_YetiEntitleMentMessages,NotConfigured_Long,Content service is not configured. Please contact support.
ST_YetiEntitleMentMessages,NotConfigured_Short,Content service not configured
ST_YetiEntitleMentMessages,AddFailed_Short,Could not add content
ST_YetiEntitleMentMessages,QueryFailed_Short,Could not load content
ST_YetiEntitleMentMessages,QueryFailed_Long,Could not load your content. Check your connection and try again.
ST_YetiEntitleMentMessages,QueryResponseParseFailed_Short,Could not read content list
ST_YetiEntitleMentMessages,QueryResponseParseFailed_Long,Could not read your content list. Please try again shortly.
ST_YetiEntitleMentMessages,AddRequestStartFailed_Short,Could not start granting content
ST_YetiEntitleMentMessages,AddRequestStartFailed_Long,Could not start granting your content. Please try again.
ST_YetiEntitleMentMessages,QueryRequestStartFailed_Short,Could not start loading content
ST_YetiEntitleMentMessages,QueryRequestStartFailed_Long,Could not start loading your content. Please try again.
ST_YetiEntitleMentMessages,AuthTokenMissing_Long,Please sign in again to manage your content.
ST_YetiEntitleMentMessages,UserRegistryUnavailable_Short,Profile not ready
ST_YetiEntitleMentMessages,AuthTokenMissing_Short,Sign in again
ST_YetiEntitleMentMessages,AuthUnavailable_Long,Sign-in service is unavailable right now. Please try again later.
ST_YetiEntitleMentMessages,AuthUnavailable_Short,Sign-in unavailable
ST_YetiEntitleMentMessages,ParseEntryInvalid_Short,Some content not loaded
ST_YetiEntitleMentMessages,ParseEntryInvalid_Long,Some of your content could not be loaded. Showing your last known content.
ST_YetiEntitleMentMessages,WorldContextInvalid_Short,Something went wrong
ST_YetiEntitleMentMessages,WorldContextInvalid_Long,Something went wrong. Please restart and try again.
ST_YetiEntitleMentMessages,AddRejected_Long,That content could not be granted. Please contact support.
ST_YetiEntitleMentMessages,AddFailed_Long,We could not add your content. Please try again.
ST_YetiEntitleMentMessages,EntitlementNotFound_Long,We could not find that content. Try refreshing your content list.
ST_YetiEntitleMentMessages,UserRegistryUnavailable_Long,Your profile is not ready yet. Please try again in a moment.
ST_YetiErrorDialogHeaders,Header_Entitlements,Account Services
ST_YetiErrorDialogHeaders,Header_Storage,Cloud Services
ST_YetiErrorDialogHeaders,Header_Multiplayer,Connectivity Services
ST_YetiErrorDialogHeaders,Header_Activitities,Game Activities Service
ST_YetiErrorDialogHeaders,Header_LocalStorage,Local Storage
ST_YetiErrorDialogHeaders,Header_Auth,Login Services
ST_YetiErrorDialogHeaders,Header_Social,Social Services
ST_YetiMultiplayerMessages,JoinAlreadyInProgress_Long,A join is already in progress. Please wait.
ST_YetiMultiplayerMessages,InvalidUserId_Short,Account signing in
ST_YetiMultiplayerMessages,AsyncPreflightFailed_Short,Action could not start
ST_YetiMultiplayerMessages,NetworkFailure_Short,Connection lost
ST_YetiMultiplayerMessages,OnSessionJoinedSubsystemLost_Short,Connection lost while joining
ST_YetiMultiplayerMessages,SetJoinabilityFailed_Short,Could not change joinability
ST_YetiMultiplayerMessages,SetJoinabilityFailed_Long,Could not change who can join the session. Please try again.
ST_YetiMultiplayerMessages,TravelConnectStringFailed_Short,Could not connect to host
ST_YetiMultiplayerMessages,JoinNoEOSIdentity_Short,Could not connect to online play
ST_YetiMultiplayerMessages,JoinNoEOSIdentity_Long,Could not connect to online play services. Please try again.
ST_YetiMultiplayerMessages,TravelConnectStringFailed_Long,Could not connect to the host. Please try again.
ST_YetiMultiplayerMessages,VoiceLobbyJoinFailed_Short,Could not connect to voice
ST_YetiMultiplayerMessages,VoiceLobbyJoinFailed_Long,Could not connect to voice chat. Please try again.
ST_YetiMultiplayerMessages,MatchmakingSessionCreateFailed_Long,Could not create a match session. Please try again.
ST_YetiMultiplayerMessages,MatchmakingSessionCreateFailed_Short,Could not create match session
ST_YetiMultiplayerMessages,CreateSessionFailed_Short,Could not create session
ST_YetiMultiplayerMessages,CreateSessionFailed_Long,Could not create the session. Please try again.
ST_YetiMultiplayerMessages,MatchmakingAllJoinsFailed_Short,Could not join a match
ST_YetiMultiplayerMessages,MatchmakingAllJoinsFailed_Long,Could not join any available match. Please try again.
ST_YetiMultiplayerMessages,InviteJoinFailed_Short,Could not join from invite
ST_YetiMultiplayerMessages,InviteJoinFailed_Long,Could not join from the invite. The session may no longer be available.
ST_YetiMultiplayerMessages,JoinSessionFailed_Long,Could not join the session. It may be full or no longer available.
ST_YetiMultiplayerMessages,KickFailed_Short,Could not remove player
ST_YetiMultiplayerMessages,KickFailed_Long,Could not remove that player from the session.
ST_YetiMultiplayerMessages,LeaveNoWorld_Short,Could not return to menu
ST_YetiMultiplayerMessages,LeaveNoReturnMap_Long,Could not return to the menu - no return map is configured.
ST_YetiMultiplayerMessages,LeaveNoWorld_Long,Could not return to the menu.
ST_YetiMultiplayerMessages,SearchFailed_Long,Could not search for sessions. Please try again.
ST_YetiMultiplayerMessages,SearchFailed_Short,Could not search sessions
ST_YetiMultiplayerMessages,CreateSessionNullConfig_Long,Could not start hosting because the session setup was missing.
ST_YetiMultiplayerMessages,StartSessionFailed_Short,Could not start match
ST_YetiMultiplayerMessages,StartSessionFailed_Long,Could not start the match. Please try again.
ST_YetiMultiplayerMessages,AsyncPreflightFailed_Long,Could not start the online action. Please try again.
ST_YetiMultiplayerMessages,TravelNoWorld_Short,Could not start travel
ST_YetiMultiplayerMessages,TravelNoWorld_Long,Could not start travel to the session.
ST_YetiMultiplayerMessages,VoiceStartCallFailed_Short,Could not start voice chat
ST_YetiMultiplayerMessages,VoiceStartCallFailed_Long,Could not start voice chat. Please try again.
ST_YetiMultiplayerMessages,RefreshHostNameFailed_Short,Could not update host name
ST_YetiMultiplayerMessages,PublishMemberInfoFailed_Short,Could not update player info
ST_YetiMultiplayerMessages,RefreshHostNameFailed_Long,Could not update the host name shown to other players.
ST_YetiMultiplayerMessages,PublishMemberInfoFailed_Long,Could not update your player info in the session.
ST_YetiMultiplayerMessages,IdentityInterfaceInvalid_Short,Could not verify account
ST_YetiMultiplayerMessages,IdentityInterfaceInvalid_Long,Could not verify your account. Please sign in and try again.
ST_YetiMultiplayerMessages,JoinCrossplayDisabled_Short,Crossplay required
ST_YetiMultiplayerMessages,EmptySessionId_Short,Enter a session ID
ST_YetiMultiplayerMessages,JoinRejectedNotJoinable_Short,Game not open to join
ST_YetiMultiplayerMessages,HostDisconnected_Short,Host disconnected
ST_YetiMultiplayerMessages,InvalidLobbyCode_Short,Invalid lobby code
ST_YetiMultiplayerMessages,CreateSessionInvalidConfig_Short,Invalid session settings
ST_YetiMultiplayerMessages,JoinAlreadyInProgress_Short,Join in progress
ST_YetiMultiplayerMessages,LeaveAlreadyInProgress_Short,Leave in progress
ST_YetiMultiplayerMessages,LeaveTravelTimeout_Long,Leaving the session is taking longer than expected.
ST_YetiMultiplayerMessages,LeaveTravelTimeout_Short,Leaving timed out
ST_YetiMultiplayerMessages,InvalidLobbyCode_Long,Lobby code {Code} is not valid. Check it and try again.
ST_YetiMultiplayerMessages,JoinRejectedLobbyFull_Short,Lobby full
ST_YetiMultiplayerMessages,OnSessionJoinedSubsystemLost_Long,Lost connection to online services while joining. Please try again.
ST_YetiMultiplayerMessages,NetworkFailure_Long,Lost connection to the session.
ST_YetiMultiplayerMessages,MatchmakingInternalError_Long,Matchmaking could not start. Please try again.
ST_YetiMultiplayerMessages,MatchmakingInternalError_Short,Matchmaking error
ST_YetiMultiplayerMessages,MatchmakingNetworkError_Short,Matchmaking network error
ST_YetiMultiplayerMessages,MatchmakingTimeout_Short,Matchmaking timed out
ST_YetiMultiplayerMessages,MatchmakingTimeout_Long,Matchmaking timed out. Please try again.
ST_YetiMultiplayerMessages,MatchmakingNetworkError_Long,Matchmaking was interrupted. Please try again.
ST_YetiMultiplayerMessages,QuickPlayNoSessions_Short,No games found
ST_YetiMultiplayerMessages,QuickPlayNoSessions_Long,No games were found to join. Try again or host your own.
ST_YetiMultiplayerMessages,CreateSessionNoPlayer_Short,No local player
ST_YetiMultiplayerMessages,CreateSessionNoPlayer_Long,No local player was available to host the session.
ST_YetiMultiplayerMessages,MatchmakingNoSessionsFound_Short,No matches found
ST_YetiMultiplayerMessages,MatchmakingNoSessionsFound_Long,No matches were found. Please try again.
ST_YetiMultiplayerMessages,LeaveNoReturnMap_Short,No return map
ST_YetiMultiplayerMessages,JoinNoSessionSelected_Short,No session selected
ST_YetiMultiplayerMessages,TravelNoPendingURL_Short,No session to travel to
ST_YetiMultiplayerMessages,SessionByIdNotFound_Long,No session was found with that ID.
ST_YetiMultiplayerMessages,JoinNoSessionSelected_Long,No session was selected to join.
ST_YetiMultiplayerMessages,CreateSessionNotAuthenticated_Short,Not signed in
ST_YetiMultiplayerMessages,SessionInterfaceInvalid_Long,Online services are not ready yet. Please try again in a moment.
ST_YetiMultiplayerMessages,OnlineSubsystemUnavailable_Long,Online services are temporarily unavailable. Please try again later.
ST_YetiMultiplayerMessages,SessionInterfaceInvalid_Short,Online services not ready
ST_YetiMultiplayerMessages,OnlineSubsystemUnavailable_Short,Online services unavailable
ST_YetiMultiplayerMessages,EmptySessionId_Long,Please enter a session ID.
ST_YetiMultiplayerMessages,KickedFromSession_Short,Removed from session
ST_YetiMultiplayerMessages,SessionByIdNotFound_Short,Session not found
ST_YetiMultiplayerMessages,CreateSessionNullConfig_Short,Session setup missing
ST_YetiMultiplayerMessages,AttributeSessionNotFound_Short,Session unavailable
ST_YetiMultiplayerMessages,VoiceAuthRequired_Short,Sign in for voice chat
ST_YetiMultiplayerMessages,VoiceAuthRequired_Long,Sign in to Discord to use voice chat.
ST_YetiMultiplayerMessages,AttributeSessionNotFound_Long,That session is no longer available.
ST_YetiMultiplayerMessages,JoinRejectedLobbyFull_Long,The game lobby is currently full. Please try again later. 
ST_YetiMultiplayerMessages,HostDisconnected_Long,The host has left and the session has ended.
ST_YetiMultiplayerMessages,CreateSessionInvalidConfig_Long,The session settings are invalid and could not be used.
ST_YetiMultiplayerMessages,TravelNoPendingURL_Long,There is no session to travel to.
ST_YetiMultiplayerMessages,JoinRejectedNotJoinable_Long,This game is not currently open to join. Please try again later.
ST_YetiMultiplayerMessages,JoinCrossplayDisabled_Long,"This session requires crossplay, which is turned off. Enable crossplay to join."
ST_YetiMultiplayerMessages,JoinSessionFailed_Short,Unable to join. Try again later.
ST_YetiMultiplayerMessages,VoiceAuthNotConfigured_Long,Voice chat is not configured.
ST_YetiMultiplayerMessages,VoiceSubsystemUnavailable_Long,Voice chat is unavailable.
ST_YetiMultiplayerMessages,VoiceSubsystemUnavailable_Short,Voice chat unavailable
ST_YetiMultiplayerMessages,VoiceAuthNotConfigured_Short,Voice not configured
ST_YetiMultiplayerMessages,LeaveAlreadyInProgress_Long,You are already leaving the session.
ST_YetiMultiplayerMessages,CreateSessionNotAuthenticated_Long,You are not signed in to your platform account. Sign in and try again.
ST_YetiMultiplayerMessages,KickedFromSession_Long,You have been removed from the session by the host.
ST_YetiMultiplayerMessages,InvalidUserId_Long,Your account is still signing in. Please wait a moment and try again.
ST_YetiMultiplayerMessages,MemberJoined,{PlayerName} joined the lobby.
ST_YetiMultiplayerMessages,MemberLeft,{PlayerName} left the lobby.
ST_YetiSocialMessages,PresenceParseFailed_Long,A friend's status update could not be read.
ST_YetiSocialMessages,SessionMemberUnresolved_Long,A player in your session is still loading.
ST_YetiSocialMessages,DirectJoinDependencyUnavailable_Short,Cannot join now
ST_YetiSocialMessages,DirectJoinDependencyUnavailable_Long,Cannot join right now - please restart the game and try again.
ST_YetiSocialMessages,OnlineSubsystemUnavailable_Long,Cannot reach your platform's online service right now. Please try again later.
ST_YetiSocialMessages,AvatarDownloadFailed_Long,Could not load a friend's profile picture.
ST_YetiSocialMessages,FriendsListReadFailed_Short,Could not load friends list
ST_YetiSocialMessages,AvatarDownloadFailed_Short,Could not load profile picture
ST_YetiSocialMessages,FriendsListReadFailed_Long,Could not load your friends list - try again in a moment.
ST_YetiSocialMessages,PresenceParseFailed_Short,Could not read status update
ST_YetiSocialMessages,GetFriendsRequestFailed_Short,Could not refresh friends
ST_YetiSocialMessages,GetFriendsRequestFailed_Long,Could not refresh your cross-platform friends - try again shortly.
ST_YetiSocialMessages,RemoveFriendRequestFailed_Short,Could not remove friend
ST_YetiSocialMessages,RemoveFriendRequestFailed_Long,Could not remove that friend - please try again.
ST_YetiSocialMessages,AddFriendRequestFailed_Short,Could not send friend request
ST_YetiSocialMessages,SendInviteFailed_Short,Could not send invite
ST_YetiSocialMessages,SendInviteFailed_Long,Could not send the invite - please try again.
ST_YetiSocialMessages,AddFriendRequestFailed_Long,Could not send your friend request - please try again.
ST_YetiSocialMessages,NakamaLoginFailed_Short,Could not sign in to social
ST_YetiSocialMessages,NakamaLoginFailed_Long,Could not sign in to social services - your friends list is unavailable.
ST_YetiSocialMessages,PresenceFetchFailed_Long,Could not update a friend's online status - retrying shortly.
ST_YetiSocialMessages,PresenceFetchFailed_Short,Could not update friend status
ST_YetiSocialMessages,PresenceSyncFailed_Long,Could not update your online status for friends - will retry.
ST_YetiSocialMessages,PresenceSyncFailed_Short,Could not update your status
ST_YetiSocialMessages,DirectJoinNotEosAuthed_Short,Enable cross-play to join
ST_YetiSocialMessages,SendInviteNoEosId_Short,Friend cannot be invited
ST_YetiSocialMessages,TargetFriendInvalid_Short,Friend no longer available
ST_YetiSocialMessages,FriendNotInRegistry_Short,Friend not found
ST_YetiSocialMessages,InvalidFriendIdentifier_Short,Friend operation failed
ST_YetiSocialMessages,DirectJoinNotJoinable_Short,Friend's game not joinable
ST_YetiSocialMessages,FriendRegistryUnavailable_Long,Friends features are unavailable right now - please restart the game.
ST_YetiSocialMessages,FriendRegistryUnavailable_Short,Friends features unavailable
ST_YetiSocialMessages,FriendsListPlayerControllerMissing_Long,Friends list is still loading - please wait a moment.
ST_YetiSocialMessages,FriendsListPlayerControllerMissing_Short,Friends list loading
ST_YetiSocialMessages,RegistryEmpty_Short,Friends list not loaded
ST_YetiSocialMessages,FriendsInterfaceUnavailable_Short,Friends list unavailable
ST_YetiSocialMessages,MissingNakamaId_Short,No MonsterAccount for this player
ST_YetiSocialMessages,OnlineSubsystemUnavailable_Short,Online service unreachable
ST_YetiSocialMessages,SessionMemberUnresolved_Short,Player still loading
ST_YetiSocialMessages,GetFriendsResponseParseFailed_Long,Received an unexpected response while loading friends - try again shortly.
ST_YetiSocialMessages,NakamaNotAuthenticated_Short,Reconnecting to social
ST_YetiSocialMessages,DirectJoinCrossplayMismatch_Short,Session not cross-play
ST_YetiSocialMessages,LocalUserMissing_Short,Sign in for social features
ST_YetiSocialMessages,AuthSubsystemUnavailable_Long,Social features are unavailable right now - please restart the game.
ST_YetiSocialMessages,UserRegistryUnavailable_Long,Social features are unavailable right now - please restart the game.
ST_YetiSocialMessages,AuthSubsystemUnavailable_Short,Social features unavailable
ST_YetiSocialMessages,UserRegistryUnavailable_Short,Social features unavailable
ST_YetiSocialMessages,NakamaNotAuthenticated_Long,Social services are not connected yet - reconnecting to your account.
ST_YetiSocialMessages,ConfigUnavailable_Long,Social services could not start due to a configuration problem.
ST_YetiSocialMessages,ConfigUnavailable_Short,Social services error
ST_YetiSocialMessages,MonsterFriendNotInRegistry_Long,Some friends could not be matched and were skipped.
ST_YetiSocialMessages,MonsterFriendNotInRegistry_Short,Some friends skipped
ST_YetiSocialMessages,InvalidFriendIdentifier_Long,Something went wrong with a friend operation - please try again.
ST_YetiSocialMessages,FriendNotInRegistry_Long,That friend could not be found - please refresh your friends list.
ST_YetiSocialMessages,TargetFriendInvalid_Long,That friend is no longer available - please refresh and try again.
ST_YetiSocialMessages,SendInviteNoEosId_Long,This friend cannot be invited right now - they may not be online in a cross-play session.
ST_YetiSocialMessages,DirectJoinNotJoinable_Long,This friend's game is not open to join right now.
ST_YetiSocialMessages,DirectJoinCrossplayMismatch_Long,"This friend's session is not cross-play, so you can't join it."
ST_YetiSocialMessages,MissingNakamaId_Long,"This player does not have a MonsterAccount, so you cannot add them as a cross-platform friend."
ST_YetiSocialMessages,GetFriendsResponseParseFailed_Short,Unexpected friends response
ST_YetiSocialMessages,DirectJoinNotEosAuthed_Long,You must enable cross-play to join this friend's session.
ST_YetiSocialMessages,LocalUserMissing_Long,You need to be signed in to use social features.
ST_YetiSocialMessages,RegistryEmpty_Long,Your friends list has not loaded yet - please wait and try again.
ST_YetiSocialMessages,FriendsInterfaceUnavailable_Long,Your platform's friends list is not available in this session.
ST_YetiStorageMessages,LocalSaveConflict_Long,A local save already exists - choose whether to overwrite it with the cloud save.
ST_YetiStorageMessages,RegistryUnavailable_Short,Account services unavailable
ST_YetiStorageMessages,SaveDeserializeFailed_Short,Cloud save unreadable
ST_YetiStorageMessages,CloudSavesDisabled_Long,Cloud saves are turned off for this title.
ST_YetiStorageMessages,CloudSavesDisabled_Short,Cloud saves off
ST_YetiStorageMessages,MissingNakamaToken_Short,Cloud session expired
ST_YetiStorageMessages,SessionExpired_Short,Cloud session expired
ST_YetiStorageMessages,ConfigUnavailable_Long,Cloud storage could not start up correctly.
ST_YetiStorageMessages,ConfigUnavailable_Short,Cloud storage error
ST_YetiStorageMessages,RequestSetupFailed_Long,Cloud storage is not configured correctly.
ST_YetiStorageMessages,RequestSetupFailed_Short,Cloud storage misconfigured
ST_YetiStorageMessages,DeleteResponseInvalid_Short,Could not delete cloud save
ST_YetiStorageMessages,DeleteResponseInvalid_Long,Could not delete the cloud save - please try again.
ST_YetiStorageMessages,PayloadParseFailed_Short,Could not prepare save
ST_YetiStorageMessages,SaveSerializeFailed_Short,Could not prepare save
ST_YetiStorageMessages,DownloadResponseInvalid_Short,Could not reach cloud storage
ST_YetiStorageMessages,DownloadResponseInvalid_Long,Could not reach cloud storage - check your connection and try again.
ST_YetiStorageMessages,LocalLoadFailed_Short,Could not read local save
ST_YetiStorageMessages,LocalLoadFailed_Long,Could not read the local save data.
ST_YetiStorageMessages,LocalSlotWriteFailed_Short,Could not write save locally
ST_YetiStorageMessages,LocalSlotWriteFailed_Long,Could not write the downloaded save to local storage - check available space.
ST_YetiStorageMessages,CannotMakeNewSlotStorageFull_Long,Failed to create new save game as not enough storage space exists
ST_YetiStorageMessages,LocalSaveConflict_Short,Local save conflict
ST_YetiStorageMessages,UserNotFound_Short,No player found
ST_YetiStorageMessages,UserNotFound_Long,No signed-in player was found for this save operation.
ST_YetiStorageMessages,CannotMakeNewSlotStorageFull_Short,No space for new save game
ST_YetiStorageMessages,RegistryUnavailable_Long,Player account services are not available right now.
ST_YetiStorageMessages,AsyncContextUnavailable_Short,Save could not start
ST_YetiStorageMessages,UploadResponseInvalid_Short,Save upload failed
ST_YetiStorageMessages,AuthSubsystemUnavailable_Long,Sign-in services are not available right now.
ST_YetiStorageMessages,AuthSubsystemUnavailable_Short,Sign-in services unavailable
ST_YetiStorageMessages,AsyncContextUnavailable_Long,The save operation could not start in the current game context.
ST_YetiStorageMessages,SaveDeserializeFailed_Long,Your cloud save could not be read - it may be corrupted or from a different version.
ST_YetiStorageMessages,MissingNakamaToken_Long,Your cloud session has expired - please sign in again to sync saves.
ST_YetiStorageMessages,SessionExpired_Long,Your cloud session has expired - reconnecting.
ST_YetiStorageMessages,PayloadParseFailed_Long,Your save could not be prepared for upload.
ST_YetiStorageMessages,SaveSerializeFailed_Long,Your save could not be prepared for upload.
ST_YetiStorageMessages,UploadResponseInvalid_Long,Your save could not be uploaded to the cloud - it will retry.
Verbals/VC_VerbalsNME_Boss_Felwyl_TA,FF883ED64805F67EE8256985DD2363F7_cue_2,Aether Spawn!
Verbals/VC_VerbalsNME_Boss_Felwyl_TA,E42C4E2B428B5695C40F4C88DFDA0643,Amusing display.
Verbals/VC_VerbalsNME_Boss_Felwyl_TA,BB903E074A3150B061122DAF5FE87221,But you...
Verbals/VC_VerbalsNME_Boss_Felwyl_TA,99A103774A0EFE6AF61BDAB86269BEB0_cue_0,"Every foe fell by your blade,"
Verbals/VC_VerbalsNME_Boss_Felwyl_TA,99A103774A0EFE6AF61BDAB86269BEB0,"Every foe fell by your blade, courses through my veins."
Verbals/VC_VerbalsNME_Boss_Felwyl_TA,BB4576814797B318974986AF0650582F,I accept your sacrifice.
Verbals/VC_VerbalsNME_Boss_Felwyl_TA,55AB667E4124314FAACDCEAEDC1D3612,"I wield the dead gods, you've no hope against me!"
Verbals/VC_VerbalsNME_Boss_Felwyl_TA,A9225F9D4732B0AF49146B85F5328951,I’ll seal that coffin of yours beneath a forest of flesh and bone.
Verbals/VC_VerbalsNME_Boss_Felwyl_TA,FF883ED64805F67EE8256985DD2363F7_cue_1,"Join the Garden,"
Verbals/VC_VerbalsNME_Boss_Felwyl_TA,CE24F61B4C1859F9BDF0259323A1A381,"Kneel Nephilim, before the new Lord of Akyreon!"
Verbals/VC_VerbalsNME_Boss_Felwyl_TA,6EA6BF3F499C6FE4CEA11CB76FF31EE0,Let the Red Bloom take you.
Verbals/VC_VerbalsNME_Boss_Felwyl_TA,D228774F497326B0319E87A8846EDBC0,"Let the madness take you, Nephilim."
Verbals/VC_VerbalsNME_Boss_Felwyl_TA,BD4450BE4D5A38F4C35122A0BE1B1544,More viscera for the Bloom. Give in!
Verbals/VC_VerbalsNME_Boss_Felwyl_TA,DF86F0814E15A03A8C57198A15B6BFC1_cue_2,Now carrion for the Garden.
Verbals/VC_VerbalsNME_Boss_Felwyl_TA,4AD9C45447ABFBD62FB69783818BCB3D,Persistent as always.
Verbals/VC_VerbalsNME_Boss_Felwyl_TA,01264126471FFA52D3DE3BB0DDF6BBE9,Securing MY victory Solomon!
Verbals/VC_VerbalsNME_Boss_Felwyl_TA,34E68BFB4F4EB0722F55349F0DBCCFD6_cue_0,"Solomon will have to forgive me,"
Verbals/VC_VerbalsNME_Boss_Felwyl_TA,34E68BFB4F4EB0722F55349F0DBCCFD6,"Solomon will have to forgive me, but I can wait no longer."
Verbals/VC_VerbalsNME_Boss_Felwyl_TA,178A0F7143EF8EFEB1E8CE98476C62AA,The Eye of the Abyss... is mine... to behold.
Verbals/VC_VerbalsNME_Boss_Felwyl_TA,3171186847723F99C52B1B8EEDD4FF4F,The Garden beckons.
Verbals/VC_VerbalsNME_Boss_Felwyl_TA,DF86F0814E15A03A8C57198A15B6BFC1_cue_0,"The city, Mathias,"
Verbals/VC_VerbalsNME_Boss_Felwyl_TA,DF86F0814E15A03A8C57198A15B6BFC1,"The city, Mathias, the Egregore, myself. Now carrion for the Garden."
Verbals/VC_VerbalsNME_Boss_Felwyl_TA,E6091C534E22BBA387B2ADA5B3BD00AE,"The power of the dead gods, are mine to wield."
Verbals/VC_VerbalsNME_Boss_Felwyl_TA,AEDEAB954E8801BA5EC9729C3EEA0E24_cue_0,"The souls of the Fallen,"
Verbals/VC_VerbalsNME_Boss_Felwyl_TA,AEDEAB954E8801BA5EC9729C3EEA0E24,"The souls of the Fallen, are prisoners within my mind."
Verbals/VC_VerbalsNME_Boss_Felwyl_TA,219E740D499D29549673E5A93D3C5CAE,This again?
Verbals/VC_VerbalsNME_Boss_Felwyl_TA,5D46C82646B4DA0BEDD46E9BEC6E9AAF,This should be good.
Verbals/VC_VerbalsNME_Boss_Felwyl_TA,5DEE675842BAEC2518FE33BC539634C2_cue_0,"Viscera,"
Verbals/VC_VerbalsNME_Boss_Felwyl_TA,5DEE675842BAEC2518FE33BC539634C2,"Viscera, fertile ground for the Legion’s occupation and my ascension"
Verbals/VC_VerbalsNME_Boss_Felwyl_TA,FF883ED64805F67EE8256985DD2363F7_cue_0,You are weary of this world.
Verbals/VC_VerbalsNME_Boss_Felwyl_TA,FF883ED64805F67EE8256985DD2363F7,"You are weary of this world. Join the Garden, Aether Spawn!"
Verbals/VC_VerbalsNME_Boss_Felwyl_TA,526152A34C4E6EAA4B264FA5B2328059,"You will be worn, its only a matter of time."
Verbals/VC_VerbalsNME_Boss_Felwyl_TA,46BE58E4463367BFAE2BB99E0BD897AE,You're nothing without your angel!
Verbals/VC_VerbalsNME_Boss_Felwyl_TA,2216005F41AD173E54D4D48E310A97B8,Your brothers await you in the garden.
Verbals/VC_VerbalsNME_Boss_Felwyl_TA,304A6B954B405319DB89F6BA18A4A95A,"Your coffin calls, Nephilim."
Verbals/VC_VerbalsNME_Boss_Felwyl_TA,D4D11A4B4A11FCD323D163B8EB35048A,Your soul shall make a fine addition to my Garden.
Verbals/VC_VerbalsNME_Boss_Felwyl_TA,1578F69444C2F73C00B4C994509DD4D4,You’ve done well by me Nephilim.
Verbals/VC_VerbalsNME_Boss_Felwyl_TA,64A56F274DBF293C5A6242AE2D7FF29F_cue_1,and thus deviation is...
Verbals/VC_VerbalsNME_Boss_Felwyl_TA,AEDEAB954E8801BA5EC9729C3EEA0E24_cue_1,are prisoners within my mind.
Verbals/VC_VerbalsNME_Boss_Felwyl_TA,34E68BFB4F4EB0722F55349F0DBCCFD6_cue_1,but I can wait no longer.
Verbals/VC_VerbalsNME_Boss_Felwyl_TA,99A103774A0EFE6AF61BDAB86269BEB0_cue_1,courses through my veins.
Verbals/VC_VerbalsNME_Boss_Felwyl_TA,5DEE675842BAEC2518FE33BC539634C2_cue_1,fertile ground for the Legion’s occupation and my ascension
Verbals/VC_VerbalsNME_Boss_Felwyl_TA,64A56F274DBF293C5A6242AE2D7FF29F_cue_2,necessary.
Verbals/VC_VerbalsNME_Boss_Felwyl_TA,DF86F0814E15A03A8C57198A15B6BFC1_cue_1,"the Egregore, myself."
Verbals/VC_VerbalsNME_Boss_Felwyl_TA,64A56F274DBF293C5A6242AE2D7FF29F_cue_0,"were stronger than we could have anticipated,"
Verbals/VC_VerbalsNME_Boss_Felwyl_TA,64A56F274DBF293C5A6242AE2D7FF29F,"were stronger than we could have anticipated, and thus deviation is... necessary."
Verbals/VC_VerbalsNME_Boss_Felwyl_TW,992DA38A45FC2196A05733A034B93F54,"Ahh, from annals of legend itself."
Verbals/VC_VerbalsNME_Boss_Felwyl_TW,3BD411524D23077023237F8F8E25455F,Alas your journey ends here aether-spawn.
Verbals/VC_VerbalsNME_Boss_Felwyl_TW,753ED99242957E14D870A48467CDB6DB,And like all stories. come to an end.
Verbals/VC_VerbalsNME_Boss_Felwyl_TW,693FE7134A3D7AA10BEC7F9B7AD5EB30,And now the hound is lost in the Garden.
Verbals/VC_VerbalsNME_Boss_Felwyl_TW,74C69D2348CE64D9393A988154FA2AB0,Hmph. You don't give up easily.
Verbals/VC_VerbalsNME_Boss_Felwyl_TW,56977C20415F69CA9296BA8C7085B68F_cue_0,I’ll seal that coffin of yours beneath a forest of
Verbals/VC_VerbalsNME_Boss_Felwyl_TW,56977C20415F69CA9296BA8C7085B68F,I’ll seal that coffin of yours beneath a forest of flesh and bone.
Verbals/VC_VerbalsNME_Boss_Felwyl_TW,2C8BC1844BA6F04898F83182B13270A1,Let the Red Bloom take you.
Verbals/VC_VerbalsNME_Boss_Felwyl_TW,6AA4A97543665C66CFF442ADCC255E11,"Stop this, allow me to put you out of your misery."
Verbals/VC_VerbalsNME_Boss_Felwyl_TW,328B247E43A5659AB33A138449FF4E6E_cue_1,That one of the Church’s hounds yet persists in
Verbals/VC_VerbalsNME_Boss_Felwyl_TW,C5B026AD4DEAA65563B5FA8924E0FC61,The Garden beckons.
Verbals/VC_VerbalsNME_Boss_Felwyl_TW,328B247E43A5659AB33A138449FF4E6E_cue_0,The Garden’s vines foretold your arrival.
Verbals/VC_VerbalsNME_Boss_Felwyl_TW,328B247E43A5659AB33A138449FF4E6E,The Garden’s vines foretold your arrival. That one of the Church’s hounds yet persists in this stirring city.
Verbals/VC_VerbalsNME_Boss_Felwyl_TW,9BDAFE224800F54FBE3C45A8D68B0EC9,"The bloom calls to you, Nephilim."
Verbals/VC_VerbalsNME_Boss_Felwyl_TW,901CBC4D4EBF38256AA63B9100A22B6C,"You vanquish a shell, nothing more."
Verbals/VC_VerbalsNME_Boss_Felwyl_TW,3925105F449FCF6517E207AAB319B0EC,"Your coffin calls, Nephilim."
Verbals/VC_VerbalsNME_Boss_Felwyl_TW,56977C20415F69CA9296BA8C7085B68F_cue_1,flesh and bone.
Verbals/VC_VerbalsNME_Boss_Felwyl_TW,328B247E43A5659AB33A138449FF4E6E_cue_2,this stirring city.
Verbals/VC_VerbalsNME_Boss_Mahkteah,6010BF7041C5ED4B8D6A5AB65CFF84BA,A Child of Luderaeon true.
Verbals/VC_VerbalsNME_Boss_Mahkteah,B3224116492AAA158AA27B98D39FF010,"Am I outpacing you, Nephilim?!"
Verbals/VC_VerbalsNME_Boss_Mahkteah,2E897B9C459502F322767C8A67E73CA9,Back into the fight.
Verbals/VC_VerbalsNME_Boss_Mahkteah,19BA3A174AEAFDC20E8B81A9FFCF70A0,"Face me, advocate of man."
Verbals/VC_VerbalsNME_Boss_Mahkteah,4024900D4E722B609D09B09003ACD67F,Fate's unwitting harbinger. Approaches at last.
Verbals/VC_VerbalsNME_Boss_Mahkteah,276F2C1640EAF60090FB098707F3D5E9,Get off your knees welp.
Verbals/VC_VerbalsNME_Boss_Mahkteah,A96447604CA1A1528EFB1D8C3EC5EADB,"Good, I was afraid that's all you had in you."
Verbals/VC_VerbalsNME_Boss_Mahkteah,54A10C294CA5BB62F8DF6F8063B13D44,Haha! Vulnerable once more!
Verbals/VC_VerbalsNME_Boss_Mahkteah,2CA0399F4D4F58A16E05E4BBDBD5600B,"Honor my domain, in victory or death!"
Verbals/VC_VerbalsNME_Boss_Mahkteah,28F0AFD341E8E09BEA1FD5AA09D45925,Legend... I think not.
Verbals/VC_VerbalsNME_Boss_Mahkteah,CAE652E84B4DAD68354370970AAE86B0,Like a brilliant flame your fury is gone.
Verbals/VC_VerbalsNME_Boss_Mahkteah,72121ECF48F526BDD06BF0842AEA0613,Man nor Angel cannot withstand the tide of war.
Verbals/VC_VerbalsNME_Boss_Mahkteah,612375F24D38D5069A2BDDB4DE465783,Pathetic display.
Verbals/VC_VerbalsNME_Boss_Mahkteah,E85365ED41505105AF984E8C6CA13C14,"Prove your might, fight till your last dying breath!"
Verbals/VC_VerbalsNME_Boss_Mahkteah,166288A34EFD3627F8C1D382B466544E_cue_0,Shattered Coil or no.
Verbals/VC_VerbalsNME_Boss_Mahkteah,166288A34EFD3627F8C1D382B466544E,Shattered Coil or no. War's been the only constant in these long ages past.
Verbals/VC_VerbalsNME_Boss_Mahkteah,5345828640F9DDB51316AE86463B60DD,The advocate of man falls before me.
Verbals/VC_VerbalsNME_Boss_Mahkteah,DF49830D40487E6659C5EBBD8BF8486C_cue_0,The fabled power of the Nephilim!
Verbals/VC_VerbalsNME_Boss_Mahkteah,DF49830D40487E6659C5EBBD8BF8486C,The fabled power of the Nephilim! You honor me with this fight!
Verbals/VC_VerbalsNME_Boss_Mahkteah,DB84462D4CB0FD2B8416F79F5465ED26,The glorious blood of the Aeons... magnificent.
Verbals/VC_VerbalsNME_Boss_Mahkteah,C1E03ACA4C642BA6F50BDF87B0611242,This was amusing... while it lasted.
Verbals/VC_VerbalsNME_Boss_Mahkteah,166288A34EFD3627F8C1D382B466544E_cue_1,War's been the only constant in these long ages past.
Verbals/VC_VerbalsNME_Boss_Mahkteah,10643D4A498FDCE4EA0CD480C68EF1ED,Yes... Fight me! 
Verbals/VC_VerbalsNME_Boss_Mahkteah,6D562BE3428E0C91CA627F8C5BC70038,"You are not done, get up."
Verbals/VC_VerbalsNME_Boss_Mahkteah,8D9AAE19414416AA147D19959335EC35,You dishonor me with this pathetic display.
Verbals/VC_VerbalsNME_Boss_Mahkteah,DF49830D40487E6659C5EBBD8BF8486C_cue_1,You honor me with this fight!
Verbals/VC_VerbalsNPC_Angel_Male,401A22DD4C0F1EF1DBAF67BA9CCDEC97, Dragons? What curse has befallen this city?
Verbals/VC_VerbalsNPC_Angel_Male,CBE149804CE10E55327E90A31A5EC688_cue_1,"A blackened soul has returned to this realm,"
Verbals/VC_VerbalsNPC_Angel_Male,D68F14BD48A7DE5746B2549F18BDD44A,A demon of the Infernal Legion! Banish this fiend!
Verbals/VC_VerbalsNPC_Angel_Male,6865E8324BDE3E877898EF975D836F16_cue_0,A forest of flesh and bone has consumed the academy.
Verbals/VC_VerbalsNPC_Angel_Male,6865E8324BDE3E877898EF975D836F16,A forest of flesh and bone has consumed the academy. This is the realm's fate should we fail.
Verbals/VC_VerbalsNPC_Angel_Male,7DA43A1443F511E87F3A39BD855F8198_cue_1,A harrowing tragedy occured here.
Verbals/VC_VerbalsNPC_Angel_Male,F52DD4714725FBEA2204AA8D624768E1_cue_0,A history of torment and suffering are etched into these foundations.
Verbals/VC_VerbalsNPC_Angel_Male,F52DD4714725FBEA2204AA8D624768E1,"A history of torment and suffering are etched into these foundations. If you'd believe it, its only gotten worse."
Verbals/VC_VerbalsNPC_Angel_Male,5B10E1AB4C49E3E56FA4A3920C152BC6_cue_0,A member of the clergy remains in these halls.
Verbals/VC_VerbalsNPC_Angel_Male,5B10E1AB4C49E3E56FA4A3920C152BC6,A member of the clergy remains in these halls. His blood is tainted. Destroy him.
Verbals/VC_VerbalsNPC_Angel_Male,5CFC7DE54552F51A0BCB91B887DC71CC_cue_0,A vial of demon blood.
Verbals/VC_VerbalsNPC_Angel_Male,5CFC7DE54552F51A0BCB91B887DC71CC,A vial of demon blood. Better off not knowing why or how someone came in possession of it.
Verbals/VC_VerbalsNPC_Angel_Male,61057D5B461F09C7C27757A976564501_cue_0,A vile entity lies ahead.
Verbals/VC_VerbalsNPC_Angel_Male,61057D5B461F09C7C27757A976564501,A vile entity lies ahead. Another vessel for sure but there's something different about it.
Verbals/VC_VerbalsNPC_Angel_Male,1D0E26844C63271A16272299AF777C30,"According to that text, a cipher piece may dwell here."
Verbals/VC_VerbalsNPC_Angel_Male,A82317354C6FC162D14C519480047B91,And another one.
Verbals/VC_VerbalsNPC_Angel_Male,304B3CDD4CF6FDCE4FEDA586E829DD6C,Angelic fury is ready!
Verbals/VC_VerbalsNPC_Angel_Male,72B2254E47A0E447D551BDA40E508ED4_cue_0,Another cipher fragment.
Verbals/VC_VerbalsNPC_Angel_Male,72B2254E47A0E447D551BDA40E508ED4,Another cipher fragment. Still no telling what it will reveal yet.
Verbals/VC_VerbalsNPC_Angel_Male,4FDC7AE043903CBF752207B3659CD554_cue_1,Another failure of the Church.
Verbals/VC_VerbalsNPC_Angel_Male,E3923A6B4D1ACBE03007F5A5703BB715_cue_0,Another one of our fallen.
Verbals/VC_VerbalsNPC_Angel_Male,E3923A6B4D1ACBE03007F5A5703BB715,"Another one of our fallen. Their sword is blessed, retrieve it."
Verbals/VC_VerbalsNPC_Angel_Male,61057D5B461F09C7C27757A976564501_cue_1,Another vessel for sure 
Verbals/VC_VerbalsNPC_Angel_Male,44104238465FF6A7958E1F8E2270EBAF,Another vessel lies ahead. This one is... inteligent?
Verbals/VC_VerbalsNPC_Angel_Male,EC9905184264F4C3097B8DA8466131D1_cue_2,Approach sights of interest.
Verbals/VC_VerbalsNPC_Angel_Male,3BB44BDA496670978A66A59F977DB35B,Back at this accursed place.
Verbals/VC_VerbalsNPC_Angel_Male,E40C4BAC4049DC112CB058A87310083C,Bathed in blood and glory!
Verbals/VC_VerbalsNPC_Angel_Male,461ABF884752A354BF1749A4CF6A2C88_cue_1,Be vigiliant.
Verbals/VC_VerbalsNPC_Angel_Male,13155FB54D51B40F27AF078EA7E1AA74_cue_0,Be wary.
Verbals/VC_VerbalsNPC_Angel_Male,13155FB54D51B40F27AF078EA7E1AA74,Be wary. This rift lead to Infernus. Do not take on this challenge unless you're prepared.
Verbals/VC_VerbalsNPC_Angel_Male,215609164D5D03908DEEC2A7471AD6F2_cue_1,Beings of circumstance in service to the wills of forces greater?
Verbals/VC_VerbalsNPC_Angel_Male,689E6FC84A94E46570C36D98B33A59C4_cue_1,Best to search the area well.
Verbals/VC_VerbalsNPC_Angel_Male,5CFC7DE54552F51A0BCB91B887DC71CC_cue_1,Better off not knowing why or how someone came in possession of it.
Verbals/VC_VerbalsNPC_Angel_Male,BBBE20A841D60663F67323A336A567AA_cue_2,"Beware,"
Verbals/VC_VerbalsNPC_Angel_Male,E2D67EB948F0301705336E8BB882E4A0_cue_0,But my comrades.
Verbals/VC_VerbalsNPC_Angel_Male,E2D67EB948F0301705336E8BB882E4A0,But my comrades. Those before me and who fight by my side are just like me.
Verbals/VC_VerbalsNPC_Angel_Male,5F52944542D66D683A1A2BB1FFF0E3B7_cue_1,By the Divine. From humans.
Verbals/VC_VerbalsNPC_Angel_Male,C0F4082A4EAA83E9DA8C60876D2977F0,Call upon my power!
Verbals/VC_VerbalsNPC_Angel_Male,DABA3DC845D60CC148B0959FEBF34934,"Captain Rendaen is at the Cathedral, make haste!"
Verbals/VC_VerbalsNPC_Angel_Male,FEB9F2264431C073A74EDD84DAEC526D_cue_0,Clear your mind and refocus on our mission.
Verbals/VC_VerbalsNPC_Angel_Male,FEB9F2264431C073A74EDD84DAEC526D,Clear your mind and refocus on our mission. Tap into my insight and I shall direct you towards our goals.
Verbals/VC_VerbalsNPC_Angel_Male,B19D9F4148320F3C67CCEB9AAAD04F8E,Curious about what Mereda might think of all this.
Verbals/VC_VerbalsNPC_Angel_Male,B23646F042D82C5DE9D71C9DC91A3F26_cue_1,"Curious how Gajov knew it'd be here,"
Verbals/VC_VerbalsNPC_Angel_Male,28634B974A331F28F184E7AA10FEEDD1,Death is not the end.
Verbals/VC_VerbalsNPC_Angel_Male,EC9905184264F4C3097B8DA8466131D1_cue_0,Demons rarely indulge in such displays;
Verbals/VC_VerbalsNPC_Angel_Male,EC9905184264F4C3097B8DA8466131D1,Demons rarely indulge in such displays; this cruelty bears the mark of fearful men. Approach sights of interest. I'll seek counsel with the dead and share my wisdom.
Verbals/VC_VerbalsNPC_Angel_Male,5B10E1AB4C49E3E56FA4A3920C152BC6_cue_2,Destroy him.
Verbals/VC_VerbalsNPC_Angel_Male,AF469A6F4302E3D76540EA9DC0587541_cue_1,Did word beyond the chapter fail to reach them?
Verbals/VC_VerbalsNPC_Angel_Male,2E4FF3F34DB15B8CD15576B98D953985,Do not falter.
Verbals/VC_VerbalsNPC_Angel_Male,13155FB54D51B40F27AF078EA7E1AA74_cue_2,Do not take on this challenge unless you're prepared.
Verbals/VC_VerbalsNPC_Angel_Male,D15076C24AAE2249CEB2ABBF9C35CB0A_cue_0,Does power truly corrupt
Verbals/VC_VerbalsNPC_Angel_Male,D15076C24AAE2249CEB2ABBF9C35CB0A,Does power truly corrupt or does it reveal what truly lies wtihin our hearts?
Verbals/VC_VerbalsNPC_Angel_Male,177722534D66E1C1E0489C8CFF2B5A1E,Eager to hone our skills our we?
Verbals/VC_VerbalsNPC_Angel_Male,6824C2314E1FBBBC94BA9698F58491E9_cue_0,Even if the Church has its faults.
Verbals/VC_VerbalsNPC_Angel_Male,6824C2314E1FBBBC94BA9698F58491E9,Even if the Church has its faults. This cannot be the answer to the plight of humanity.
Verbals/VC_VerbalsNPC_Angel_Male,0A9EAB50450AFF8E4F993E86C16A6E49_cue_1,"Even if you've defeated foes here before,"
Verbals/VC_VerbalsNPC_Angel_Male,860660C24A8C1F1A7CF26D9CF38941FB_cue_1,Every institution failed these people.
Verbals/VC_VerbalsNPC_Angel_Male,FAF6995D4DAFA8E451537BAB5FBC2BF5_cue_1,Explore your surroundings thoroughly.
Verbals/VC_VerbalsNPC_Angel_Male,1D4C733E448B28966C4966BE5D718273,Family against family. This is the horror of collapse.
Verbals/VC_VerbalsNPC_Angel_Male,CF6EE44C42C0ACFF81A2A6ACEA0B849D,Fend off the Hoard while I repair the veil!
Verbals/VC_VerbalsNPC_Angel_Male,1CDBBAE64C92316B88A08B9389CFB480_cue_2,Find her some food and supplies.
Verbals/VC_VerbalsNPC_Angel_Male,93A97EB64382D4A15E4F3E9B152FF97F_cue_0,"Fools,"
Verbals/VC_VerbalsNPC_Angel_Male,93A97EB64382D4A15E4F3E9B152FF97F,"Fools, what were the clergy doing studying Infernal Magick?"
Verbals/VC_VerbalsNPC_Angel_Male,8EFBC4ED4747FA10FA9B408F1BCDF3E6,For The Dead Gods cry and the Fallen lords lie.
Verbals/VC_VerbalsNPC_Angel_Male,5C11F5004E1821CD39C7E4A03BC2C051,"For the Dead gods cry, and the fallen lords lie."
Verbals/VC_VerbalsNPC_Angel_Male,FAF6995D4DAFA8E451537BAB5FBC2BF5_cue_0,Gajov mentioned a Divine Ember was likely to be found here.
Verbals/VC_VerbalsNPC_Angel_Male,FAF6995D4DAFA8E451537BAB5FBC2BF5,Gajov mentioned a Divine Ember was likely to be found here. Explore your surroundings thoroughly.
Verbals/VC_VerbalsNPC_Angel_Male,494A4BD945E7A9F0204D6EA79F051105,"Gajov's bound to have found us useful, lets speak with him."
Verbals/VC_VerbalsNPC_Angel_Male,64D1B8A542A2012018D2EAB5238CEFB3,Gallant may yet have additional tasks for us.
Verbals/VC_VerbalsNPC_Angel_Male,1FD8BC5145A1B46A05864DA3134FA6C7_cue_4,Get to work.
Verbals/VC_VerbalsNPC_Angel_Male,EED7AD694AD965A8A331C7BAA5C5946E,Get up. There's still need of us.
Verbals/VC_VerbalsNPC_Angel_Male,28848BD44D17994060451A836C9FF1BE_cue_1,Gildenarch's defenses never stood a chance.
Verbals/VC_VerbalsNPC_Angel_Male,69AEF1F24A641410284DBBB84F6EC326_cue_1,"Guilt,"
Verbals/VC_VerbalsNPC_Angel_Male,5B10E1AB4C49E3E56FA4A3920C152BC6_cue_1,His blood is tainted.
Verbals/VC_VerbalsNPC_Angel_Male,1944C5A744C01528916E51AC5FE7DC10_cue_2,His key may be of use.
Verbals/VC_VerbalsNPC_Angel_Male,312D620A4D795CBB85B4D4BAA86E41D1_cue_0,Hmm. This is unusual.
Verbals/VC_VerbalsNPC_Angel_Male,312D620A4D795CBB85B4D4BAA86E41D1,Hmm. This is unusual. Mereda might be able to shed light on this.
Verbals/VC_VerbalsNPC_Angel_Male,00955BCC4204F97813B6A3AF17BB41D1_cue_3,Hold onto it.
Verbals/VC_VerbalsNPC_Angel_Male,C02664A4459F101BAD3FA1831A8D3C71,Holy water would most assuredly be found here.
Verbals/VC_VerbalsNPC_Angel_Male,8A282819472EA2CAFFCAC8BF1D06B5D2_cue_2,"How can this be? My fate, foretold by the Church?"
Verbals/VC_VerbalsNPC_Angel_Male,35C989FF4B54EDF6F865668882E701D2,How could Solomon have obtained so much influence over this city?
Verbals/VC_VerbalsNPC_Angel_Male,B8539D574A859A282CACF4A1F21AEF03,How could these fiends have operated here for so long?
Verbals/VC_VerbalsNPC_Angel_Male,E39F57574C9AB4012B214E8E9205A8DE,How did the Archspire obtain the knowledge of these forbidden arts?
Verbals/VC_VerbalsNPC_Angel_Male,E39F57574C9AB4012B214E8E9205A8DE_cue_0,How did the Archspire obtain the knowledge of these forbidden arts?
Verbals/VC_VerbalsNPC_Angel_Male,0CC574504EEC42E3CB4E1D835080B7CF_cue_1,How is this possible.
Verbals/VC_VerbalsNPC_Angel_Male,0FD4BBE84626D4087E32E0B8D34875A1,How? By letting you eradicate humanity?
Verbals/VC_VerbalsNPC_Angel_Male,9D4154174A0F400B541A998C88AC06FF,Humanity needs a savior. May as well be me.
Verbals/VC_VerbalsNPC_Angel_Male,8770633548157F6107054B9591F278C6,I am at full strength. My power is yours to wield.
Verbals/VC_VerbalsNPC_Angel_Male,A3FC0A1647A96044C8D6CC96EA4294F1,I am bound to the Order of the Crimson Moon.
Verbals/VC_VerbalsNPC_Angel_Male,D1E820804F79C4E736AB378D89039416,"I am by your side, always."
Verbals/VC_VerbalsNPC_Angel_Male,20039AE74C3FAB818242C9BEC27B5536,I am going to enjoy this.
Verbals/VC_VerbalsNPC_Angel_Male,9BF081B64CF6C296D57E8DB92ACECF1D_cue_0,I am leary to suggest that the Church may be
Verbals/VC_VerbalsNPC_Angel_Male,9BF081B64CF6C296D57E8DB92ACECF1D,I am leary to suggest that the Church may be culpable in GIldenarch's fall.
Verbals/VC_VerbalsNPC_Angel_Male,02762DAA4C184C73D18877AA88B4B40C,I believe a cipher piece might be nearby.
Verbals/VC_VerbalsNPC_Angel_Male,28F6EA7F4B14447F2880DC8BB106AC44_cue_4,"I can hear your thoughts,"
Verbals/VC_VerbalsNPC_Angel_Male,41FD37E04723E36B2C3E14AEC567EF2A_cue_0,I can sense something infernal nearby.
Verbals/VC_VerbalsNPC_Angel_Male,41FD37E04723E36B2C3E14AEC567EF2A,"I can sense something infernal nearby. No demons either, could it be?..."
Verbals/VC_VerbalsNPC_Angel_Male,0D178C074A7926BD1591EBAF50200B6A_cue_0,"I cannot sense our comrades,"
Verbals/VC_VerbalsNPC_Angel_Male,0D178C074A7926BD1591EBAF50200B6A,"I cannot sense our comrades, or the captain. Its as if the life has been sucked from this city."
Verbals/VC_VerbalsNPC_Angel_Male,28F6EA7F4B14447F2880DC8BB106AC44_cue_8,I don't believe we're going feral but something is at play.
Verbals/VC_VerbalsNPC_Angel_Male,0B7399FA492AA52F60B22085EC687F4A,I don't suppose Lotte's got anything else for us after all of this?
Verbals/VC_VerbalsNPC_Angel_Male,33C6194B4A2EB718EF37A7998595B842_cue_2,I feel alone.
Verbals/VC_VerbalsNPC_Angel_Male,28F6EA7F4B14447F2880DC8BB106AC44_cue_1,I must confess.
Verbals/VC_VerbalsNPC_Angel_Male,CBE149804CE10E55327E90A31A5EC688_cue_0,I sense a great darkness in this keep.
Verbals/VC_VerbalsNPC_Angel_Male,CBE149804CE10E55327E90A31A5EC688,"I sense a great darkness in this keep. A blackened soul has returned to this realm, a deep well of hatred stirs amidst the halls they've walked."
Verbals/VC_VerbalsNPC_Angel_Male,69AEF1F24A641410284DBBB84F6EC326_cue_0,I sense something up ahead.
Verbals/VC_VerbalsNPC_Angel_Male,69AEF1F24A641410284DBBB84F6EC326,"I sense something up ahead. Guilt, and deeply rooted shame... investigate it."
Verbals/VC_VerbalsNPC_Angel_Male,28F6EA7F4B14447F2880DC8BB106AC44_cue_11,I swear to protect you and guide on you on your quest.
Verbals/VC_VerbalsNPC_Angel_Male,28F6EA7F4B14447F2880DC8BB106AC44_cue_10,I will not hurt you.
Verbals/VC_VerbalsNPC_Angel_Male,00CDABBF49A68207EDDB3DAA295345BD,I will return.
Verbals/VC_VerbalsNPC_Angel_Male,745AF9AF451CD88A6BDEF8B0D43055A7_cue_0,I'd suspect demon blood would be found here.
Verbals/VC_VerbalsNPC_Angel_Male,745AF9AF451CD88A6BDEF8B0D43055A7,I'd suspect demon blood would be found here. Something usable at least.
Verbals/VC_VerbalsNPC_Angel_Male,EC9905184264F4C3097B8DA8466131D1_cue_3,I'll seek counsel with the dead and share my wisdom.
Verbals/VC_VerbalsNPC_Angel_Male,8A282819472EA2CAFFCAC8BF1D06B5D2_cue_0,I'm the Soul Torn Beast?
Verbals/VC_VerbalsNPC_Angel_Male,8A282819472EA2CAFFCAC8BF1D06B5D2,"I'm the Soul Torn Beast? Impossible. How can this be? My fate, foretold by the Church? Is this why they feared the Nephilim?"
Verbals/VC_VerbalsNPC_Angel_Male,33C6194B4A2EB718EF37A7998595B842_cue_0,I've been speaking to myself 
Verbals/VC_VerbalsNPC_Angel_Male,33C6194B4A2EB718EF37A7998595B842,I've been speaking to myself amidst these haunted streets this entire time. I feel alone.
Verbals/VC_VerbalsNPC_Angel_Male,8903E55D4908EB95F1E4FD824BFA8F30,I've been through worse
Verbals/VC_VerbalsNPC_Angel_Male,28F6EA7F4B14447F2880DC8BB106AC44_cue_3,I've felt part of me slowly merge with you.
Verbals/VC_VerbalsNPC_Angel_Male,47DFEE964DB3E18AE09923A92AA5FFA1,If Mereda is correct another cipher piece might be found here.
Verbals/VC_VerbalsNPC_Angel_Male,F52DD4714725FBEA2204AA8D624768E1_cue_1,"If you'd believe it,"
Verbals/VC_VerbalsNPC_Angel_Male,111AE92D4B272E81387E2C90B776B5D8_cue_0,Impossible.
Verbals/VC_VerbalsNPC_Angel_Male,8A282819472EA2CAFFCAC8BF1D06B5D2_cue_1,Impossible.
Verbals/VC_VerbalsNPC_Angel_Male,E4635A124D7EB87B08483C8BB3572DF1_cue_0,Impossible.
Verbals/VC_VerbalsNPC_Angel_Male,111AE92D4B272E81387E2C90B776B5D8,Impossible. This Nephilim is dead. Their angel should have protected them.
Verbals/VC_VerbalsNPC_Angel_Male,E4635A124D7EB87B08483C8BB3572DF1,Impossible. This Nephilim is dead. Their angel should have protected them.
Verbals/VC_VerbalsNPC_Angel_Male,8F9C0D1847CA523DF8B6D39B66A23940_cue_0,"In the absence of faith,"
Verbals/VC_VerbalsNPC_Angel_Male,8F9C0D1847CA523DF8B6D39B66A23940,"In the absence of faith, the hopeless are easy prey for predators. This town was a bloodbath even before the invasion."
Verbals/VC_VerbalsNPC_Angel_Male,4FDC7AE043903CBF752207B3659CD554_cue_0,Innocents were experimented on here.
Verbals/VC_VerbalsNPC_Angel_Male,4FDC7AE043903CBF752207B3659CD554,Innocents were experimented on here. Another failure of the Church.
Verbals/VC_VerbalsNPC_Angel_Male,EE38F7554166AB9645146BAB30B522C3,Is that all you've got!
Verbals/VC_VerbalsNPC_Angel_Male,215609164D5D03908DEEC2A7471AD6F2_cue_0,Is this all we are?
Verbals/VC_VerbalsNPC_Angel_Male,215609164D5D03908DEEC2A7471AD6F2,Is this all we are? Beings of circumstance in service to the wills of forces greater?
Verbals/VC_VerbalsNPC_Angel_Male,8A282819472EA2CAFFCAC8BF1D06B5D2_cue_3,Is this why they feared the Nephilim?
Verbals/VC_VerbalsNPC_Angel_Male,1090EF2045542A80E5B07DBBBE4C56FA_cue_0,It appears Rams-horn is well fortified.
Verbals/VC_VerbalsNPC_Angel_Male,1090EF2045542A80E5B07DBBBE4C56FA,It appears Rams-horn is well fortified. They don't want us getting in.
Verbals/VC_VerbalsNPC_Angel_Male,00955BCC4204F97813B6A3AF17BB41D1_cue_1,"It bears an incredible burden,"
Verbals/VC_VerbalsNPC_Angel_Male,F474B78842FCD1BACA994FA0A9806211,It isn't failure until one gives up.
Verbals/VC_VerbalsNPC_Angel_Male,00955BCC4204F97813B6A3AF17BB41D1_cue_4,It may be of use later.
Verbals/VC_VerbalsNPC_Angel_Male,11D7072E427FCD70A5242693CCCABC61,It seems some were able to escape the city at least.
Verbals/VC_VerbalsNPC_Angel_Male,89DFA08A45ABA4946B814F8CF2AEC453_cue_0,It seems this story ended well.
Verbals/VC_VerbalsNPC_Angel_Male,89DFA08A45ABA4946B814F8CF2AEC453,It seems this story ended well. Lotte would love to hear about this.
Verbals/VC_VerbalsNPC_Angel_Male,116D0A3B4FA5E8DDBF169694B19319E6,It will take more than that!
Verbals/VC_VerbalsNPC_Angel_Male,3DDD3EF544D0EBB6E2A904833D42B639_cue_1,It's a miracle you're not dead.
Verbals/VC_VerbalsNPC_Angel_Male,74DF5B7C4ECD938DF82ACB939BB872B0,It's be best to search this area well.
Verbals/VC_VerbalsNPC_Angel_Male,E19FA67E4CCCCE2112A39A8A09BAFD29,It's time to put a stop to this nightmare.
Verbals/VC_VerbalsNPC_Angel_Male,0D178C074A7926BD1591EBAF50200B6A_cue_2,Its as if the life has been sucked from this city.
Verbals/VC_VerbalsNPC_Angel_Male,FC271DBF4EAB690B14F6B0ABFBF42666,Just as expected. Holy Water.
Verbals/VC_VerbalsNPC_Angel_Male,C699082840FA4810E1A4E6836F2FC317_cue_1,Keep an eye out for any Hellrfits.
Verbals/VC_VerbalsNPC_Angel_Male,1D817BF842533CCAC204CA8A334D54D5_cue_1,"Knowing her she might be onto something,"
Verbals/VC_VerbalsNPC_Angel_Male,121C85B94D77CC4B755FDA988062EE9B_cue_1,Let us respond in kind.
Verbals/VC_VerbalsNPC_Angel_Male,6EEFB65B44C35BF80159A289734E02A9_cue_1,Let's check in with her.
Verbals/VC_VerbalsNPC_Angel_Male,161AC8794E7152A5A8021184CFC7AED2,Let's check in with the Knight Commander.
Verbals/VC_VerbalsNPC_Angel_Male,F25F0E574CC621CB1A9DEE97D954C345,Let's do this.
Verbals/VC_VerbalsNPC_Angel_Male,59F785A9454C611D3D33D8BCF3D50091_cue_1,Let's part ways with it as soon as we're able.
Verbals/VC_VerbalsNPC_Angel_Male,EB7C54AE4B8020862152819807A58A34_cue_1,Let's return to the survivor and see if she'll finally talk.
Verbals/VC_VerbalsNPC_Angel_Male,62D88D8A47713A78AFE6C5AC9F5E59B8,Let's see what Mereda's found while we've been busy.
Verbals/VC_VerbalsNPC_Angel_Male,59C8548542F439F0671A899782FF95EF_cue_0,Little progress had been made on the stones over the last century.
Verbals/VC_VerbalsNPC_Angel_Male,59C8548542F439F0671A899782FF95EF,"Little progress had been made on the stones over the last century. That was until recently, they received outside help."
Verbals/VC_VerbalsNPC_Angel_Male,89DFA08A45ABA4946B814F8CF2AEC453_cue_1,Lotte would love to hear about this.
Verbals/VC_VerbalsNPC_Angel_Male,536DF90E484B3BD2C3C906A35CF14D69_cue_0,"Lotte's been busy with these postings,"
Verbals/VC_VerbalsNPC_Angel_Male,536DF90E484B3BD2C3C906A35CF14D69,"Lotte's been busy with these postings, lets check in with him."
Verbals/VC_VerbalsNPC_Angel_Male,0A6A24804D3F4486B109289D2EEB5F66,Luderaeon's Glory is mine!
Verbals/VC_VerbalsNPC_Angel_Male,C3723DDD49439EE73EFE0EBAB901E88B,Make your way to the Armory and prepare for your mission.
Verbals/VC_VerbalsNPC_Angel_Male,6B1B28584902190F678AFEBDFDC58CC0,Maybe we should see if Gajov needs anything else after this.
Verbals/VC_VerbalsNPC_Angel_Male,312D620A4D795CBB85B4D4BAA86E41D1_cue_1,Mereda might be able to shed light on this.
Verbals/VC_VerbalsNPC_Angel_Male,1A5FB8964D074389D2F39F9913F8926A,Mereda should be done studying that text.
Verbals/VC_VerbalsNPC_Angel_Male,366D1B2F441129F602F5A9B4245D47F8_cue_0,Mereda sure is sharp. That's all of them.
Verbals/VC_VerbalsNPC_Angel_Male,366D1B2F441129F602F5A9B4245D47F8,Mereda sure is sharp. That's all of them. Now lets see what secrets are hidden in that text.
Verbals/VC_VerbalsNPC_Angel_Male,1D817BF842533CCAC204CA8A334D54D5_cue_0,Mereda's been quiet.
Verbals/VC_VerbalsNPC_Angel_Male,1D817BF842533CCAC204CA8A334D54D5,"Mereda's been quiet. Knowing her she might be onto something, lets check in."
Verbals/VC_VerbalsNPC_Angel_Male,E06B905D46427289463794A583BC9C60_cue_2,More harmonious.
Verbals/VC_VerbalsNPC_Angel_Male,F952DDE647398B48CF2CA59B66CCCB2B,More slain Nephilim. He leaves a trail of death in his wake.
Verbals/VC_VerbalsNPC_Angel_Male,396B0B994EF08FDE2151AE82CE9A5879,My grace is ready.
Verbals/VC_VerbalsNPC_Angel_Male,BBBE20A841D60663F67323A336A567AA_cue_0,"Nephilim,"
Verbals/VC_VerbalsNPC_Angel_Male,1FD8BC5145A1B46A05864DA3134FA6C7,"Nephilim,  remember my voice. This is your angel speaking. Our orders are to regroup with Knight Captain Rendaen and your comrades within Gildenarch. Get to work."
Verbals/VC_VerbalsNPC_Angel_Male,28F6EA7F4B14447F2880DC8BB106AC44_cue_0,"Nephilim, a moment."
Verbals/VC_VerbalsNPC_Angel_Male,28F6EA7F4B14447F2880DC8BB106AC44,"Nephilim, a moment. I must confess. Since the Soul Siphon, I've felt part of me slowly merge with you. I can hear your thoughts, feel your emotions, in a sense they're... changing me... I don't believe we're going feral but something is at play. You should be aware. I will not hurt you. I swear to protect you and guide on you on your quest."
Verbals/VC_VerbalsNPC_Angel_Male,1FD8BC5145A1B46A05864DA3134FA6C7_cue_0,"Nephilim, remember my voice."
Verbals/VC_VerbalsNPC_Angel_Male,BBBE20A841D60663F67323A336A567AA,"Nephilim, the concentration of Hellgrowth lies at the end of these halls. Beware, something terrible stands its guard."
Verbals/VC_VerbalsNPC_Angel_Male,D894EDCD484A8C5BAE81BCBD98895528,"Nephilim, watch out! "
Verbals/VC_VerbalsNPC_Angel_Male,D2EA964C4EF0E16FDAA615ADC335A1E6,"Nephilim, what was that? Get up!"
Verbals/VC_VerbalsNPC_Angel_Male,41FD37E04723E36B2C3E14AEC567EF2A_cue_1,"No demons either,"
Verbals/VC_VerbalsNPC_Angel_Male,7645668141545361A2872D98A8B6689C,No harm shall come to you.
Verbals/VC_VerbalsNPC_Angel_Male,2025C98E4F01FE4EA248848CE693D34B_cue_1,Not by any spirit but a grand darkness.
Verbals/VC_VerbalsNPC_Angel_Male,A3AAAFEE47572886BC6BD3BA066EC9CB,Now is not your time!
Verbals/VC_VerbalsNPC_Angel_Male,366D1B2F441129F602F5A9B4245D47F8_cue_1,Now lets see what secrets are hidden in that text.
Verbals/VC_VerbalsNPC_Angel_Male,805BBE90410F43B73DA0498A364E8909_cue_0,Now that you are prepared.
Verbals/VC_VerbalsNPC_Angel_Male,805BBE90410F43B73DA0498A364E8909,Now that you are prepared. You may proceed through the portal to begin your mission.
Verbals/VC_VerbalsNPC_Angel_Male,D404657241EF2F86EDB8AF96FC681913,Onto the final stone I go.
Verbals/VC_VerbalsNPC_Angel_Male,BB3E69394D1082C2B16BB78CD58B09AA_cue_1,Or are they too just like me?
Verbals/VC_VerbalsNPC_Angel_Male,351AA4504349EB7C73525E8051E2D4DD,"Our foes are many, but we are one."
Verbals/VC_VerbalsNPC_Angel_Male,1FD8BC5145A1B46A05864DA3134FA6C7_cue_2,Our orders are to regroup with Knight Captain Rendaen
Verbals/VC_VerbalsNPC_Angel_Male,4111B9B6474DFA4C7DCD44A4FCDC95F6_cue_0,Passing through Elk Grove
Verbals/VC_VerbalsNPC_Angel_Male,4111B9B6474DFA4C7DCD44A4FCDC95F6,Passing through Elk Grove is a reminder as to why we cannot afford to falter.
Verbals/VC_VerbalsNPC_Angel_Male,4DA053A8418FC695719DB4858AD617A3_cue_1,Perhaps Gajov can investigate it if he trusts us.
Verbals/VC_VerbalsNPC_Angel_Male,3318176D4397136EF7401BBAFFBD20FC,Perhaps Gallant and I can show the Church there is a better way.
Verbals/VC_VerbalsNPC_Angel_Male,74D6E30E4E4DB376750C418734FDDE09_cue_0,Perhaps Gallant has some more
Verbals/VC_VerbalsNPC_Angel_Male,74D6E30E4E4DB376750C418734FDDE09,Perhaps Gallant has some more challenging work available to us. Speak with him directly.
Verbals/VC_VerbalsNPC_Angel_Male,E9CFFE2B4CBE479F4F6E9A8BFE7B9F4E_cue_1,Perhaps he'll have warmed up to us.
Verbals/VC_VerbalsNPC_Angel_Male,40E9E85A49FD7E46005545BDDC517B55_cue_0,Prayers are offered to Saintess Reliqua in hopes of resolution.
Verbals/VC_VerbalsNPC_Angel_Male,40E9E85A49FD7E46005545BDDC517B55,"Prayers are offered to Saintess Reliqua in hopes of resolution. We cannot answer them all, but some of these may be suited for our talents."
Verbals/VC_VerbalsNPC_Angel_Male,222D0F314BF5E01041C32792BF3D53E2_cue_1,Preyed upon their hopelessness and despair!
Verbals/VC_VerbalsNPC_Angel_Male,13D8F17141857538FAF2F3AEAADF3E5A,"Rise, mighty Nephilim!"
Verbals/VC_VerbalsNPC_Angel_Male,45DC815144477CB3E618FCB3B065183D_cue_0,"Seek Gallant Alexander,"
Verbals/VC_VerbalsNPC_Angel_Male,45DC815144477CB3E618FCB3B065183D,"Seek Gallant Alexander, the Knight Commander of the order."
Verbals/VC_VerbalsNPC_Angel_Male,6CB3E44F49F1EA14BB600B8467C26926,Send the Legion back to Infernus.
Verbals/VC_VerbalsNPC_Angel_Male,1944C5A744C01528916E51AC5FE7DC10_cue_0,She mentioned her husband was a guard
Verbals/VC_VerbalsNPC_Angel_Male,1944C5A744C01528916E51AC5FE7DC10,She mentioned her husband was a guard hauled off by the inquisition. His key may be of use.
Verbals/VC_VerbalsNPC_Angel_Male,1CDBBAE64C92316B88A08B9389CFB480_cue_0,"She's fearful of the Church, and won't speak to us."
Verbals/VC_VerbalsNPC_Angel_Male,1CDBBAE64C92316B88A08B9389CFB480,"She's fearful of the Church, and won't speak to us. We'll have to prove ourselves trustworthy.
Find her some food and supplies."
Verbals/VC_VerbalsNPC_Angel_Male,9CDC0357450BEEDF378EF28756AA1750_cue_0,"Shoreditch was for the iredeemable,"
Verbals/VC_VerbalsNPC_Angel_Male,9CDC0357450BEEDF378EF28756AA1750,"Shoreditch was for the iredeemable, the worst of man."
Verbals/VC_VerbalsNPC_Angel_Male,3637C1F846CC9260289B30A3E113B617,Should be something of note up ahead.
Verbals/VC_VerbalsNPC_Angel_Male,28F6EA7F4B14447F2880DC8BB106AC44_cue_2,"Since the Soul Siphon,"
Verbals/VC_VerbalsNPC_Angel_Male,E06C91C04F7A959DAACD3698E06B263F,"Solomon may have a point, but he isn't right in this."
Verbals/VC_VerbalsNPC_Angel_Male,810AF5A74EF9F0C523EB25BC3CE7A0F4_cue_1,Someone beyond themselves and this is what it brought them.
Verbals/VC_VerbalsNPC_Angel_Male,143A15C04B6962BB754C9DBF169BEA0B_cue_2,Someone has to take a stand.
Verbals/VC_VerbalsNPC_Angel_Male,44D7BBA84E4755AA3016B8B66DC551DA,Someone must take a stand for humanity.
Verbals/VC_VerbalsNPC_Angel_Male,D74A7D91433ACED46DB29BAB9ED1338F,Something interesting is nearby.
Verbals/VC_VerbalsNPC_Angel_Male,AC1DB68F476B605FA585C3913B75E319,Something unusual is nearby. I wonder.
Verbals/VC_VerbalsNPC_Angel_Male,745AF9AF451CD88A6BDEF8B0D43055A7_cue_1,Something usable at least.
Verbals/VC_VerbalsNPC_Angel_Male,74D6E30E4E4DB376750C418734FDDE09_cue_2,Speak with him directly.
Verbals/VC_VerbalsNPC_Angel_Male,815946BF4DD561552B8C98BB1C9615D1_cue_0,Speak with the Merchant as soon as you're able.
Verbals/VC_VerbalsNPC_Angel_Male,815946BF4DD561552B8C98BB1C9615D1,Speak with the Merchant as soon as you're able. They're likely to have more work for us.
Verbals/VC_VerbalsNPC_Angel_Male,71F5F6604A459D94B375B0948473B930_cue_0,Stand vigilant.
Verbals/VC_VerbalsNPC_Angel_Male,71F5F6604A459D94B375B0948473B930,Stand vigilant. This is the fiend who has been klling our comrades. 
Verbals/VC_VerbalsNPC_Angel_Male,72B2254E47A0E447D551BDA40E508ED4_cue_1,Still no telling what it will reveal yet.
Verbals/VC_VerbalsNPC_Angel_Male,EB0DC67B4972DB9EEE4E87A5CE84FF16_cue_0,"Such an obscene amount of wealth,"
Verbals/VC_VerbalsNPC_Angel_Male,EB0DC67B4972DB9EEE4E87A5CE84FF16,"Such an obscene amount of wealth, consolidated among the most detached specimens of the city."
Verbals/VC_VerbalsNPC_Angel_Male,C594223D410C6066B5E04B873A0EF8DC,Take pleasure in the opportunity to slay Valahk-Nor once more!
Verbals/VC_VerbalsNPC_Angel_Male,FEB9F2264431C073A74EDD84DAEC526D_cue_1,Tap into my insight and I shall direct you towards our goals.
Verbals/VC_VerbalsNPC_Angel_Male,F9B995B74C02F750F994C6A4EBCCCD30_cue_0,That painting is quite unusual.
Verbals/VC_VerbalsNPC_Angel_Male,F9B995B74C02F750F994C6A4EBCCCD30,That painting is quite unusual. They bear no semblance to any member of the chapter.
Verbals/VC_VerbalsNPC_Angel_Male,0C1263AB4046BDF793329593710EB966,That should be all of them.
Verbals/VC_VerbalsNPC_Angel_Male,1E8B5D404A508B9905DE09A2565ED41A,"That should buy the veil some more time, for now."
Verbals/VC_VerbalsNPC_Angel_Male,59C8548542F439F0671A899782FF95EF_cue_1,"That was until recently, they received outside help."
Verbals/VC_VerbalsNPC_Angel_Male,5F54C6094F5BAE022B0939972EA50201,That's a cipher piece.
Verbals/VC_VerbalsNPC_Angel_Male,EB7AF2274545903E9631A182B162CC14,That's everything. Best to return to Mereda with haste.
Verbals/VC_VerbalsNPC_Angel_Male,9CEDB92645059F3BAC3E60BE4BAB2E15,"That's one of them. Hmm, grim."
Verbals/VC_VerbalsNPC_Angel_Male,68FF0E7643D947E637C752846813FBAA_cue_0,"That's one of them. This is quite advanced,"
Verbals/VC_VerbalsNPC_Angel_Male,68FF0E7643D947E637C752846813FBAA,"That's one of them. This is quite advanced, can't make out what it reads or how its used."
Verbals/VC_VerbalsNPC_Angel_Male,3BFD20CD43BD837DB94F2EBE62815B85_cue_0,The Archspire Chapter was tasked with studying the Abraxas Stones.
Verbals/VC_VerbalsNPC_Angel_Male,3BFD20CD43BD837DB94F2EBE62815B85,The Archspire Chapter was tasked with studying the Abraxas Stones. This explains how the Church knew about them.
Verbals/VC_VerbalsNPC_Angel_Male,BEEA2CBB40AE48584EE777B31A83136A,The Beast is the source? A vessel of sorts.
Verbals/VC_VerbalsNPC_Angel_Male,68F56B8C406B59D0A1D747B019BF5F7E_cue_0,The Captain's dead.
Verbals/VC_VerbalsNPC_Angel_Male,68F56B8C406B59D0A1D747B019BF5F7E,The Captain's dead. What is the meaning of all of this?!
Verbals/VC_VerbalsNPC_Angel_Male,121C85B94D77CC4B755FDA988062EE9B_cue_0,The Cathedral's new inhabitants seek to send a message.
Verbals/VC_VerbalsNPC_Angel_Male,121C85B94D77CC4B755FDA988062EE9B,The Cathedral's new inhabitants seek to send a message. Let us respond in kind.
Verbals/VC_VerbalsNPC_Angel_Male,32CDE9254EC9DD85BC903EA4CA636770,The Church and Solomon. Two sides of the same coin.
Verbals/VC_VerbalsNPC_Angel_Male,AF469A6F4302E3D76540EA9DC0587541_cue_0,The Church didn't mention an inquisition in Gildenarch.
Verbals/VC_VerbalsNPC_Angel_Male,AF469A6F4302E3D76540EA9DC0587541,The Church didn't mention an inquisition in Gildenarch. Did word beyond the chapter fail to reach them?
Verbals/VC_VerbalsNPC_Angel_Male,0CC574504EEC42E3CB4E1D835080B7CF_cue_0,The Church failed the people here of Gildenarch?
Verbals/VC_VerbalsNPC_Angel_Male,0CC574504EEC42E3CB4E1D835080B7CF,The Church failed the people here of Gildenarch? How is this possible.
Verbals/VC_VerbalsNPC_Angel_Male,860660C24A8C1F1A7CF26D9CF38941FB_cue_0,"The Church, the Academy, the ruling class."
Verbals/VC_VerbalsNPC_Angel_Male,860660C24A8C1F1A7CF26D9CF38941FB,"The Church, the Academy, the ruling class. Every institution failed these people."
Verbals/VC_VerbalsNPC_Angel_Male,E06B905D46427289463794A583BC9C60_cue_0,The Hellgrowth is different here.
Verbals/VC_VerbalsNPC_Angel_Male,E06B905D46427289463794A583BC9C60,"The Hellgrowth is different here. The wailing is quieter, the souls are blissful. More harmonious."
Verbals/VC_VerbalsNPC_Angel_Male,452AB13C46FE41704DB302AE0A5C1C73_cue_1,The Hellgrowth is what is expanding it.
Verbals/VC_VerbalsNPC_Angel_Male,2FB8F9E84D47FF0E556ED9B4FDA0971F,The Infernal await judgement.
Verbals/VC_VerbalsNPC_Angel_Male,5CC269834B65663626F9C199B73248D1_cue_1,The Reborn are not so numerous to go to war with all of Eden.
Verbals/VC_VerbalsNPC_Angel_Male,0A9EAB50450AFF8E4F993E86C16A6E49_cue_0,The Spire is wreaking havoc on the fabric of our world.
Verbals/VC_VerbalsNPC_Angel_Male,0A9EAB50450AFF8E4F993E86C16A6E49,"The Spire is wreaking havoc on the fabric of our world. Even if you've defeated foes here before, they're likely to return."
Verbals/VC_VerbalsNPC_Angel_Male,62583F304A06702947CF5AA22BF0F915,The Spire still turns and shows no sign of slowing.
Verbals/VC_VerbalsNPC_Angel_Male,452AB13C46FE41704DB302AE0A5C1C73_cue_0,The Spire's influence has weakened over this area.
Verbals/VC_VerbalsNPC_Angel_Male,452AB13C46FE41704DB302AE0A5C1C73,The Spire's influence has weakened over this area. The Hellgrowth is what is expanding it. We must let the Commander know immediately.
Verbals/VC_VerbalsNPC_Angel_Male,8CB9215542938B65048BA3A93C8051E1,The city's gone silent. I fear the worst.
Verbals/VC_VerbalsNPC_Angel_Male,0EC232F841F36DEEFBEDF0A643B31DE1_cue_0,"The concentration of soul energy stems from Archbishop's offices,"
Verbals/VC_VerbalsNPC_Angel_Male,0EC232F841F36DEEFBEDF0A643B31DE1,"The concentration of soul energy stems from Archbishop's offices, past the Seminary Hold toward the mountain."
Verbals/VC_VerbalsNPC_Angel_Male,9CCCBA304B7BD5384CCC8CBD8367BB8F_cue_0,The cries of the dead echo in the void.
Verbals/VC_VerbalsNPC_Angel_Male,9CCCBA304B7BD5384CCC8CBD8367BB8F,The cries of the dead echo in the void. The moniker “Reborn” repeats amidst tellings of a “heart”. They come from below.
Verbals/VC_VerbalsNPC_Angel_Male,BA6B41DE45832767B017E98BCE237465,The dead walk. Purge them from the realm!
Verbals/VC_VerbalsNPC_Angel_Male,D0BD08E247447DFC645A59BFA6968170,The defilement of such holy symbols is a disrespectful display.
Verbals/VC_VerbalsNPC_Angel_Male,D0C3647341981527B9CFEBA92BBFF882_cue_3,The demons?
Verbals/VC_VerbalsNPC_Angel_Male,D0C3647341981527B9CFEBA92BBFF882_cue_0,The fiends who dwelled here 
Verbals/VC_VerbalsNPC_Angel_Male,D0C3647341981527B9CFEBA92BBFF882,The fiends who dwelled here were acting on someone's behalf. Who would demand such a thing? The demons?
Verbals/VC_VerbalsNPC_Angel_Male,A6A5D9D344477292639FD99CCF9FE64D_cue_0,The heart is guarded by a dragon.
Verbals/VC_VerbalsNPC_Angel_Male,A6A5D9D344477292639FD99CCF9FE64D,The heart is guarded by a dragon. You know what do to do.
Verbals/VC_VerbalsNPC_Angel_Male,2A7C30C54B6192F29B32379A24FE188C,The light of Paradise is mine to wield!
Verbals/VC_VerbalsNPC_Angel_Male,464EC7104342236AD298CEB4889386C8_cue_0,The marks left on us by those that have passed
Verbals/VC_VerbalsNPC_Angel_Male,464EC7104342236AD298CEB4889386C8,The marks left on us by those that have passed remain tender the longest.
Verbals/VC_VerbalsNPC_Angel_Male,9CCCBA304B7BD5384CCC8CBD8367BB8F_cue_1,The moniker “Reborn” repeats amidst tellings of a “heart”.
Verbals/VC_VerbalsNPC_Angel_Male,810AF5A74EF9F0C523EB25BC3CE7A0F4_cue_0,The people of this city worshipped something.
Verbals/VC_VerbalsNPC_Angel_Male,810AF5A74EF9F0C523EB25BC3CE7A0F4,The people of this city worshipped something. Someone beyond themselves and this is what it brought them.
Verbals/VC_VerbalsNPC_Angel_Male,6C4374814FC9B52DCCDDB98310E53B34_cue_1,The same man from the paintings.
Verbals/VC_VerbalsNPC_Angel_Male,461ABF884752A354BF1749A4CF6A2C88_cue_0,The streets have shifted but our mission is unchanged.
Verbals/VC_VerbalsNPC_Angel_Male,461ABF884752A354BF1749A4CF6A2C88,The streets have shifted but our mission is unchanged. Be vigiliant.
Verbals/VC_VerbalsNPC_Angel_Male,C699082840FA4810E1A4E6836F2FC317_cue_0,The veil is weak here.
Verbals/VC_VerbalsNPC_Angel_Male,C699082840FA4810E1A4E6836F2FC317,The veil is weak here. Keep an eye out for any Hellrfits. 
Verbals/VC_VerbalsNPC_Angel_Male,E06B905D46427289463794A583BC9C60_cue_1,"The wailing is quieter, the souls are blissful."
Verbals/VC_VerbalsNPC_Angel_Male,111AE92D4B272E81387E2C90B776B5D8_cue_2,Their angel should have protected them.
Verbals/VC_VerbalsNPC_Angel_Male,E4635A124D7EB87B08483C8BB3572DF1_cue_2,Their angel should have protected them.
Verbals/VC_VerbalsNPC_Angel_Male,1DBD95FE4B15E17F19E85185BC1F4D4C_cue_1,Their bodies are enhanced by the Hellgrowth.
Verbals/VC_VerbalsNPC_Angel_Male,E3923A6B4D1ACBE03007F5A5703BB715_cue_1,"Their sword is blessed, retrieve it."
Verbals/VC_VerbalsNPC_Angel_Male,7DA43A1443F511E87F3A39BD855F8198_cue_0,There is a deep rooted sense of horror and betrayal.
Verbals/VC_VerbalsNPC_Angel_Male,7DA43A1443F511E87F3A39BD855F8198,There is a deep rooted sense of horror and betrayal. A harrowing tragedy occured here. 
Verbals/VC_VerbalsNPC_Angel_Male,D8E35E1C49EF87BC14F1DE93E634C588_cue_0,There is a well of immense soul energy nearby.
Verbals/VC_VerbalsNPC_Angel_Male,D8E35E1C49EF87BC14F1DE93E634C588,There is a well of immense soul energy nearby. We should investigate.
Verbals/VC_VerbalsNPC_Angel_Male,516C8A194149C8FB2CFED89D5DD10CEA,There is no shame in knowing one's limits. 
Verbals/VC_VerbalsNPC_Angel_Male,A1C3E2684F9789D3FD01369BC5807368,There is still need of us.
Verbals/VC_VerbalsNPC_Angel_Male,2AB349914A5E1A1EB31F9A8864B55759,There must be some official Church documentation here.
Verbals/VC_VerbalsNPC_Angel_Male,01B7B21B43782EDCB1D1C2A117FE4A8C,There's fight left in you yet.
Verbals/VC_VerbalsNPC_Angel_Male,12944DEE495B638F3C2060A5653D4D54,There's some holy water nearby.
Verbals/VC_VerbalsNPC_Angel_Male,DC9DE8B94612E3B8FE56AFA3767A8280,There's still work to be done.
Verbals/VC_VerbalsNPC_Angel_Male,6C4374814FC9B52DCCDDB98310E53B34_cue_0,There's that statue again.
Verbals/VC_VerbalsNPC_Angel_Male,6C4374814FC9B52DCCDDB98310E53B34,There's that statue again. The same man from the paintings. This was his home.
Verbals/VC_VerbalsNPC_Angel_Male,7683FB654B4483BEB2C342BEDA8884AA_cue_1,These Archives are known to house some of the
Verbals/VC_VerbalsNPC_Angel_Male,5F52944542D66D683A1A2BB1FFF0E3B7_cue_0,These growths radiate soul energy.
Verbals/VC_VerbalsNPC_Angel_Male,5F52944542D66D683A1A2BB1FFF0E3B7,These growths radiate soul energy. By the Divine. From humans.
Verbals/VC_VerbalsNPC_Angel_Male,DE746E92491135BC714A78A1B8662288_cue_1,These injustice cannot persist.
Verbals/VC_VerbalsNPC_Angel_Male,EB7C54AE4B8020862152819807A58A34_cue_0,These should do.
Verbals/VC_VerbalsNPC_Angel_Male,EB7C54AE4B8020862152819807A58A34,These should do. Let's return to the survivor and see if she'll finally talk.
Verbals/VC_VerbalsNPC_Angel_Male,F9B995B74C02F750F994C6A4EBCCCD30_cue_1,They bear no semblance to any member of the chapter.
Verbals/VC_VerbalsNPC_Angel_Male,ABB8EB774E60B1ACEE3D94846080D10A,They call you sin. I call you salvation.
Verbals/VC_VerbalsNPC_Angel_Male,9CCCBA304B7BD5384CCC8CBD8367BB8F_cue_2,They come from below.
Verbals/VC_VerbalsNPC_Angel_Male,1090EF2045542A80E5B07DBBBE4C56FA_cue_1,They don't want us getting in.
Verbals/VC_VerbalsNPC_Angel_Male,815946BF4DD561552B8C98BB1C9615D1_cue_1,They're likely to have more work for us.
Verbals/VC_VerbalsNPC_Angel_Male,111AE92D4B272E81387E2C90B776B5D8_cue_1,This Nephilim is dead.
Verbals/VC_VerbalsNPC_Angel_Male,E4635A124D7EB87B08483C8BB3572DF1_cue_1,This Nephilim is dead.
Verbals/VC_VerbalsNPC_Angel_Male,6824C2314E1FBBBC94BA9698F58491E9_cue_1,This cannot be the answer to the plight of humanity.
Verbals/VC_VerbalsNPC_Angel_Male,E5D201484885EB23D8DD79B3C62BD60B_cue_0,This city was plagued by the Reborn for some time.
Verbals/VC_VerbalsNPC_Angel_Male,E5D201484885EB23D8DD79B3C62BD60B,This city was plagued by the Reborn for some time. Yet the Church let it happen?
Verbals/VC_VerbalsNPC_Angel_Male,A18A025640C01603FA3DE7AED770790A,This device is Angelic in nature. What is it?
Verbals/VC_VerbalsNPC_Angel_Male,4DA053A8418FC695719DB4858AD617A3_cue_0,This ember is... unusual.
Verbals/VC_VerbalsNPC_Angel_Male,4DA053A8418FC695719DB4858AD617A3,This ember is... unusual. Perhaps Gajov can investigate it if he trusts us.
Verbals/VC_VerbalsNPC_Angel_Male,3BFD20CD43BD837DB94F2EBE62815B85_cue_1,This explains how the Church knew about them.
Verbals/VC_VerbalsNPC_Angel_Male,5CC269834B65663626F9C199B73248D1_cue_0,This is a staging ground.
Verbals/VC_VerbalsNPC_Angel_Male,5CC269834B65663626F9C199B73248D1,This is a staging ground. The Reborn are not so numerous to go to war with all of Eden. This is the Legion's bidding.
Verbals/VC_VerbalsNPC_Angel_Male,B4F5F68145F415391F27CABE4846333D_cue_0,This is certainly unusual for a chalice.
Verbals/VC_VerbalsNPC_Angel_Male,B4F5F68145F415391F27CABE4846333D,This is certainly unusual for a chalice. What is with him and strange artifacts?
Verbals/VC_VerbalsNPC_Angel_Male,62F1FA984969CD241FEB90ADD7A0C6C5,"This is our last, make it count."
Verbals/VC_VerbalsNPC_Angel_Male,3AC257644C35B7FC248DB89D21D3A7CF_cue_0,"This is the Hall of Valor,"
Verbals/VC_VerbalsNPC_Angel_Male,3AC257644C35B7FC248DB89D21D3A7CF,"This is the Hall of Valor, where Nephilim are immortalized for their feats and triumphs."
Verbals/VC_VerbalsNPC_Angel_Male,5CC269834B65663626F9C199B73248D1_cue_2,This is the Legion's bidding.
Verbals/VC_VerbalsNPC_Angel_Male,59F785A9454C611D3D33D8BCF3D50091_cue_0,This is the Merchant's locket.
Verbals/VC_VerbalsNPC_Angel_Male,59F785A9454C611D3D33D8BCF3D50091,This is the Merchant's locket. Let's part ways with it as soon as we're able.
Verbals/VC_VerbalsNPC_Angel_Male,B23646F042D82C5DE9D71C9DC91A3F26_cue_0,This is the ember.
Verbals/VC_VerbalsNPC_Angel_Male,B23646F042D82C5DE9D71C9DC91A3F26,"This is the ember. Curious how Gajov knew it'd be here, and what were these cultists doing with it?"
Verbals/VC_VerbalsNPC_Angel_Male,71F5F6604A459D94B375B0948473B930_cue_1,This is the fiend who has been klling our comrades.
Verbals/VC_VerbalsNPC_Angel_Male,6865E8324BDE3E877898EF975D836F16_cue_1,This is the realm's fate should we fail.
Verbals/VC_VerbalsNPC_Angel_Male,C7E7B8BF44F36CC3CD3761A1D3664981,This is where Lotte said Aleria's fate could be found.
Verbals/VC_VerbalsNPC_Angel_Male,162020A843C973892BAC729331DD6C73,This is where Lotte said the chalice was.
Verbals/VC_VerbalsNPC_Angel_Male,689E6FC84A94E46570C36D98B33A59C4_cue_0,This is where one of the cipher pieces might be.
Verbals/VC_VerbalsNPC_Angel_Male,689E6FC84A94E46570C36D98B33A59C4,This is where one of the cipher pieces might be. Best to search the area well.
Verbals/VC_VerbalsNPC_Angel_Male,EBA1A57F4718C58D4E6EBE9A2C49599D_cue_0,This is where the merchant said they lost their locket.
Verbals/VC_VerbalsNPC_Angel_Male,EBA1A57F4718C58D4E6EBE9A2C49599D,This is where the merchant said they lost their locket. We should search these halls well.
Verbals/VC_VerbalsNPC_Angel_Male,1FD8BC5145A1B46A05864DA3134FA6C7_cue_1,This is your angel speaking.
Verbals/VC_VerbalsNPC_Angel_Male,00955BCC4204F97813B6A3AF17BB41D1_cue_0,This locket is strange.
Verbals/VC_VerbalsNPC_Angel_Male,00955BCC4204F97813B6A3AF17BB41D1,"This locket is strange. It bears an incredible burden, yet something about it is familiar. Hold onto it. It may be of use later."
Verbals/VC_VerbalsNPC_Angel_Male,2025C98E4F01FE4EA248848CE693D34B_cue_0,This manor is haunted.
Verbals/VC_VerbalsNPC_Angel_Male,2025C98E4F01FE4EA248848CE693D34B,This manor is haunted. Not by any spirit but a grand darkness.
Verbals/VC_VerbalsNPC_Angel_Male,1DBD95FE4B15E17F19E85185BC1F4D4C_cue_0,This must the be the Reborn.
Verbals/VC_VerbalsNPC_Angel_Male,1DBD95FE4B15E17F19E85185BC1F4D4C,This must the be the Reborn. Their bodies are enhanced by the Hellgrowth.
Verbals/VC_VerbalsNPC_Angel_Male,13155FB54D51B40F27AF078EA7E1AA74_cue_1,This rift lead to Infernus.
Verbals/VC_VerbalsNPC_Angel_Male,99C0CA06490F69DA60BFD582A283172D,This should do. 
Verbals/VC_VerbalsNPC_Angel_Male,13F144AF4ADF9C21FD6D2A973B8F8F4E,This strange organic mass must have some connection with the dead.
Verbals/VC_VerbalsNPC_Angel_Male,8F9C0D1847CA523DF8B6D39B66A23940_cue_2,This town was a bloodbath even before the invasion.
Verbals/VC_VerbalsNPC_Angel_Male,28848BD44D17994060451A836C9FF1BE_cue_0,This was a bloodbath.
Verbals/VC_VerbalsNPC_Angel_Male,28848BD44D17994060451A836C9FF1BE,This was a bloodbath. Gildenarch's defenses never stood a chance.
Verbals/VC_VerbalsNPC_Angel_Male,6C4374814FC9B52DCCDDB98310E53B34_cue_2,This was his home.
Verbals/VC_VerbalsNPC_Angel_Male,143A15C04B6962BB754C9DBF169BEA0B_cue_1,This world's order has to change.
Verbals/VC_VerbalsNPC_Angel_Male,E2D67EB948F0301705336E8BB882E4A0_cue_1,Those before me and who fight by my side are just like me.
Verbals/VC_VerbalsNPC_Angel_Male,315B64CB4766014169CE51A97CDEFDC7_cue_0,Time to search these halls well 
Verbals/VC_VerbalsNPC_Angel_Male,315B64CB4766014169CE51A97CDEFDC7,Time to search these halls well for anything regarding Lotte's old crew.
Verbals/VC_VerbalsNPC_Angel_Male,1B9173C24E04F23BA4E6A79AEB2D9219_cue_1,To commit attrocities
Verbals/VC_VerbalsNPC_Angel_Male,72A4350740CC801758CEE499E6EE7A7F,"Tread carefully, the source of the infestation draws near."
Verbals/VC_VerbalsNPC_Angel_Male,7CFC58CE4144C046EA43C2943DC7DA04,We can leave now. Hurry!
Verbals/VC_VerbalsNPC_Angel_Male,40E9E85A49FD7E46005545BDDC517B55_cue_1,"We cannot answer them all,"
Verbals/VC_VerbalsNPC_Angel_Male,452AB13C46FE41704DB302AE0A5C1C73_cue_2,We must let the Commander know immediately.
Verbals/VC_VerbalsNPC_Angel_Male,886B4DE9468292093056DCB1563CD746,We remain unhindered!
Verbals/VC_VerbalsNPC_Angel_Male,D8E35E1C49EF87BC14F1DE93E634C588_cue_1,We should investigate.
Verbals/VC_VerbalsNPC_Angel_Male,EBA1A57F4718C58D4E6EBE9A2C49599D_cue_1,We should search these halls well.
Verbals/VC_VerbalsNPC_Angel_Male,45E158E843C951B78CF608A2F42FF47E,We should see if he needs anything else from us.
Verbals/VC_VerbalsNPC_Angel_Male,6FA049FA476667C838E3548F72DDBE8C,We stand once more!
Verbals/VC_VerbalsNPC_Angel_Male,31D9C0F744BA62120B95DFA2C6C42A14_cue_0,We tread these grounds once more.
Verbals/VC_VerbalsNPC_Angel_Male,31D9C0F744BA62120B95DFA2C6C42A14,We tread these grounds once more. Yet things are different?
Verbals/VC_VerbalsNPC_Angel_Male,1CDBBAE64C92316B88A08B9389CFB480_cue_1,We'll have to prove ourselves trustworthy.
Verbals/VC_VerbalsNPC_Angel_Male,AC2708A34C8D139D1F90759ACE470703,"We're walking with ghosts now, tread lightly."
Verbals/VC_VerbalsNPC_Angel_Male,E9CFFE2B4CBE479F4F6E9A8BFE7B9F4E_cue_0,We've assisted Gajov quite a bit.
Verbals/VC_VerbalsNPC_Angel_Male,E9CFFE2B4CBE479F4F6E9A8BFE7B9F4E,We've assisted Gajov quite a bit. Perhaps he'll have warmed up to us.
Verbals/VC_VerbalsNPC_Angel_Male,2FCCF1AC4B2C1106B2E787ABBAAB2155,We've been here before but it feels... different somehow.
Verbals/VC_VerbalsNPC_Angel_Male,06014B054DBCABFE31E911A0CB367DF4,We've got one stone. Time for the next one. 
Verbals/VC_VerbalsNPC_Angel_Male,9E23E6734AF9F1B126CADCA98CFEB456,We've spent some time helping Gajov. Maybe now he'll talk
Verbals/VC_VerbalsNPC_Angel_Male,7683FB654B4483BEB2C342BEDA8884AA_cue_0,We've the rare privilege to tread upon sacred ground.
Verbals/VC_VerbalsNPC_Angel_Male,7683FB654B4483BEB2C342BEDA8884AA,We've the rare privilege to tread upon sacred ground. These Archives are known to house some of the faith's most tightly guarded secrets.
Verbals/VC_VerbalsNPC_Angel_Male,6EEFB65B44C35BF80159A289734E02A9_cue_0,We've uncovered a fair amount of information for Mereda.
Verbals/VC_VerbalsNPC_Angel_Male,6EEFB65B44C35BF80159A289734E02A9,We've uncovered a fair amount of information for Mereda. Let's check in with her.
Verbals/VC_VerbalsNPC_Angel_Male,BB3E69394D1082C2B16BB78CD58B09AA_cue_0,Were the faithful culpable in all this?
Verbals/VC_VerbalsNPC_Angel_Male,BB3E69394D1082C2B16BB78CD58B09AA,Were the faithful culpable in all this? Or are they too just like me?
Verbals/VC_VerbalsNPC_Angel_Male,0574202241857B4E3AD428A22F3D05CC_cue_1,What chance do you think you'll have over me?
Verbals/VC_VerbalsNPC_Angel_Male,F13AAFCB4E8E45FCE388589CB2AC7973,What does is Solomon seek to gain from all of this?
Verbals/VC_VerbalsNPC_Angel_Male,68F56B8C406B59D0A1D747B019BF5F7E_cue_1,What is the meaning of all of this?!
Verbals/VC_VerbalsNPC_Angel_Male,B4F5F68145F415391F27CABE4846333D_cue_1,What is with him and strange artifacts?
Verbals/VC_VerbalsNPC_Angel_Male,1B9173C24E04F23BA4E6A79AEB2D9219_cue_0,What is worse.
Verbals/VC_VerbalsNPC_Angel_Male,1B9173C24E04F23BA4E6A79AEB2D9219,What is worse. To commit attrocities or to allow them to persist unchallenged.
Verbals/VC_VerbalsNPC_Angel_Male,C1D2564D47D847F1E55F2EBF300C6C9F,What's another challenge?
Verbals/VC_VerbalsNPC_Angel_Male,DE746E92491135BC714A78A1B8662288_cue_0,Whether is Solomon or the Church.
Verbals/VC_VerbalsNPC_Angel_Male,DE746E92491135BC714A78A1B8662288,Whether is Solomon or the Church. These injustice cannot persist.
Verbals/VC_VerbalsNPC_Angel_Male,D0C3647341981527B9CFEBA92BBFF882_cue_2,Who would demand such a thing?
Verbals/VC_VerbalsNPC_Angel_Male,2A3C57AE44185DB0F788D68FA03D6A1B,Who's more of a beast? A king or a priest?
Verbals/VC_VerbalsNPC_Angel_Male,FDF756564B086242BB42EDB51637ABD1,Wonder what trouble the Merchant's been up to.
Verbals/VC_VerbalsNPC_Angel_Male,083CA0374FE4EDF06796EFBE63631877,Worth searching this area well for anything of note.
Verbals/VC_VerbalsNPC_Angel_Male,BCC9D3974624E241C7D1A6A0325A7E85,Worth taking a look around.
Verbals/VC_VerbalsNPC_Angel_Male,DC0D52794928D2644A68ECAE369E8CF8,Yes it does.
Verbals/VC_VerbalsNPC_Angel_Male,25FD93024D857BB9D80B6398A5FCBEE4,"Yes, Knight Commander. I understand."
Verbals/VC_VerbalsNPC_Angel_Male,E5D201484885EB23D8DD79B3C62BD60B_cue_1,Yet the Church let it happen?
Verbals/VC_VerbalsNPC_Angel_Male,31D9C0F744BA62120B95DFA2C6C42A14_cue_1,Yet things are different?
Verbals/VC_VerbalsNPC_Angel_Male,0574202241857B4E3AD428A22F3D05CC_cue_0,You cannot control your own servant.
Verbals/VC_VerbalsNPC_Angel_Male,0574202241857B4E3AD428A22F3D05CC,You cannot control your own servant. What chance do you think you'll have over me?
Verbals/VC_VerbalsNPC_Angel_Male,8BE6D0594B8E540941A5ECA894D59B81,You cannot defeat a Nephilim!
Verbals/VC_VerbalsNPC_Angel_Male,A6A5D9D344477292639FD99CCF9FE64D_cue_1,You know what do to do.
Verbals/VC_VerbalsNPC_Angel_Male,805BBE90410F43B73DA0498A364E8909_cue_1,You may proceed through the portal to begin your mission.
Verbals/VC_VerbalsNPC_Angel_Male,222D0F314BF5E01041C32792BF3D53E2_cue_0,You mislead these people.
Verbals/VC_VerbalsNPC_Angel_Male,222D0F314BF5E01041C32792BF3D53E2,You mislead these people. Preyed upon their hopelessness and despair!
Verbals/VC_VerbalsNPC_Angel_Male,28F6EA7F4B14447F2880DC8BB106AC44_cue_9,You should be aware.
Verbals/VC_VerbalsNPC_Angel_Male,BCE579624EBC4B2E025616A02C09CFA1_cue_0,You stand at death's door;
Verbals/VC_VerbalsNPC_Angel_Male,BCE579624EBC4B2E025616A02C09CFA1,You stand at death's door; our next moves should be calculated.
Verbals/VC_VerbalsNPC_Angel_Male,143A15C04B6962BB754C9DBF169BEA0B_cue_0,You're right.
Verbals/VC_VerbalsNPC_Angel_Male,143A15C04B6962BB754C9DBF169BEA0B,You're right. This world's order has to change. Someone has to take a stand.
Verbals/VC_VerbalsNPC_Angel_Male,F77CAA404016817971B52D8B2CFEA11A,Your lies will not stay my hand.
Verbals/VC_VerbalsNPC_Angel_Male,3DDD3EF544D0EBB6E2A904833D42B639_cue_0,Your soul is gravely wounded.
Verbals/VC_VerbalsNPC_Angel_Male,3DDD3EF544D0EBB6E2A904833D42B639,Your soul is gravely wounded. It's a miracle you're not dead.
Verbals/VC_VerbalsNPC_Angel_Male,CBE149804CE10E55327E90A31A5EC688_cue_2,a deep well of hatred stirs amidst the halls they've walked.
Verbals/VC_VerbalsNPC_Angel_Male,33C6194B4A2EB718EF37A7998595B842_cue_1,amidst these haunted streets this entire time.
Verbals/VC_VerbalsNPC_Angel_Male,69AEF1F24A641410284DBBB84F6EC326_cue_2,and deeply rooted shame...
Verbals/VC_VerbalsNPC_Angel_Male,B23646F042D82C5DE9D71C9DC91A3F26_cue_2,and what were these cultists doing with it?
Verbals/VC_VerbalsNPC_Angel_Male,1FD8BC5145A1B46A05864DA3134FA6C7_cue_3,and your comrades within Gildenarch.
Verbals/VC_VerbalsNPC_Angel_Male,40E9E85A49FD7E46005545BDDC517B55_cue_2,but some of these may be suited for our talents.
Verbals/VC_VerbalsNPC_Angel_Male,61057D5B461F09C7C27757A976564501_cue_2,but there's something different about it.
Verbals/VC_VerbalsNPC_Angel_Male,68FF0E7643D947E637C752846813FBAA_cue_1,can't make out what it reads or how its used.
Verbals/VC_VerbalsNPC_Angel_Male,74D6E30E4E4DB376750C418734FDDE09_cue_1,challenging work available to us.
Verbals/VC_VerbalsNPC_Angel_Male,28F6EA7F4B14447F2880DC8BB106AC44_cue_7,changing me...
Verbals/VC_VerbalsNPC_Angel_Male,EB0DC67B4972DB9EEE4E87A5CE84FF16_cue_1,consolidated among the most detached specimens of the city.
Verbals/VC_VerbalsNPC_Angel_Male,41FD37E04723E36B2C3E14AEC567EF2A_cue_2,could it be?...
Verbals/VC_VerbalsNPC_Angel_Male,9BF081B64CF6C296D57E8DB92ACECF1D_cue_1,culpable in GIldenarch's fall.
Verbals/VC_VerbalsNPC_Angel_Male,7683FB654B4483BEB2C342BEDA8884AA_cue_2,faith's most tightly guarded secrets.
Verbals/VC_VerbalsNPC_Angel_Male,28F6EA7F4B14447F2880DC8BB106AC44_cue_5,"feel your emotions,"
Verbals/VC_VerbalsNPC_Angel_Male,315B64CB4766014169CE51A97CDEFDC7_cue_1,for anything regarding Lotte's old crew.
Verbals/VC_VerbalsNPC_Angel_Male,1944C5A744C01528916E51AC5FE7DC10_cue_1,hauled off by the inquisition.
Verbals/VC_VerbalsNPC_Angel_Male,28F6EA7F4B14447F2880DC8BB106AC44_cue_6,in a sense they're...
Verbals/VC_VerbalsNPC_Angel_Male,69AEF1F24A641410284DBBB84F6EC326_cue_3,investigate it.
Verbals/VC_VerbalsNPC_Angel_Male,4111B9B6474DFA4C7DCD44A4FCDC95F6_cue_1,is a reminder as to why we cannot afford to falter.
Verbals/VC_VerbalsNPC_Angel_Male,F52DD4714725FBEA2204AA8D624768E1_cue_2,its only gotten worse.
Verbals/VC_VerbalsNPC_Angel_Male,536DF90E484B3BD2C3C906A35CF14D69_cue_1,lets check in with him.
Verbals/VC_VerbalsNPC_Angel_Male,1D817BF842533CCAC204CA8A334D54D5_cue_2,lets check in.
Verbals/VC_VerbalsNPC_Angel_Male,D15076C24AAE2249CEB2ABBF9C35CB0A_cue_1,or does it reveal what truly lies wtihin our hearts?
Verbals/VC_VerbalsNPC_Angel_Male,0D178C074A7926BD1591EBAF50200B6A_cue_1,or the captain.
Verbals/VC_VerbalsNPC_Angel_Male,1B9173C24E04F23BA4E6A79AEB2D9219_cue_2,or to allow them to persist unchallenged.
Verbals/VC_VerbalsNPC_Angel_Male,BCE579624EBC4B2E025616A02C09CFA1_cue_1,our next moves should be calculated.
Verbals/VC_VerbalsNPC_Angel_Male,0EC232F841F36DEEFBEDF0A643B31DE1_cue_1,past the Seminary Hold toward the mountain.
Verbals/VC_VerbalsNPC_Angel_Male,464EC7104342236AD298CEB4889386C8_cue_1,remain tender the longest.
Verbals/VC_VerbalsNPC_Angel_Male,BBBE20A841D60663F67323A336A567AA_cue_3,something terrible stands its guard.
Verbals/VC_VerbalsNPC_Angel_Male,45DC815144477CB3E618FCB3B065183D_cue_1,the Knight Commander of the order.
Verbals/VC_VerbalsNPC_Angel_Male,BBBE20A841D60663F67323A336A567AA_cue_1,the concentration of Hellgrowth lies at the end of these halls.
Verbals/VC_VerbalsNPC_Angel_Male,8F9C0D1847CA523DF8B6D39B66A23940_cue_1,the hopeless are easy prey for predators.
Verbals/VC_VerbalsNPC_Angel_Male,9CDC0357450BEEDF378EF28756AA1750_cue_1,the worst of man.
Verbals/VC_VerbalsNPC_Angel_Male,0A9EAB50450AFF8E4F993E86C16A6E49_cue_2,they're likely to return.
Verbals/VC_VerbalsNPC_Angel_Male,EC9905184264F4C3097B8DA8466131D1_cue_1,this cruelty bears the mark of fearful men.
Verbals/VC_VerbalsNPC_Angel_Male,D0C3647341981527B9CFEBA92BBFF882_cue_1,were acting on someone's behalf. 
Verbals/VC_VerbalsNPC_Angel_Male,93A97EB64382D4A15E4F3E9B152FF97F_cue_1,what were the clergy doing studying Infernal Magick?
Verbals/VC_VerbalsNPC_Angel_Male,3AC257644C35B7FC248DB89D21D3A7CF_cue_1,where Nephilim are immortalized for their feats and triumphs.
Verbals/VC_VerbalsNPC_Angel_Male,00955BCC4204F97813B6A3AF17BB41D1_cue_2,yet something about it is familiar.
Verbals/VC_VerbalsNPC_Blacksmith,03E6E7A84371A6ED75D5DD83ADF54BB2,'kay.
Verbals/VC_VerbalsNPC_Blacksmith,1F73205D487020E71058BCBBF141E92E,(growl)
Verbals/VC_VerbalsNPC_Blacksmith,25C1D7AA4A166A1AFD146B9D6A1545E2,(growl)
Verbals/VC_VerbalsNPC_Blacksmith,A7A4306549A60F70817C299F68A5658C,(growl)
Verbals/VC_VerbalsNPC_Blacksmith,D24643D848396912EE47859A3A41368D,(growl)
Verbals/VC_VerbalsNPC_Blacksmith,2772E1AC4345F6C72C0C8FA3C9A52F82,(growls)
Verbals/VC_VerbalsNPC_Blacksmith,3D1BDE2F479F750EAC35F3BE11DF0D1D,(growls)
Verbals/VC_VerbalsNPC_Blacksmith,097E106B4E857045C799B7BBB76C40EA,(grunt)
Verbals/VC_VerbalsNPC_Blacksmith,378D9C774396AFEE12C911B0817C4612,(grunt)
Verbals/VC_VerbalsNPC_Blacksmith,638683F645BC0A8A8ACD18B49903FC39,(grunt)
Verbals/VC_VerbalsNPC_Blacksmith,95EB218441608B3A5D6A5E9F02A33502,(grunts)
Verbals/VC_VerbalsNPC_Blacksmith,3C253560496EF22CE9CF2DABCEFA112F,Ah good. Yes good.
Verbals/VC_VerbalsNPC_Blacksmith,21FA22E947125B9358DE8B83FBDD7A5A,"Ahh, the pup returns for more."
Verbals/VC_VerbalsNPC_Blacksmith,5E0F6E4748C9F03D66C134A772A8A261_cue_1,Allow Gajov to show you why.
Verbals/VC_VerbalsNPC_Blacksmith,0D40D3E6437F5F651E01CFA9B26F9E47,Another broken hammer...
Verbals/VC_VerbalsNPC_Blacksmith,14A712E348E56DB86A7D1BBDC65FEC88,As promised a mighty weapon. 
Verbals/VC_VerbalsNPC_Blacksmith,3B97A1CA4FBE885228D578B4202066AF,Back off.
Verbals/VC_VerbalsNPC_Blacksmith,4F7626C54D35DE105FAA18AA86357CA1,Back to work.
Verbals/VC_VerbalsNPC_Blacksmith,8562E75A403F56BE53D58A9DE3F93F00,Bad ore! Bad tools!
Verbals/VC_VerbalsNPC_Blacksmith,BD6A4A0F449D276D20D967BFC8E23B5F,Be strong.
Verbals/VC_VerbalsNPC_Blacksmith,247D7FC0459A36475E9A3287CCD33B3B,Blood!
Verbals/VC_VerbalsNPC_Blacksmith,9168E2AA4B420F370227AE987E5DB683,Blood. Bring blood!
Verbals/VC_VerbalsNPC_Blacksmith,AB09F1F442C4DA09E5D536ACBDC52643,Blood. Gajov need blood.
Verbals/VC_VerbalsNPC_Blacksmith,DC2CF9B54E660810EDE5BDB735812380,Blood... Bring Gajov blood.
Verbals/VC_VerbalsNPC_Blacksmith,A5883EB148F5594D27A39581F784ADD7,Bring Gajov all of list or no toy.
Verbals/VC_VerbalsNPC_Blacksmith,D3CC3E3E482AB2A73A9406B36E5799A9,Bring Gajov infernal energy. Lots infernal energy.
Verbals/VC_VerbalsNPC_Blacksmith,0A6F35214B8F1329BD17F9BDE8B1278D,"Bring Gajov material, Gajov forge."
Verbals/VC_VerbalsNPC_Blacksmith,4D6E29B0422197427C9710950C38FBD6,"Bring Gajov material, Gajov forge."
Verbals/VC_VerbalsNPC_Blacksmith,F964E44D4BBCF6742873F5AF73F3227C,"Bring Gajov material, Gajov forge. Understand?"
Verbals/VC_VerbalsNPC_Blacksmith,922661674B569E5299B5108D10F47082,Bring Gajov material... Gajov forge blade!...
Verbals/VC_VerbalsNPC_Blacksmith,5E62972B440CBC2824DCE2B7830F4E01,Bring Gajov what he need and Gajov help.
Verbals/VC_VerbalsNPC_Blacksmith,5FE8FF5D4981A0DEEC177BAD12F049AF,Bring Gajov what he need and Gajov help.
Verbals/VC_VerbalsNPC_Blacksmith,23D04DA749513AC6C665E686C444772F,Bring material.
Verbals/VC_VerbalsNPC_Blacksmith,FF19EEAA44F7DEA522BF28AC1B42944E,Bring ore?
Verbals/VC_VerbalsNPC_Blacksmith,739C1B83498BBC92D66B7CAADF0D9214,Bring steel?
Verbals/VC_VerbalsNPC_Blacksmith,B6B89E8543FD5176DF0BDA8A1F77C799,But Gajov hear stories. In Ramshorn Keep burns special fire.
Verbals/VC_VerbalsNPC_Blacksmith,08AB5D9E44DD4B5D417ABD9439EB9290,But Gajov know the power of steel.
Verbals/VC_VerbalsNPC_Blacksmith,3D7A8D3042F9F362AA0C41948320F35E,"But please, no tell Gallant."
Verbals/VC_VerbalsNPC_Blacksmith,F552E6DA4C853B025B21B6A106285E32_cue_0,By Vodor and Pack in the sky!
Verbals/VC_VerbalsNPC_Blacksmith,F552E6DA4C853B025B21B6A106285E32,By Vodor and Pack in the sky! Mighty fangs for a true dire wolf of Karsiv! 
Verbals/VC_VerbalsNPC_Blacksmith,7457935B4673E7B8A946689188E000AC,Can't.
Verbals/VC_VerbalsNPC_Blacksmith,0DF3EC4B4B28E4685A54D5A23B69E481,Choose sword. Sword good.
Verbals/VC_VerbalsNPC_Blacksmith,EB3CFA79481E87BA6F9899AA42396F0F,"Come pup, Gajov help make strong."
Verbals/VC_VerbalsNPC_Blacksmith,9122CF9944CDFF2572E7898D92909CD6,Come see Gajov.
Verbals/VC_VerbalsNPC_Blacksmith,5133006D440C82BF1EAA6AAC7A5EFB4E,"Come, enjoy Gajov's forge."
Verbals/VC_VerbalsNPC_Blacksmith,D7E80C5E439286D508099FBF7F1EDF58,"Come, let Gajov forge."
Verbals/VC_VerbalsNPC_Blacksmith,70E8F6AE4477922AAF9693AE2CADA214,"Come, let us see what this flame can do."
Verbals/VC_VerbalsNPC_Blacksmith,6A292C3348B908CA026C6B83DEA479CC,Don't die.
Verbals/VC_VerbalsNPC_Blacksmith,E837A1064DA54E0320C69990D78CE91C,Don't touch sword! Not ready!
Verbals/VC_VerbalsNPC_Blacksmith,9F9BD307496F476353E7D0BE982AD7B0,Don't waste Gajov time.
Verbals/VC_VerbalsNPC_Blacksmith,5E0F6E4748C9F03D66C134A772A8A261_cue_0,Dragon bones were highly sought after by Karsivites.
Verbals/VC_VerbalsNPC_Blacksmith,5E0F6E4748C9F03D66C134A772A8A261,Dragon bones were highly sought after by Karsivites. Allow Gajov to show you why.
Verbals/VC_VerbalsNPC_Blacksmith,D9FFE8464FE3A0DF55EDC7A60726FC6F,"Fetch pup, fetch."
Verbals/VC_VerbalsNPC_Blacksmith,0BE6CCEF46AD2933E1A9B4998DBA6C1D,Finally Gajov can start.
Verbals/VC_VerbalsNPC_Blacksmith,555C5F444AA0D788304D03AED4B98A3A,Fine.
Verbals/VC_VerbalsNPC_Blacksmith,2A5A7ACA453509FBBC7432A02A2F0745,Fire speak to Gajov. Gajov listen.
Verbals/VC_VerbalsNPC_Blacksmith,519968744EE96E2E15BB579A6E16361E,For head.
Verbals/VC_VerbalsNPC_Blacksmith,2025450A4CDB75D6F7C1748093323F05,For hurting.
Verbals/VC_VerbalsNPC_Blacksmith,7B526DF7445F4782EC41E5BAD0DE78E3,For killing.
Verbals/VC_VerbalsNPC_Blacksmith,F7BE8FCD4845C4104086338082E747DB,Forge grow cold.
Verbals/VC_VerbalsNPC_Blacksmith,912AB3934ABCF074CA0EA8A165E32D35,Forge hot.
Verbals/VC_VerbalsNPC_Blacksmith,8D0051D04AE3FE0C5E70428997534ABD,Forge or leave.
Verbals/VC_VerbalsNPC_Blacksmith,85933EBB480B33CE39ABC19B7EB3DA19,Forge.
Verbals/VC_VerbalsNPC_Blacksmith,5016FD934BA26E5B2C15E5861202DE93,Friend. What is it?
Verbals/VC_VerbalsNPC_Blacksmith,2BC1D42E4FD71619857016A68695CE53,Friend?
Verbals/VC_VerbalsNPC_Blacksmith,F8CB006441F8AA8BABB5099C9DF6162A,Gajov alone now.
Verbals/VC_VerbalsNPC_Blacksmith,A87F864A4D21D260988EBCB5DC0BF120,Gajov best blacksmith.
Verbals/VC_VerbalsNPC_Blacksmith,77FC19E845F93634F1855EB44E34E342,Gajov bored. Every day same fire.
Verbals/VC_VerbalsNPC_Blacksmith,9F50F19A490A8CC3AB3CE8B0B83B002B,Gajov busy.
Verbals/VC_VerbalsNPC_Blacksmith,C07C6AFD44A8D8CEFC4130AF312C922D,Gajov finish forge.
Verbals/VC_VerbalsNPC_Blacksmith,FA1F565F4DE0CC14078AD4B42C29C9CB,Gajov forge grow hotter.
Verbals/VC_VerbalsNPC_Blacksmith,6A7E3DC14D9A26B02EE594AEB75CF1D5,Gajov glad to see nephilim.
Verbals/VC_VerbalsNPC_Blacksmith,248BDA2D4ADCBDA096E6C2B3F92C32B7_cue_3,Gajov has idea.
Verbals/VC_VerbalsNPC_Blacksmith,2A0C9A7440632BD2189C35A1B576CD0F,Gajov has waited so long.
Verbals/VC_VerbalsNPC_Blacksmith,B9D568094B39C28E3568E09B26484D67,Gajov hate waste time.
Verbals/VC_VerbalsNPC_Blacksmith,22AA5B464C1C1218FF3D3AA2497C23A6,Gajov have idea for new toys.
Verbals/VC_VerbalsNPC_Blacksmith,9D6FAFAA4D52E2F71003EBBA6AFE7EC7,Gajov have task.
Verbals/VC_VerbalsNPC_Blacksmith,87D6BD914313F3133A0DC5A844FAB9D8_cue_1,Gajov learned what Gajov needed.
Verbals/VC_VerbalsNPC_Blacksmith,208321134081A0261064E0A71450C899_cue_1,Gajov like Hellgrowth.
Verbals/VC_VerbalsNPC_Blacksmith,9D142D794EE126ED0ABA3F9FC2DF7A7D,Gajov like choice.
Verbals/VC_VerbalsNPC_Blacksmith,4C0CD0F44CAF36668FA36A811A082D72,Gajov like pup.
Verbals/VC_VerbalsNPC_Blacksmith,28566D714F47FF9101B2F2AA240EC6F8,Gajov liked that one.
Verbals/VC_VerbalsNPC_Blacksmith,006ED69E4E9F21EFA59B6E8B765799D4,Gajov make good armor.
Verbals/VC_VerbalsNPC_Blacksmith,BDF41809490E86880560569194EED4B7,Gajov make good weapon.
Verbals/VC_VerbalsNPC_Blacksmith,7EBCA3DB47A3020A362A9DA9EB13B651,Gajov need much infernal energy or no reforge for Lady Mereda.
Verbals/VC_VerbalsNPC_Blacksmith,D7A270A24E5FF81E704C14A22A98D78F,Gajov no like staring.
Verbals/VC_VerbalsNPC_Blacksmith,2DE2DF08447E46581A3C8B89AC610292,Gajov no like waiting.
Verbals/VC_VerbalsNPC_Blacksmith,7654A03143313E599EA53887D2B3F95A,Gajov no need but Gajov take.
Verbals/VC_VerbalsNPC_Blacksmith,970583334C63240E57D7CFA54D69BE10,Gajov once lost pup too.
Verbals/VC_VerbalsNPC_Blacksmith,262B49AD4B82AF3A73A84AB0C7CBD8E0,Gajov owes Lady Vodor.
Verbals/VC_VerbalsNPC_Blacksmith,8D434D914301E33EE7CB6A80F274A156,Gajov ready.
Verbals/VC_VerbalsNPC_Blacksmith,FEBC1F19419C03512FF7568460AD9065,Gajov sad to see go.
Verbals/VC_VerbalsNPC_Blacksmith,9823DCC94496087279797B8AEA9902D3_cue_0,Gajov seen many clergy fall victim to vampirism.
Verbals/VC_VerbalsNPC_Blacksmith,9823DCC94496087279797B8AEA9902D3,Gajov seen many clergy fall victim to vampirism. Many by his own fangs. Hmm. The Cardinal's staff intrigues Gajov. Help him reforge it.
Verbals/VC_VerbalsNPC_Blacksmith,4386CB1B421BDA210834BF8AB84BE67E,Gajov take.
Verbals/VC_VerbalsNPC_Blacksmith,87B0CE224E5A22434D53A3A77CA1EA97_cue_1,Gajov want forge another weapon of Hellgrowth.
Verbals/VC_VerbalsNPC_Blacksmith,1ED257DF4F64F38782B062AE5C5956B0,"Gajov want more material, more forge."
Verbals/VC_VerbalsNPC_Blacksmith,320F8A2B4D784370E8DF99B759D173A8,Gajov working. What now?
Verbals/VC_VerbalsNPC_Blacksmith,F493DB0E4FA3E137B9F4ABBA69BF7CBF,Gallant says you face a god.
Verbals/VC_VerbalsNPC_Blacksmith,CC08236D410ED8A48573ECA901D7A878,Gallant sends stray pup?
Verbals/VC_VerbalsNPC_Blacksmith,4D4894014D867155105D9D98020BE7A1,Gallant won't like this. Gallant hate Valahk-Nor.
Verbals/VC_VerbalsNPC_Blacksmith,A0F5F31C41AE639241BB07822B288AFF,Give to Gajov.
Verbals/VC_VerbalsNPC_Blacksmith,87B0CE224E5A22434D53A3A77CA1EA97_cue_4,Give you mighy fangs! Hehehe!
Verbals/VC_VerbalsNPC_Blacksmith,09ABDF164CBD8F1FA8E09C86813CB319,Go now.
Verbals/VC_VerbalsNPC_Blacksmith,4100DB824B1643A3AD28FC84B724844D,Go now.
Verbals/VC_VerbalsNPC_Blacksmith,F0E488A344E32040C34811BAAAC4BD1F,Go.
Verbals/VC_VerbalsNPC_Blacksmith,F00DC91A41F5CE4F777E4A88278313D5,Go. Come back when ready.
Verbals/VC_VerbalsNPC_Blacksmith,EFDB71404CEC4205D3D4F0BA0D94EE59,Gone now.
Verbals/VC_VerbalsNPC_Blacksmith,DA72E3B641E2314642363F914928CF6D,Good choice.
Verbals/VC_VerbalsNPC_Blacksmith,38B0396947DFAD02E984038677BE1666,Good ore! Haha good.
Verbals/VC_VerbalsNPC_Blacksmith,0F5E3C28448CC53210067FA0F0025408,Good pup.
Verbals/VC_VerbalsNPC_Blacksmith,715B3F0F4485E6FB61167E914A64BE7F,Good pup.
Verbals/VC_VerbalsNPC_Blacksmith,66FD2EAA45F9CAE3113632B4E960BF65,Good pup. Bring Gajov better material. Gajov make better fire.
Verbals/VC_VerbalsNPC_Blacksmith,6551273F46A9C7B5B2BC088EC5E88614,"Good pup. Now, buy new toy. Kill gods."
Verbals/VC_VerbalsNPC_Blacksmith,1EB24AE54E3C099AA6377C8E5E7EE124,Good toy.
Verbals/VC_VerbalsNPC_Blacksmith,DADCD80F49B064C3E7073EAE1D47AE5A,"Good, Gajov's waited for a moment like this. Heheheh"
Verbals/VC_VerbalsNPC_Blacksmith,C7CEB1B54CFE0E6747B2A2B7C3D5A884,Good. Gajov make new toys for pup.
Verbals/VC_VerbalsNPC_Blacksmith,208321134081A0261064E0A71450C899_cue_3,Hahaha!
Verbals/VC_VerbalsNPC_Blacksmith,1BDF45864B621E0394066493FB596893,Have material?
Verbals/VC_VerbalsNPC_Blacksmith,248BDA2D4ADCBDA096E6C2B3F92C32B7_cue_0,Hellgrowth interest Gajov.
Verbals/VC_VerbalsNPC_Blacksmith,248BDA2D4ADCBDA096E6C2B3F92C32B7,Hellgrowth interest Gajov. Turns flesh and bone into something... m a l e a b l e. Gajov has idea. You help Gajov forge another weapon yes?
Verbals/VC_VerbalsNPC_Blacksmith,B34D6F514EEE8E123952D4AFFD30E08B_cue_3,Help Gajov forge a mighty weapon from it.
Verbals/VC_VerbalsNPC_Blacksmith,87B0CE224E5A22434D53A3A77CA1EA97_cue_3,Help Gajov help you pup.
Verbals/VC_VerbalsNPC_Blacksmith,9823DCC94496087279797B8AEA9902D3_cue_4,Help him reforge it.
Verbals/VC_VerbalsNPC_Blacksmith,54297EFD47A1CB5E48F52497BF5558DD,Help you don't die.
Verbals/VC_VerbalsNPC_Blacksmith,208321134081A0261064E0A71450C899_cue_2,Here see what Gajov made you!
Verbals/VC_VerbalsNPC_Blacksmith,4D2674494F017A028A5EF79C3CF1C51F,"Here, Gajov make very special toys for good pup."
Verbals/VC_VerbalsNPC_Blacksmith,40D1ABCE4EE739802648A083BFE68C57,"Here, kill many hell creature. Make Gajov proud."
Verbals/VC_VerbalsNPC_Blacksmith,694E557641175521849E68B5772DF6ED,"Here, take list. Go fetch."
Verbals/VC_VerbalsNPC_Blacksmith,21A7DF624EE9AE8A2560F296B84D62BF,"Here, take list. Good pup."
Verbals/VC_VerbalsNPC_Blacksmith,F1CAFFA041D8199B4446C782E6A69F18,"Here, this yours. Don't die."
Verbals/VC_VerbalsNPC_Blacksmith,01E276244CF8F690EDA0359023ADC0AD,Here. Fine Karsivite dragon forged weapon. Reminds Gajov of home.
Verbals/VC_VerbalsNPC_Blacksmith,FB17330E4E82EC6E3395A09DB897619D,Here. Lady Vodor once help Gajov.
Verbals/VC_VerbalsNPC_Blacksmith,4D4E38BA4F63EACBF4CB27BEE236128E,Here. No show Gallant. Bad memories.
Verbals/VC_VerbalsNPC_Blacksmith,B75448454AAE330AC9A387AEBF929717,Hmm not everything on list.
Verbals/VC_VerbalsNPC_Blacksmith,2BF138864B427532393A4DA0C0C261D7,Hmm.
Verbals/VC_VerbalsNPC_Blacksmith,9823DCC94496087279797B8AEA9902D3_cue_2,Hmm.
Verbals/VC_VerbalsNPC_Blacksmith,406354564F83AE77BE725DA0F58FE2E7,Hmm. This pup good at fetch.
Verbals/VC_VerbalsNPC_Blacksmith,7C8986814B0198FA26B8748057B50D0B,Hmm?
Verbals/VC_VerbalsNPC_Blacksmith,3410632647F020151EDBCFB0B80EDBAD,Hmm? Pup bring supplies.
Verbals/VC_VerbalsNPC_Blacksmith,87D6BD914313F3133A0DC5A844FAB9D8_cue_0,Hmmm. Here.
Verbals/VC_VerbalsNPC_Blacksmith,87D6BD914313F3133A0DC5A844FAB9D8,Hmmm. Here. Gajov learned what Gajov needed. Take the staff. No need for it.
Verbals/VC_VerbalsNPC_Blacksmith,D9ECDEA644AE228D31892CB1D6D859AC,Huh?
Verbals/VC_VerbalsNPC_Blacksmith,A0FD231A439E2DDB3FEC86A7E1FBC236,"Huh? Oh, you."
Verbals/VC_VerbalsNPC_Blacksmith,D13EE6514C5F56482BD9528612B30698,"If Gallant friend, Gajov friend."
Verbals/VC_VerbalsNPC_Blacksmith,6C36C47A432885ACB87E9D8BB4B262BD,It only way.
Verbals/VC_VerbalsNPC_Blacksmith,B34D6F514EEE8E123952D4AFFD30E08B_cue_4,It will be yours.
Verbals/VC_VerbalsNPC_Blacksmith,B34D6F514EEE8E123952D4AFFD30E08B_cue_2,Its strength is still of use.
Verbals/VC_VerbalsNPC_Blacksmith,5F7157AA4B7C837890A33C8A7C91539A,Keep blood inside.
Verbals/VC_VerbalsNPC_Blacksmith,D36FE0674B3C680DBB4E7CAA1C7A2DAB,Leave Gajov.
Verbals/VC_VerbalsNPC_Blacksmith,9823DCC94496087279797B8AEA9902D3_cue_1,Many by his own fangs.
Verbals/VC_VerbalsNPC_Blacksmith,BBCD64E24B1F2ED7771645BEBC72611C,Material for Gajov?
Verbals/VC_VerbalsNPC_Blacksmith,2402081540CDEF57F05520B323056A85,"Men speak too much, more works, more lies."
Verbals/VC_VerbalsNPC_Blacksmith,DD88904A4B4770DCD11B5EB00D881650,Mereda? Hmm. Let Gajov see.
Verbals/VC_VerbalsNPC_Blacksmith,F552E6DA4C853B025B21B6A106285E32_cue_1,Mighty fangs for a true dire wolf of Karsiv!
Verbals/VC_VerbalsNPC_Blacksmith,E2C044594B0B47342147C5BFBA7AA1B1,Mine now.
Verbals/VC_VerbalsNPC_Blacksmith,81235B3348E47518D7E9C8BBABA9AAD4,Mine.
Verbals/VC_VerbalsNPC_Blacksmith,87CD50104988FCCDDC7C8DA8D7388E05,Mmmhmm.
Verbals/VC_VerbalsNPC_Blacksmith,E0F1415B4D9A29A86834A49DE24F73D0,Monks always watching... Bad monks... Good Gajov.
Verbals/VC_VerbalsNPC_Blacksmith,900FE5174D7964AF513751A5B7EFBE37,More material for the fire.
Verbals/VC_VerbalsNPC_Blacksmith,A3D98E4A49B8E1B280FF0295A8F01450,"More material, more forge. Simple."
Verbals/VC_VerbalsNPC_Blacksmith,2EFA09C840BF466F4227DABDE54F96D7,Nah-uh.
Verbals/VC_VerbalsNPC_Blacksmith,DD652A2C43604BD7ACBAA48F6B87BCDE,Need Gajov?
Verbals/VC_VerbalsNPC_Blacksmith,A17438B24A175844AD50CA82C08758FF,Need forge?
Verbals/VC_VerbalsNPC_Blacksmith,71A80294445AAE80996F39A2103CE483,Need ore.
Verbals/VC_VerbalsNPC_Blacksmith,9E1694DB4E2CF68F2B3868BDAF8C33F4,New toy for Nephilim.
Verbals/VC_VerbalsNPC_Blacksmith,368C97B244B4858CFD78F6ACE8547D93,Nice neck. Come closer Gajov hungry.
Verbals/VC_VerbalsNPC_Blacksmith,87D6BD914313F3133A0DC5A844FAB9D8_cue_3,No need for it.
Verbals/VC_VerbalsNPC_Blacksmith,C589F60E4F4DCD2D7A770087192D1483,No no... this is wrong.
Verbals/VC_VerbalsNPC_Blacksmith,E4F3D85C4713E8DC87C206B11B376F23,No talk. Always talk. Always lies.
Verbals/VC_VerbalsNPC_Blacksmith,DD609487407004DEB018EE9F7D2DD077,No touch sword! ...Not ready. More hit.
Verbals/VC_VerbalsNPC_Blacksmith,96D9E04D44871D9DF4063BB4C13A4251,No waste Gajov's time.
Verbals/VC_VerbalsNPC_Blacksmith,173C49444A83E7ED095B5D8993A18634,No! Gajov need everything on list. Everything.
Verbals/VC_VerbalsNPC_Blacksmith,CA1BF9B642236A2AEE8B6392C6319289,"No, bad pup."
Verbals/VC_VerbalsNPC_Blacksmith,09ED11A7499019C6368C2B9503744D4D,No.
Verbals/VC_VerbalsNPC_Blacksmith,FD79BB924DE6D36D75C09390EC732EA2,Not with those tools.
Verbals/VC_VerbalsNPC_Blacksmith,6EE9233B451A7ACA273F23AFE383D233,Now Lady Vodor help you.
Verbals/VC_VerbalsNPC_Blacksmith,0DFE186B45085C5304041D8D3E217747,Now go.
Verbals/VC_VerbalsNPC_Blacksmith,2046998D45F248ED3C0C6988CA9A59F6,Now go.
Verbals/VC_VerbalsNPC_Blacksmith,5328867B457DF99C151715BCA3103488,Now go.
Verbals/VC_VerbalsNPC_Blacksmith,11B4013C483D2F250311E1A66328A7BE,"Now, kill gods."
Verbals/VC_VerbalsNPC_Blacksmith,509A06EA4EE2A7B338C4E3872BBADE54,Obsidian black. More strong than iron.
Verbals/VC_VerbalsNPC_Blacksmith,1CF38F29410DB803546949BAE8863729,Okay.
Verbals/VC_VerbalsNPC_Blacksmith,7D09695245CB6B9F299BE687793C6DD2,Okay.
Verbals/VC_VerbalsNPC_Blacksmith,FBC6772F4DB554FC53A420B7F4AD66E6,Okay.
Verbals/VC_VerbalsNPC_Blacksmith,87B0CE224E5A22434D53A3A77CA1EA97_cue_2,One from that lich.
Verbals/VC_VerbalsNPC_Blacksmith,6E1091AD4A379D642F9752B0531D8110,Only look. No touch.
Verbals/VC_VerbalsNPC_Blacksmith,EB08666547FE0E0D814E96B687D7078C,Ore for Gajov?
Verbals/VC_VerbalsNPC_Blacksmith,1F56C7F04EBBEFD2190340B65F2FFD0A,"Please, help Gajov fix."
Verbals/VC_VerbalsNPC_Blacksmith,A2CAAE0B42F19304DC0192B5230AF38E,"Please, help fix."
Verbals/VC_VerbalsNPC_Blacksmith,8339781B4381F22A0AE927926F158571,Protect you.
Verbals/VC_VerbalsNPC_Blacksmith,80D0EBEA4D140EE09A99B882E99C5F59,Pup know what to do. Fetch for Gajov.
Verbals/VC_VerbalsNPC_Blacksmith,D35B010E4EA22F8D36D8819518942706,Pup need new arms. Lay it here.
Verbals/VC_VerbalsNPC_Blacksmith,C7FC4C7C441B7F4CD49F3CB9BE34A211,Read list. Bring everything.
Verbals/VC_VerbalsNPC_Blacksmith,DB2E706044D118B3DBE336BA62EAACA2,Reforge the demon sword?
Verbals/VC_VerbalsNPC_Blacksmith,9E624EBF4CBD8BF926DFB5AD0420C9A5,Respect Gajov time.
Verbals/VC_VerbalsNPC_Blacksmith,BCD576144DC55C5A1ABE4DA3C1B15BB4,Return to Gajov when done.
Verbals/VC_VerbalsNPC_Blacksmith,9E4C2FC44C0242E2CCCED1ABD03FEEFD,Return when dull.
Verbals/VC_VerbalsNPC_Blacksmith,BAFF19A64DC618DC157128AAFDB2CD39,Sharp.
Verbals/VC_VerbalsNPC_Blacksmith,F53448DB4F3F91401FD7F79C1E70FFC0,Sharp. Good.
Verbals/VC_VerbalsNPC_Blacksmith,ECDB1A3343D3E757729E04BEEA23A52E,Smithing.
Verbals/VC_VerbalsNPC_Blacksmith,B1676C5A4C0E46E5C2C4BCB8C8F9A41E,Smithing?
Verbals/VC_VerbalsNPC_Blacksmith,B037EB6B40C6EF972F9FB0B6B3EC1BCC,Special fire in Ramshorn Keep. You take for Gajov.
Verbals/VC_VerbalsNPC_Blacksmith,07F9C06D4FB3E47C25A3CBBED720889B,Special fire.
Verbals/VC_VerbalsNPC_Blacksmith,03A94DDA4AA897EEF974FEBE61639C1C,Spiky toy.
Verbals/VC_VerbalsNPC_Blacksmith,4C44C2CF49C93AAC5A578FA98AC9D44A,Strong one.
Verbals/VC_VerbalsNPC_Blacksmith,BCF1AABA42B78E516D730C8DA03D0154,Strong.
Verbals/VC_VerbalsNPC_Blacksmith,5B6596FE4A0CC16A07E4DAB583451AD4,Sword dull. Give to Gajov.
Verbals/VC_VerbalsNPC_Blacksmith,843AA727401952F174B0FA9CCA8DCAFA,Sword's dull?
Verbals/VC_VerbalsNPC_Blacksmith,8EE3066143F4B3C58C4A11AC976853F7,Take list. Bring everything. Gajov help you kill a god.
Verbals/VC_VerbalsNPC_Blacksmith,87D6BD914313F3133A0DC5A844FAB9D8_cue_2,Take the staff.
Verbals/VC_VerbalsNPC_Blacksmith,CED4460A441026F768B09594224CAF88,Take then.
Verbals/VC_VerbalsNPC_Blacksmith,B34D6F514EEE8E123952D4AFFD30E08B_cue_0,That Beast.
Verbals/VC_VerbalsNPC_Blacksmith,B34D6F514EEE8E123952D4AFFD30E08B,That Beast. Warden. Its strength is still of use. Help Gajov forge a mighty weapon from it. It will be yours.
Verbals/VC_VerbalsNPC_Blacksmith,77E0C67F40F327A017CD8FBF826B1DFE,That armor get you killed! Let Gajov see.
Verbals/VC_VerbalsNPC_Blacksmith,9823DCC94496087279797B8AEA9902D3_cue_3,The Cardinal's staff intrigues Gajov.
Verbals/VC_VerbalsNPC_Blacksmith,D2D83388401DB9CC806E8C8DC8E7696A,The forge is hot.
Verbals/VC_VerbalsNPC_Blacksmith,7FA8FD0D4D32EF8438F096A83A890353,Then it is time.
Verbals/VC_VerbalsNPC_Blacksmith,067CA99A4BE851BB1F9EA397B80B6E9D,They call me animal. But Gajov no animal. Not like them.
Verbals/VC_VerbalsNPC_Blacksmith,AA46C6AB411389A0875E079C90956BFD,This most important thing.
Verbals/VC_VerbalsNPC_Blacksmith,6267B11449A8FF361909A884CC0B33B1,This one for killing.
Verbals/VC_VerbalsNPC_Blacksmith,4D9F535544F8E9AAA3024F867687436B,This take time. Pup come back later.
Verbals/VC_VerbalsNPC_Blacksmith,C3365FBB4B0B63CD59ADE2958C4D630B,This what I need.
Verbals/VC_VerbalsNPC_Blacksmith,8C1DB7F2416EC27ED0CEBBB470AC505F,Time for forge.
Verbals/VC_VerbalsNPC_Blacksmith,740BB1CE4E11A6CA348961B50261147C,Trust Gajov's forge.
Verbals/VC_VerbalsNPC_Blacksmith,0B639CA1493DAF8812B26D8403076305,Trust Gajov's skill.
Verbals/VC_VerbalsNPC_Blacksmith,6EC5A0314E5B4F4ED775ABA99F429676,Trust Gajov.
Verbals/VC_VerbalsNPC_Blacksmith,F45EA05B4D979D28288C709E7F3DB2C8,"Trust in Gajov, Vodor. Gajov fix."
Verbals/VC_VerbalsNPC_Blacksmith,248BDA2D4ADCBDA096E6C2B3F92C32B7_cue_1,Turns flesh and bone into something...
Verbals/VC_VerbalsNPC_Blacksmith,8C752B934AF347768749C490FAD0CD5A,Use Gajov. Get strong.
Verbals/VC_VerbalsNPC_Blacksmith,23E4719A481FD678B3F703881ACBDF78,Vodor... broken... Gajov fix.
Verbals/VC_VerbalsNPC_Blacksmith,B34D6F514EEE8E123952D4AFFD30E08B_cue_1,Warden.
Verbals/VC_VerbalsNPC_Blacksmith,6B47D14D48A5E0593F7544932D78CB07,"What is it, pup?"
Verbals/VC_VerbalsNPC_Blacksmith,11CDDCF340E47AA220B72C95AE7DDD83,What pup want?
Verbals/VC_VerbalsNPC_Blacksmith,3F9CEEED41DD4E5EDA324EBA13E7B5C5,What you want?
Verbals/VC_VerbalsNPC_Blacksmith,38536D6D44F01D50951A0DAC92F98464,What?
Verbals/VC_VerbalsNPC_Blacksmith,9EF6C7244A96BDA2BCE328B2507D17A8,"When it come to forge, Gajov know best."
Verbals/VC_VerbalsNPC_Blacksmith,87B0CE224E5A22434D53A3A77CA1EA97_cue_0,Yes! Another idea.
Verbals/VC_VerbalsNPC_Blacksmith,87B0CE224E5A22434D53A3A77CA1EA97,Yes! Another idea. Gajov want forge another weapon of Hellgrowth. One from that lich. Help Gajov help you pup. Give you mighy fangs! Hehehe!
Verbals/VC_VerbalsNPC_Blacksmith,574A47BD4FDABB1902A74598E34A128D,Yes.
Verbals/VC_VerbalsNPC_Blacksmith,208321134081A0261064E0A71450C899_cue_0,Yes. Yes!
Verbals/VC_VerbalsNPC_Blacksmith,208321134081A0261064E0A71450C899,Yes. Yes! Gajov like Hellgrowth. Here see what Gajov made you! Hahaha!
Verbals/VC_VerbalsNPC_Blacksmith,045A328D4782A92C2275C2AA487969B2,You bring Gajov material?
Verbals/VC_VerbalsNPC_Blacksmith,FBB4E8C74BC555E307FC68BCD093A79F,You bring material. Gajov make blade.
Verbals/VC_VerbalsNPC_Blacksmith,248BDA2D4ADCBDA096E6C2B3F92C32B7_cue_4,You help Gajov forge another weapon yes?
Verbals/VC_VerbalsNPC_Blacksmith,8477F21E4FA6B779923E1D9FA85F9179,You help Gajov. Gajov help you.
Verbals/VC_VerbalsNPC_Blacksmith,B0B2F4B5484E89A1FA20C5A5022A0156,You're like Gallant. Gajov trust you.
Verbals/VC_VerbalsNPC_Blacksmith,B8B1273F4E15590A6536F1825902BBA7,"You, go Ramshorn Keep. Bring Gajov special fire."
Verbals/VC_VerbalsNPC_Blacksmith,3DDC120D458D54163F367B99A8D70CD7,"You, help Gajov. Please."
Verbals/VC_VerbalsNPC_Blacksmith,F33541B741B00D729CE167938EBD0D32,You... thank you... pup.
Verbals/VC_VerbalsNPC_Blacksmith,248BDA2D4ADCBDA096E6C2B3F92C32B7_cue_2,m a l e a b l e.
Verbals/VC_VerbalsNPC_Door_Advocate,DE7150AE4C1F8E5D53937D82D9DF087A_cue_1,"A promise of unity, an escape from suffering."
Verbals/VC_VerbalsNPC_Door_Advocate,104E97BD444DE560E56F60866E483662_cue_2,All that remains of a lucid independent soul in the Garden.
Verbals/VC_VerbalsNPC_Door_Advocate,DE7150AE4C1F8E5D53937D82D9DF087A_cue_4,Felwyl.
Verbals/VC_VerbalsNPC_Door_Advocate,78C0D4204C3A3D14637400B1B3552CFC_cue_1,"He awaits you, and yet I can help."
Verbals/VC_VerbalsNPC_Door_Advocate,104E97BD444DE560E56F60866E483662_cue_1,Hear me. I am the Advocate.
Verbals/VC_VerbalsNPC_Door_Advocate,78C0D4204C3A3D14637400B1B3552CFC_cue_2,I've learned much from my council with him.
Verbals/VC_VerbalsNPC_Door_Advocate,78C0D4204C3A3D14637400B1B3552CFC_cue_0,I've seen him resting upon a Throne of Flesh and Bone.
Verbals/VC_VerbalsNPC_Door_Advocate,78C0D4204C3A3D14637400B1B3552CFC,"I've seen him resting upon a Throne of Flesh and Bone. He awaits you, and yet I can help. I've learned much from my council with him."
Verbals/VC_VerbalsNPC_Door_Advocate,5860B92145041D50C3FE10845F95B847_cue_0,I've yet to assimilate.
Verbals/VC_VerbalsNPC_Door_Advocate,5860B92145041D50C3FE10845F95B847,"I've yet to assimilate. My power, whatever I was before, has sustained me long after I've been consumed."
Verbals/VC_VerbalsNPC_Door_Advocate,B4D3340843B437A1E6BD839BB2836181_cue_0,"It is inevitable that my strength will wane,"
Verbals/VC_VerbalsNPC_Door_Advocate,B4D3340843B437A1E6BD839BB2836181,"It is inevitable that my strength will wane, and I will be lost. There are others like me, yet unaware and in pain who await my fate. Seek them out, and kill them before their souls are fully consumed."
Verbals/VC_VerbalsNPC_Door_Advocate,DE7150AE4C1F8E5D53937D82D9DF087A_cue_2,"It was instead a ploy to terraform this world for the demons,"
Verbals/VC_VerbalsNPC_Door_Advocate,104E97BD444DE560E56F60866E483662_cue_0,Listen to my words.
Verbals/VC_VerbalsNPC_Door_Advocate,104E97BD444DE560E56F60866E483662,Listen to my words. Hear me. I am the Advocate. All that remains of a lucid independent soul in the Garden.
Verbals/VC_VerbalsNPC_Door_Advocate,5860B92145041D50C3FE10845F95B847_cue_1,"My power, whatever I was before,"
Verbals/VC_VerbalsNPC_Door_Advocate,CDBA4E1849A1E71992C4148813D0B64B_cue_1,Seek me at the end of these halls.
Verbals/VC_VerbalsNPC_Door_Advocate,B4D3340843B437A1E6BD839BB2836181_cue_4,"Seek them out,"
Verbals/VC_VerbalsNPC_Door_Advocate,DE7150AE4C1F8E5D53937D82D9DF087A_cue_0,The Garden was a trap.
Verbals/VC_VerbalsNPC_Door_Advocate,DE7150AE4C1F8E5D53937D82D9DF087A,"The Garden was a trap. A promise of unity, an escape from suffering. It was instead a ploy to terraform this world for the demons, and to empower the lich… Felwyl."
Verbals/VC_VerbalsNPC_Door_Advocate,B4D3340843B437A1E6BD839BB2836181_cue_2,"There are others like me,"
Verbals/VC_VerbalsNPC_Door_Advocate,1786EFC444F54CD0F7A3429ECEF10987_cue_0,Thrust your blade into me and I shall grant you a virulent blade.
Verbals/VC_VerbalsNPC_Door_Advocate,1786EFC444F54CD0F7A3429ECEF10987,"Thrust your blade into me and I shall grant you a virulent blade. Toxic to all, including the Hellgrowth."
Verbals/VC_VerbalsNPC_Door_Advocate,1786EFC444F54CD0F7A3429ECEF10987_cue_1,"Toxic to all,"
Verbals/VC_VerbalsNPC_Door_Advocate,CBF517B540698586052779960947BB15,You've done a great service to us.
Verbals/VC_VerbalsNPC_Door_Advocate,CDBA4E1849A1E71992C4148813D0B64B_cue_0,You. Come.
Verbals/VC_VerbalsNPC_Door_Advocate,CDBA4E1849A1E71992C4148813D0B64B,You. Come. Seek me at the end of these halls.
Verbals/VC_VerbalsNPC_Door_Advocate,B4D3340843B437A1E6BD839BB2836181_cue_1,and I will be lost.
Verbals/VC_VerbalsNPC_Door_Advocate,B4D3340843B437A1E6BD839BB2836181_cue_5,and kill them before their souls are fully consumed.
Verbals/VC_VerbalsNPC_Door_Advocate,DE7150AE4C1F8E5D53937D82D9DF087A_cue_3,and to empower the lich…
Verbals/VC_VerbalsNPC_Door_Advocate,5860B92145041D50C3FE10845F95B847_cue_2,has sustained me long after I've been consumed.
Verbals/VC_VerbalsNPC_Door_Advocate,1786EFC444F54CD0F7A3429ECEF10987_cue_2,including the Hellgrowth.
Verbals/VC_VerbalsNPC_Door_Advocate,B4D3340843B437A1E6BD839BB2836181_cue_3,yet unaware and in pain who await my fate.
Verbals/VC_VerbalsNPC_Door_DemoralizedWoman,D60E9DA6441A98DB1DBE97860C94CE35,(whimpering fear)
Verbals/VC_VerbalsNPC_Door_DemoralizedWoman,AEAE69DD4344638ED8BB1EA137167019_cue_2,Ain't heard 'em since the Inquisition started
Verbals/VC_VerbalsNPC_Door_DemoralizedWoman,90659D2E4B5D6C4C82A9A5BFED94E2AF_cue_4,Alley weren't there no more. Just fog...
Verbals/VC_VerbalsNPC_Door_DemoralizedWoman,2539CDBD4E8487442643BF98D70EC91A_cue_2,Am I still here?
Verbals/VC_VerbalsNPC_Door_DemoralizedWoman,B85A859B4FF256CB53C374AA7871A187_cue_4,An' I remember givin' you somethin' too...
Verbals/VC_VerbalsNPC_Door_DemoralizedWoman,B85A859B4FF256CB53C374AA7871A187_cue_1,Bread? That ain't right. Could swear
Verbals/VC_VerbalsNPC_Door_DemoralizedWoman,94B0D0B64A193219D1D9BD9381CE3FCF_cue_3,But look at it...
Verbals/VC_VerbalsNPC_Door_DemoralizedWoman,77B9E8EE4BA1DB2C2D66979CAD70B4CE_cue_1,Can't recall the last time I ate.
Verbals/VC_VerbalsNPC_Door_DemoralizedWoman,DA29115F403BC354B4AD5486624FEFD7_cue_1,Church folk done 'nough harm 'round here.
Verbals/VC_VerbalsNPC_Door_DemoralizedWoman,C4E5C2574BEF4963B58048BBAA549ED3,Cursed Nephilim...
Verbals/VC_VerbalsNPC_Door_DemoralizedWoman,E7D7C370422DCC6B861427B29D4D2B2A_cue_0,"Do I know you, stranger?"
Verbals/VC_VerbalsNPC_Door_DemoralizedWoman,E7D7C370422DCC6B861427B29D4D2B2A,"Do I know you, stranger? Feels like we've spoke before."
Verbals/VC_VerbalsNPC_Door_DemoralizedWoman,90659D2E4B5D6C4C82A9A5BFED94E2AF_cue_2,Doors where walls once stood.
Verbals/VC_VerbalsNPC_Door_DemoralizedWoman,713C2480476EF5BC6B587F930ED000DD_cue_0,Every time you knock on that door...
Verbals/VC_VerbalsNPC_Door_DemoralizedWoman,713C2480476EF5BC6B587F930ED000DD,Every time you knock on that door... it feels like the end of a story I've already lived through.
Verbals/VC_VerbalsNPC_Door_DemoralizedWoman,437C9220484F64714B0576A25BD766F5_cue_4,Every time...
Verbals/VC_VerbalsNPC_Door_DemoralizedWoman,E7D7C370422DCC6B861427B29D4D2B2A_cue_1,Feels like we've spoke before.
Verbals/VC_VerbalsNPC_Door_DemoralizedWoman,A35760174888CF79F4082595B24870F8,Go on now! I know what you are.
Verbals/VC_VerbalsNPC_Door_DemoralizedWoman,62F5C60F4F7BE7BF6855FC8220A6C216,Haven’t we had this talk already?
Verbals/VC_VerbalsNPC_Door_DemoralizedWoman,AEAE69DD4344638ED8BB1EA137167019_cue_6,He gave it to me before they took him away.
Verbals/VC_VerbalsNPC_Door_DemoralizedWoman,90659D2E4B5D6C4C82A9A5BFED94E2AF_cue_1,Houses where gardens used ta be.
Verbals/VC_VerbalsNPC_Door_DemoralizedWoman,84316E3648393CF28ECDB9B21EC88B6E,I ain't openin' m'door just ta die polite.
Verbals/VC_VerbalsNPC_Door_DemoralizedWoman,DA29115F403BC354B4AD5486624FEFD7_cue_0,"I ain't speakin' to you, beast!"
Verbals/VC_VerbalsNPC_Door_DemoralizedWoman,DA29115F403BC354B4AD5486624FEFD7,"I ain't speakin' to you, beast! Church folk done 'nough harm 'round here."
Verbals/VC_VerbalsNPC_Door_DemoralizedWoman,AEAE69DD4344638ED8BB1EA137167019_cue_4,"I got nothin' left ta trade you,"
Verbals/VC_VerbalsNPC_Door_DemoralizedWoman,77B9E8EE4BA1DB2C2D66979CAD70B4CE_cue_0,I had a thought earlier...
Verbals/VC_VerbalsNPC_Door_DemoralizedWoman,77B9E8EE4BA1DB2C2D66979CAD70B4CE,I had a thought earlier... Can't recall the last time I ate. Or slept. Or opened this door.
Verbals/VC_VerbalsNPC_Door_DemoralizedWoman,437C9220484F64714B0576A25BD766F5_cue_5,I hand it to ya.
Verbals/VC_VerbalsNPC_Door_DemoralizedWoman,437C9220484F64714B0576A25BD766F5_cue_0,I keep hearin' ya knock.
Verbals/VC_VerbalsNPC_Door_DemoralizedWoman,437C9220484F64714B0576A25BD766F5,I keep hearin' ya knock. Over an' over. Sometimes you bring food. Sometimes you ask about that key to the armory. Every time... I hand it to ya.
Verbals/VC_VerbalsNPC_Door_DemoralizedWoman,509ECC1D4784018988D02A95FE36BED7_cue_2,I reckon it helps a body keep sane.
Verbals/VC_VerbalsNPC_Door_DemoralizedWoman,B85A859B4FF256CB53C374AA7871A187_cue_3,I remember thankin' you.
Verbals/VC_VerbalsNPC_Door_DemoralizedWoman,94B0D0B64A193219D1D9BD9381CE3FCF_cue_1,I remember the Inquisition breakin' this door down.
Verbals/VC_VerbalsNPC_Door_DemoralizedWoman,509ECC1D4784018988D02A95FE36BED7_cue_0,If you come back again an' I say the same things...
Verbals/VC_VerbalsNPC_Door_DemoralizedWoman,509ECC1D4784018988D02A95FE36BED7,If you come back again an' I say the same things... pretend you ain't heard 'em before. I reckon it helps a body keep sane.
Verbals/VC_VerbalsNPC_Door_DemoralizedWoman,AEAE69DD4344638ED8BB1EA137167019_cue_0,M'man used to ring the cathedral bells
Verbals/VC_VerbalsNPC_Door_DemoralizedWoman,AEAE69DD4344638ED8BB1EA137167019,"M'man used to ring the cathedral bells for the dawn watch. Ain't heard 'em since the Inquisition started draggin' folk off in the night. I got nothin' left ta trade you, save maybe his key. He gave it to me before they took him away."
Verbals/VC_VerbalsNPC_Door_DemoralizedWoman,77B9E8EE4BA1DB2C2D66979CAD70B4CE_cue_3,Or opened this door.
Verbals/VC_VerbalsNPC_Door_DemoralizedWoman,77B9E8EE4BA1DB2C2D66979CAD70B4CE_cue_2,Or slept.
Verbals/VC_VerbalsNPC_Door_DemoralizedWoman,437C9220484F64714B0576A25BD766F5_cue_1,Over an' over.
Verbals/VC_VerbalsNPC_Door_DemoralizedWoman,437C9220484F64714B0576A25BD766F5_cue_3,Sometimes you ask about that key to the armory.
Verbals/VC_VerbalsNPC_Door_DemoralizedWoman,437C9220484F64714B0576A25BD766F5_cue_2,Sometimes you bring food.
Verbals/VC_VerbalsNPC_Door_DemoralizedWoman,94B0D0B64A193219D1D9BD9381CE3FCF_cue_2,Splinters an' all.
Verbals/VC_VerbalsNPC_Door_DemoralizedWoman,2539CDBD4E8487442643BF98D70EC91A_cue_0,"Tell me true, Nephilim..."
Verbals/VC_VerbalsNPC_Door_DemoralizedWoman,2539CDBD4E8487442643BF98D70EC91A,"Tell me true, Nephilim... When you walk away from this cursed door... Am I still here?"
Verbals/VC_VerbalsNPC_Door_DemoralizedWoman,AA3E18E0432E50173A6877B3D12D8283,Thank you kindly. I’ll manage for now.
Verbals/VC_VerbalsNPC_Door_DemoralizedWoman,94B0D0B64A193219D1D9BD9381CE3FCF_cue_0,"The strange thing is,"
Verbals/VC_VerbalsNPC_Door_DemoralizedWoman,94B0D0B64A193219D1D9BD9381CE3FCF,"The strange thing is, I remember the Inquisition breakin' this door down. Splinters an' all. But look at it... still standin' 'tween us."
Verbals/VC_VerbalsNPC_Door_DemoralizedWoman,90659D2E4B5D6C4C82A9A5BFED94E2AF_cue_0,The streets keep shiftin' out there.
Verbals/VC_VerbalsNPC_Door_DemoralizedWoman,90659D2E4B5D6C4C82A9A5BFED94E2AF,The streets keep shiftin' out there. Houses where gardens used ta be. Doors where walls once stood. Tried openin' the window this mornin'. Alley weren't there no more. Just fog... an' the sound o' bells.
Verbals/VC_VerbalsNPC_Door_DemoralizedWoman,90659D2E4B5D6C4C82A9A5BFED94E2AF_cue_3,Tried openin' the window this mornin'.
Verbals/VC_VerbalsNPC_Door_DemoralizedWoman,B85A859B4FF256CB53C374AA7871A187_cue_0,What's that then?
Verbals/VC_VerbalsNPC_Door_DemoralizedWoman,B85A859B4FF256CB53C374AA7871A187,What's that then? Bread? That ain't right. Could swear you already brought me food once before. I remember thankin' you. An' I remember givin' you somethin' too...
Verbals/VC_VerbalsNPC_Door_DemoralizedWoman,2539CDBD4E8487442643BF98D70EC91A_cue_1,When you walk away from this cursed door...
Verbals/VC_VerbalsNPC_Door_DemoralizedWoman,C830587F46A4D35CECD952A3EB349E72,You're the one what stole m'husband's key!
Verbals/VC_VerbalsNPC_Door_DemoralizedWoman,90659D2E4B5D6C4C82A9A5BFED94E2AF_cue_5,an' the sound o' bells.
Verbals/VC_VerbalsNPC_Door_DemoralizedWoman,AEAE69DD4344638ED8BB1EA137167019_cue_3,draggin' folk off in the night.
Verbals/VC_VerbalsNPC_Door_DemoralizedWoman,AEAE69DD4344638ED8BB1EA137167019_cue_1,for the dawn watch.
Verbals/VC_VerbalsNPC_Door_DemoralizedWoman,713C2480476EF5BC6B587F930ED000DD_cue_1,it feels like the end of a story I've already lived through.
Verbals/VC_VerbalsNPC_Door_DemoralizedWoman,509ECC1D4784018988D02A95FE36BED7_cue_1,pretend you ain't heard 'em before.
Verbals/VC_VerbalsNPC_Door_DemoralizedWoman,AEAE69DD4344638ED8BB1EA137167019_cue_5,save maybe his key.
Verbals/VC_VerbalsNPC_Door_DemoralizedWoman,94B0D0B64A193219D1D9BD9381CE3FCF_cue_4,still standin' 'tween us.
Verbals/VC_VerbalsNPC_Door_DemoralizedWoman,B85A859B4FF256CB53C374AA7871A187_cue_2,you already brought me food once before.
Verbals/VC_VerbalsNPC_Door_Drunk,40EFB5FA46814C9119568B9A4ED11595,(vomits)
Verbals/VC_VerbalsNPC_Door_Drunk,357924E0464226CB31F10F87DF9EE19C_cue_1,-oh you ain’t Church.
Verbals/VC_VerbalsNPC_Door_Drunk,F6A9BADC495AEF0431875DA025D4F0C2_cue_0,A man who doesn't try to take away my drinks
Verbals/VC_VerbalsNPC_Door_Drunk,F6A9BADC495AEF0431875DA025D4F0C2,A man who doesn't try to take away my drinks s'shomeone worth talking to. Y'know what I miss? The beer garden down yonder.
Verbals/VC_VerbalsNPC_Door_Drunk,AF1574A5431D2ACC7ABA8B8C791CFF13_cue_0,"Ahhh,"
Verbals/VC_VerbalsNPC_Door_Drunk,AF1574A5431D2ACC7ABA8B8C791CFF13,"Ahhh, there y’are again... good, good. Thought I imagined ya. Happens sometimes.  You're the umm. Nephilim! You didn't kick the door in last time so you can't be all that bad."
Verbals/VC_VerbalsNPC_Door_Drunk,AF1574A5431D2ACC7ABA8B8C791CFF13_cue_5,Happens sometimes.
Verbals/VC_VerbalsNPC_Door_Drunk,B508AD3446541D21590027BADD88385F_cue_1,Heh. I ain’t scared of you.
Verbals/VC_VerbalsNPC_Door_Drunk,39A62D5C43D0DD381930559D34DACF2C_cue_3,I hardly 'member being sober...
Verbals/VC_VerbalsNPC_Door_Drunk,BE2A60D04B90CDEA7F2900B63D2B0A10_cue_1,"I stopped drinkin’ a bit earlier, just to test it."
Verbals/VC_VerbalsNPC_Door_Drunk,797ECCD3488BBBC32726769AB995F53A_cue_0,"I'd ask ya to fetch me some ale, but I don't seem to run out."
Verbals/VC_VerbalsNPC_Door_Drunk,797ECCD3488BBBC32726769AB995F53A,"I'd ask ya to fetch me some ale, but I don't seem to run out. Must'ave stocked up quite a bit. Hahaha!"
Verbals/VC_VerbalsNPC_Door_Drunk,357924E0464226CB31F10F87DF9EE19C_cue_0,If you don’t get your...
Verbals/VC_VerbalsNPC_Door_Drunk,357924E0464226CB31F10F87DF9EE19C,If you don’t get your... -oh you ain’t Church. Or are you?
Verbals/VC_VerbalsNPC_Door_Drunk,39A62D5C43D0DD381930559D34DACF2C_cue_0,I’m fine!
Verbals/VC_VerbalsNPC_Door_Drunk,39A62D5C43D0DD381930559D34DACF2C,I’m fine! I’m perfectly—perfectly operational. Y'know this party's been go on for quite some time. I hardly 'member being sober... am I stuck like this?
Verbals/VC_VerbalsNPC_Door_Drunk,39A62D5C43D0DD381930559D34DACF2C_cue_1,I’m perfectly—perfectly operational.
Verbals/VC_VerbalsNPC_Door_Drunk,BBD3D8234392E13A9DB1A4B0176AFCD2_cue_3,I’m runnin’ dry over ‘ere.
Verbals/VC_VerbalsNPC_Door_Drunk,797ECCD3488BBBC32726769AB995F53A_cue_1,Must'ave stocked up quite a bit. Hahaha!
Verbals/VC_VerbalsNPC_Door_Drunk,AF1574A5431D2ACC7ABA8B8C791CFF13_cue_7,Nephilim!
Verbals/VC_VerbalsNPC_Door_Drunk,2246CC25452CACB07C6AB1B7A87728F3_cue_0,"Oh,"
Verbals/VC_VerbalsNPC_Door_Drunk,2246CC25452CACB07C6AB1B7A87728F3,"Oh, the whale is a fish with really big nose and he eats all the socks and he wears all the clothes. (hiccup)"
Verbals/VC_VerbalsNPC_Door_Drunk,BBD3D8234392E13A9DB1A4B0176AFCD2_cue_0,Oi—oi—there y’are...
Verbals/VC_VerbalsNPC_Door_Drunk,BBD3D8234392E13A9DB1A4B0176AFCD2,"Oi—oi—there y’are... bartender! Took ya long enough, I’m runnin’ dry over ‘ere."
Verbals/VC_VerbalsNPC_Door_Drunk,357924E0464226CB31F10F87DF9EE19C_cue_2,Or are you?
Verbals/VC_VerbalsNPC_Door_Drunk,219B56344F55D8EE322AD5AC27644B50,Something's very wrong... something is right...
Verbals/VC_VerbalsNPC_Door_Drunk,BE2A60D04B90CDEA7F2900B63D2B0A10_cue_2,That’s when the walls started breathin’.
Verbals/VC_VerbalsNPC_Door_Drunk,F6A9BADC495AEF0431875DA025D4F0C2_cue_3,The beer garden down yonder.
Verbals/VC_VerbalsNPC_Door_Drunk,E6445D1F4270533609F58FA787320C57_cue_0,They can send the Divine himself!
Verbals/VC_VerbalsNPC_Door_Drunk,E6445D1F4270533609F58FA787320C57,They can send the Divine himself! This is MY property and I’ll be damned before!
Verbals/VC_VerbalsNPC_Door_Drunk,B508AD3446541D21590027BADD88385F_cue_0,They sendin’ Nephilim to evict us now?
Verbals/VC_VerbalsNPC_Door_Drunk,B508AD3446541D21590027BADD88385F,They sendin’ Nephilim to evict us now? Heh. I ain’t scared of you.
Verbals/VC_VerbalsNPC_Door_Drunk,E6445D1F4270533609F58FA787320C57_cue_1,This is MY property
Verbals/VC_VerbalsNPC_Door_Drunk,AF1574A5431D2ACC7ABA8B8C791CFF13_cue_4,Thought I imagined ya.
Verbals/VC_VerbalsNPC_Door_Drunk,BBD3D8234392E13A9DB1A4B0176AFCD2_cue_2,"Took ya long enough,"
Verbals/VC_VerbalsNPC_Door_Drunk,BE2A60D04B90CDEA7F2900B63D2B0A10_cue_0,Truth is...
Verbals/VC_VerbalsNPC_Door_Drunk,BE2A60D04B90CDEA7F2900B63D2B0A10,"Truth is... I stopped drinkin’ a bit earlier, just to test it. That’s when the walls started breathin’."
Verbals/VC_VerbalsNPC_Door_Drunk,39A62D5C43D0DD381930559D34DACF2C_cue_2,Y'know this party's been go on for quite some time.
Verbals/VC_VerbalsNPC_Door_Drunk,F6A9BADC495AEF0431875DA025D4F0C2_cue_2,Y'know what I miss?
Verbals/VC_VerbalsNPC_Door_Drunk,AF1574A5431D2ACC7ABA8B8C791CFF13_cue_8,You didn't kick the door in last time so you can't
Verbals/VC_VerbalsNPC_Door_Drunk,AF1574A5431D2ACC7ABA8B8C791CFF13_cue_6,You're the umm.
Verbals/VC_VerbalsNPC_Door_Drunk,39A62D5C43D0DD381930559D34DACF2C_cue_4,am I stuck like this?
Verbals/VC_VerbalsNPC_Door_Drunk,E6445D1F4270533609F58FA787320C57_cue_2,and I’ll be damned before!
Verbals/VC_VerbalsNPC_Door_Drunk,BBD3D8234392E13A9DB1A4B0176AFCD2_cue_1,bartender!
Verbals/VC_VerbalsNPC_Door_Drunk,AF1574A5431D2ACC7ABA8B8C791CFF13_cue_9,be all that bad.
Verbals/VC_VerbalsNPC_Door_Drunk,2246CC25452CACB07C6AB1B7A87728F3_cue_2,eats all the socks and he wears all the clothes. (hiccup)
Verbals/VC_VerbalsNPC_Door_Drunk,AF1574A5431D2ACC7ABA8B8C791CFF13_cue_2,"good,"
Verbals/VC_VerbalsNPC_Door_Drunk,AF1574A5431D2ACC7ABA8B8C791CFF13_cue_3,good.
Verbals/VC_VerbalsNPC_Door_Drunk,F6A9BADC495AEF0431875DA025D4F0C2_cue_1,s'shomeone worth talking to.
Verbals/VC_VerbalsNPC_Door_Drunk,2246CC25452CACB07C6AB1B7A87728F3_cue_1,the whale is a fish with really big nose and he
Verbals/VC_VerbalsNPC_Door_Drunk,AF1574A5431D2ACC7ABA8B8C791CFF13_cue_1,there y’are again...
Verbals/VC_VerbalsNPC_Door_Female_1,758C2B7D43D5C5FD29D3D5B78A9A8B0A_cue_0,All this time I thought I was hidin’ in here...
Verbals/VC_VerbalsNPC_Door_Female_1,758C2B7D43D5C5FD29D3D5B78A9A8B0A,All this time I thought I was hidin’ in here... I’m wonderin’ now if this door’s the only thing still rememberin’ me.
Verbals/VC_VerbalsNPC_Door_Female_1,ACC0425740AB741E3F258BAF0A4F10ED_cue_5,And you knock'n on't.
Verbals/VC_VerbalsNPC_Door_Female_1,116870504033E852C1674F97A3BD7768_cue_0,Been wait'n for the right time ta run.
Verbals/VC_VerbalsNPC_Door_Female_1,116870504033E852C1674F97A3BD7768,Been wait'n for the right time ta run. Think I might've missed it.
Verbals/VC_VerbalsNPC_Door_Female_1,0C22C53643B40B481F9634B3DEB91488_cue_2,Bunch o’ daft mystics pushin’ their luck
Verbals/VC_VerbalsNPC_Door_Female_1,1B32E00246E8C67F5E1ACA88B2AA03E3_cue_2,But what if it just keeps you here?
Verbals/VC_VerbalsNPC_Door_Female_1,962C9E20440286EB3FC4DC8AAE8E08EB_cue_0,"Don’t suppose you’ve seen a woman bolt from this door already,"
Verbals/VC_VerbalsNPC_Door_Female_1,962C9E20440286EB3FC4DC8AAE8E08EB,"Don’t suppose you’ve seen a woman bolt from this door already, have you? Feels like I remember runnin’... but I’m still standin’ right here."
Verbals/VC_VerbalsNPC_Door_Female_1,962C9E20440286EB3FC4DC8AAE8E08EB_cue_2,Feels like I remember runnin’...
Verbals/VC_VerbalsNPC_Door_Female_1,F55F560B46EB7B083798E7BA98E6B169_cue_3,Feels like I've been sayin' that for hours now.
Verbals/VC_VerbalsNPC_Door_Female_1,0DD74BF94C076A205DF1A9B0CEDBB7D1_cue_3,For me.
Verbals/VC_VerbalsNPC_Door_Female_1,1B32E00246E8C67F5E1ACA88B2AA03E3_cue_0,Funny thing about fear...
Verbals/VC_VerbalsNPC_Door_Female_1,1B32E00246E8C67F5E1ACA88B2AA03E3,Funny thing about fear... you think it keeps you alive... But what if it just keeps you here?
Verbals/VC_VerbalsNPC_Door_Female_1,F55F560B46EB7B083798E7BA98E6B169_cue_0,Funny thing...
Verbals/VC_VerbalsNPC_Door_Female_1,F55F560B46EB7B083798E7BA98E6B169,"Funny thing... I was just about to make my break, same as before. Feels like I've been sayin' that for hours now."
Verbals/VC_VerbalsNPC_Door_Female_1,17B2CEAB44AAF3F2413D28A50BF27A1F_cue_1,Go stab some o' them beasts with that fancy sword
Verbals/VC_VerbalsNPC_Door_Female_1,B30EB58E4087B1B655E000880020B7E8_cue_1,Good.
Verbals/VC_VerbalsNPC_Door_Female_1,9248A1A54EA47FA57F9D729615D3D6BF_cue_1,"Hmm, lemme' get a closer look at'ya."
Verbals/VC_VerbalsNPC_Door_Female_1,ACC0425740AB741E3F258BAF0A4F10ED_cue_0,"I ain't breathin',"
Verbals/VC_VerbalsNPC_Door_Female_1,ACC0425740AB741E3F258BAF0A4F10ED,"I ain't breathin', am I? No ache in my knee. No hunger neither. Just this door. And you knock'n on't."
Verbals/VC_VerbalsNPC_Door_Female_1,495AA17E4798A350A50046B506A9FE39_cue_0,I keep thinkin’ I’ll make a dash for it...
Verbals/VC_VerbalsNPC_Door_Female_1,495AA17E4798A350A50046B506A9FE39,I keep thinkin’ I’ll make a dash for it... but I never do.
Verbals/VC_VerbalsNPC_Door_Female_1,174295C0483952E1B75302A5F63F39EB_cue_1,I think I went with it.
Verbals/VC_VerbalsNPC_Door_Female_1,F55F560B46EB7B083798E7BA98E6B169_cue_1,"I was just about to make my break,"
Verbals/VC_VerbalsNPC_Door_Female_1,758C2B7D43D5C5FD29D3D5B78A9A8B0A_cue_1,I’m wonderin’ now if this door’s the only thing
Verbals/VC_VerbalsNPC_Door_Female_1,ACC0425740AB741E3F258BAF0A4F10ED_cue_4,Just this door.
Verbals/VC_VerbalsNPC_Door_Female_1,0C22C53643B40B481F9634B3DEB91488_cue_7,"Just when it couldn’t get worse,"
Verbals/VC_VerbalsNPC_Door_Female_1,0DD74BF94C076A205DF1A9B0CEDBB7D1_cue_0,"Nephilim,"
Verbals/VC_VerbalsNPC_Door_Female_1,0DD74BF94C076A205DF1A9B0CEDBB7D1,"Nephilim, you see any more beasts out there... give 'em a nice fine poke... For me."
Verbals/VC_VerbalsNPC_Door_Female_1,0C22C53643B40B481F9634B3DEB91488_cue_4,"Next thing you know,"
Verbals/VC_VerbalsNPC_Door_Female_1,ACC0425740AB741E3F258BAF0A4F10ED_cue_2,No ache in my knee.
Verbals/VC_VerbalsNPC_Door_Female_1,ACC0425740AB741E3F258BAF0A4F10ED_cue_3,No hunger neither.
Verbals/VC_VerbalsNPC_Door_Female_1,B30EB58E4087B1B655E000880020B7E8_cue_3,No sense dyin’ in a street that keeps movin’ under your feet.
Verbals/VC_VerbalsNPC_Door_Female_1,B30EB58E4087B1B655E000880020B7E8_cue_2,Once I catch my breath I’m makin’ a run for it.
Verbals/VC_VerbalsNPC_Door_Female_1,5BDB558F426335EBF1B2BF972342B9B4,Reckon I never did make that run for it.
Verbals/VC_VerbalsNPC_Door_Female_1,0C22C53643B40B481F9634B3DEB91488_cue_1,Started with them Flower Folk.
Verbals/VC_VerbalsNPC_Door_Female_1,B30EB58E4087B1B655E000880020B7E8_cue_0,The road you came through still clear then?
Verbals/VC_VerbalsNPC_Door_Female_1,B30EB58E4087B1B655E000880020B7E8,The road you came through still clear then? Good. Once I catch my breath I’m makin’ a run for it. No sense dyin’ in a street that keeps movin’ under your feet.
Verbals/VC_VerbalsNPC_Door_Female_1,116870504033E852C1674F97A3BD7768_cue_1,Think I might've missed it.
Verbals/VC_VerbalsNPC_Door_Female_1,0C22C53643B40B481F9634B3DEB91488_cue_0,This bloody mess?
Verbals/VC_VerbalsNPC_Door_Female_1,0C22C53643B40B481F9634B3DEB91488,"This bloody mess? Started with them Flower Folk. Bunch o’ daft mystics pushin’ their luck till they pissed off the cloth proper. Next thing you know, the church comes stormin' in shouting, ""heresy!"", and draggin' folk out of their homes. Just when it couldn’t get worse, that bloody tower twisted itself sideways, and the whole city went mad."
Verbals/VC_VerbalsNPC_Door_Female_1,60CF92B24E99088CC5040C845CAE69AB_cue_3,"We're all slaves ta somethin', aren't we?"
Verbals/VC_VerbalsNPC_Door_Female_1,60CF92B24E99088CC5040C845CAE69AB_cue_0,Well I'll be.
Verbals/VC_VerbalsNPC_Door_Female_1,60CF92B24E99088CC5040C845CAE69AB,"Well I'll be. You're one them Nephilim from the stories, ain't yeah? We're all slaves ta somethin', aren't we?"
Verbals/VC_VerbalsNPC_Door_Female_1,17B2CEAB44AAF3F2413D28A50BF27A1F_cue_0,Well go on then!
Verbals/VC_VerbalsNPC_Door_Female_1,17B2CEAB44AAF3F2413D28A50BF27A1F,Well go on then! Go stab some o' them beasts with that fancy sword of yours and distract 'em so I can get outta here.
Verbals/VC_VerbalsNPC_Door_Female_1,174295C0483952E1B75302A5F63F39EB_cue_0,"Whole city went mad, did'n it?"
Verbals/VC_VerbalsNPC_Door_Female_1,174295C0483952E1B75302A5F63F39EB,"Whole city went mad, did'n it? I think I went with it."
Verbals/VC_VerbalsNPC_Door_Female_1,8701F1CE4734BDE1A04B77B6404A08CD,"Yeah, over by the door ‘ere."
Verbals/VC_VerbalsNPC_Door_Female_1,60D5862C4405A595D8227988B70A1D30,You again? Thought you ran off to stab somethin’.
Verbals/VC_VerbalsNPC_Door_Female_1,9248A1A54EA47FA57F9D729615D3D6BF_cue_0,You there... over 'ere.
Verbals/VC_VerbalsNPC_Door_Female_1,9248A1A54EA47FA57F9D729615D3D6BF,"You there... over 'ere. Hmm, lemme' get a closer look at'ya."
Verbals/VC_VerbalsNPC_Door_Female_1,60CF92B24E99088CC5040C845CAE69AB_cue_1,"You're one them Nephilim from the stories,"
Verbals/VC_VerbalsNPC_Door_Female_1,60CF92B24E99088CC5040C845CAE69AB_cue_2,ain't yeah?
Verbals/VC_VerbalsNPC_Door_Female_1,ACC0425740AB741E3F258BAF0A4F10ED_cue_1,am I?
Verbals/VC_VerbalsNPC_Door_Female_1,0C22C53643B40B481F9634B3DEB91488_cue_6,and draggin' folk out of their homes.
Verbals/VC_VerbalsNPC_Door_Female_1,0C22C53643B40B481F9634B3DEB91488_cue_9,and the whole city went mad.
Verbals/VC_VerbalsNPC_Door_Female_1,495AA17E4798A350A50046B506A9FE39_cue_1,but I never do.
Verbals/VC_VerbalsNPC_Door_Female_1,962C9E20440286EB3FC4DC8AAE8E08EB_cue_3,but I’m still standin’ right here.
Verbals/VC_VerbalsNPC_Door_Female_1,0DD74BF94C076A205DF1A9B0CEDBB7D1_cue_2,give 'em a nice fine poke...
Verbals/VC_VerbalsNPC_Door_Female_1,962C9E20440286EB3FC4DC8AAE8E08EB_cue_1,have you?
Verbals/VC_VerbalsNPC_Door_Female_1,17B2CEAB44AAF3F2413D28A50BF27A1F_cue_2,of yours and distract 'em so I can get outta here.
Verbals/VC_VerbalsNPC_Door_Female_1,F55F560B46EB7B083798E7BA98E6B169_cue_2,same as before.
Verbals/VC_VerbalsNPC_Door_Female_1,758C2B7D43D5C5FD29D3D5B78A9A8B0A_cue_2,still rememberin’ me.
Verbals/VC_VerbalsNPC_Door_Female_1,0C22C53643B40B481F9634B3DEB91488_cue_8,"that bloody tower twisted itself sideways,"
Verbals/VC_VerbalsNPC_Door_Female_1,0C22C53643B40B481F9634B3DEB91488_cue_5,"the church comes stormin' in shouting, ""heresy!"","
Verbals/VC_VerbalsNPC_Door_Female_1,0C22C53643B40B481F9634B3DEB91488_cue_3,till they pissed off the cloth proper.
Verbals/VC_VerbalsNPC_Door_Female_1,0DD74BF94C076A205DF1A9B0CEDBB7D1_cue_1,you see any more beasts out there...
Verbals/VC_VerbalsNPC_Door_Female_1,1B32E00246E8C67F5E1ACA88B2AA03E3_cue_1,you think it keeps you alive...
Verbals/VC_VerbalsNPC_Door_Female_2,E91091A642257F5200E9A68883B211C0_cue_0,A proper proposal deserves a proper jewel.
Verbals/VC_VerbalsNPC_Door_Female_2,E91091A642257F5200E9A68883B211C0,A proper proposal deserves a proper jewel. Something radiant... something the whole court would whisper about.
Verbals/VC_VerbalsNPC_Door_Female_2,9736CC72445F00F1F8904B8B96E2D6DB_cue_0,Ah... you've returned.
Verbals/VC_VerbalsNPC_Door_Female_2,9736CC72445F00F1F8904B8B96E2D6DB,Ah... you've returned. And that glimmer in your hand... surely that must be the ring?
Verbals/VC_VerbalsNPC_Door_Female_2,9736CC72445F00F1F8904B8B96E2D6DB_cue_1,And that glimmer in your hand...
Verbals/VC_VerbalsNPC_Door_Female_2,6FBA502C4C276ED22D6B08B9BB7187D3_cue_3,And yet you present me with a peasant’s band?
Verbals/VC_VerbalsNPC_Door_Female_2,67B0101248852CA17497D2AB4C4221AE_cue_6,Bring me a ring worthy of the man who captivated
Verbals/VC_VerbalsNPC_Door_Female_2,5E75CF24461DB11526A7CEAA1475D75C_cue_1,Do try not to embarrass yourself.
Verbals/VC_VerbalsNPC_Door_Female_2,5E75CF24461DB11526A7CEAA1475D75C_cue_0,"Go on then, Solomon."
Verbals/VC_VerbalsNPC_Door_Female_2,5E75CF24461DB11526A7CEAA1475D75C,"Go on then, Solomon. Do try not to embarrass yourself."
Verbals/VC_VerbalsNPC_Door_Female_2,67B0101248852CA17497D2AB4C4221AE_cue_0,I knew you would return to the Academy.
Verbals/VC_VerbalsNPC_Door_Female_2,67B0101248852CA17497D2AB4C4221AE,"I knew you would return to the Academy. I told them all you would. They laughed of course... but they always did envy my instincts. If you mean to ask for my hand, Solomon, then let us not be vulgar about it. Bring me a ring worthy of the man who captivated an entire city."
Verbals/VC_VerbalsNPC_Door_Female_2,47A333E1400B899FA05F2BADF48C0762_cue_1,I refuse to let these vulgar vines claim me
Verbals/VC_VerbalsNPC_Door_Female_2,6FBA502C4C276ED22D6B08B9BB7187D3_cue_6,I stole it from you at the gala when you weren't looking!
Verbals/VC_VerbalsNPC_Door_Female_2,6FBA502C4C276ED22D6B08B9BB7187D3_cue_0,I thought you magnificent...
Verbals/VC_VerbalsNPC_Door_Female_2,6FBA502C4C276ED22D6B08B9BB7187D3,I thought you magnificent... a visionary... the darling of the entire city. And yet you present me with a peasant’s band? Keep your miserable proposal! Take your wretched seal as well. I stole it from you at the gala when you weren't looking! The great Solomon... undone by his own admirers.
Verbals/VC_VerbalsNPC_Door_Female_2,67B0101248852CA17497D2AB4C4221AE_cue_1,I told them all you would.
Verbals/VC_VerbalsNPC_Door_Female_2,67B0101248852CA17497D2AB4C4221AE_cue_4,"If you mean to ask for my hand, Solomon, "
Verbals/VC_VerbalsNPC_Door_Female_2,47A333E1400B899FA05F2BADF48C0762_cue_0,"I’ve endured this dreadful garden long enough, my love."
Verbals/VC_VerbalsNPC_Door_Female_2,47A333E1400B899FA05F2BADF48C0762,"I’ve endured this dreadful garden long enough, my love. I refuse to let these vulgar vines claim me before you’ve asked properly."
Verbals/VC_VerbalsNPC_Door_Female_2,6FBA502C4C276ED22D6B08B9BB7187D3_cue_4,Keep your miserable proposal!
Verbals/VC_VerbalsNPC_Door_Female_2,8E3C74004AFAA8CF54B040879C6722B1_cue_2,No!
Verbals/VC_VerbalsNPC_Door_Female_2,B752B0F9428CFB896F27C9B111B7B82B_cue_0,"Oh! My dear lord,"
Verbals/VC_VerbalsNPC_Door_Female_2,B752B0F9428CFB896F27C9B111B7B82B,"Oh! My dear lord, you did come back for me after all."
Verbals/VC_VerbalsNPC_Door_Female_2,8E3C74004AFAA8CF54B040879C6722B1_cue_0,"Oh, yes! This is just how I imagined it!"
Verbals/VC_VerbalsNPC_Door_Female_2,8E3C74004AFAA8CF54B040879C6722B1,"Oh, yes! This is just how I imagined it! Wait. No! This cannot be serious. The man who promised to rebuild Gildenarch... offering this... trinket?!"
Verbals/VC_VerbalsNPC_Door_Female_2,E91091A642257F5200E9A68883B211C0_cue_1,Something radiant...
Verbals/VC_VerbalsNPC_Door_Female_2,6FBA502C4C276ED22D6B08B9BB7187D3_cue_5,Take your wretched seal as well.
Verbals/VC_VerbalsNPC_Door_Female_2,6FBA502C4C276ED22D6B08B9BB7187D3_cue_7,The great Solomon...
Verbals/VC_VerbalsNPC_Door_Female_2,8E3C74004AFAA8CF54B040879C6722B1_cue_4,The man who promised to rebuild Gildenarch...
Verbals/VC_VerbalsNPC_Door_Female_2,67B0101248852CA17497D2AB4C4221AE_cue_2,They laughed of course...
Verbals/VC_VerbalsNPC_Door_Female_2,8E3C74004AFAA8CF54B040879C6722B1_cue_3,This cannot be serious.
Verbals/VC_VerbalsNPC_Door_Female_2,8E3C74004AFAA8CF54B040879C6722B1_cue_1,Wait.
Verbals/VC_VerbalsNPC_Door_Female_2,6FBA502C4C276ED22D6B08B9BB7187D3_cue_1,a visionary...
Verbals/VC_VerbalsNPC_Door_Female_2,67B0101248852CA17497D2AB4C4221AE_cue_7,an entire city.
Verbals/VC_VerbalsNPC_Door_Female_2,47A333E1400B899FA05F2BADF48C0762_cue_2,before you’ve asked properly.
Verbals/VC_VerbalsNPC_Door_Female_2,67B0101248852CA17497D2AB4C4221AE_cue_3,but they always did envy my instincts.
Verbals/VC_VerbalsNPC_Door_Female_2,8E3C74004AFAA8CF54B040879C6722B1_cue_5,offering this... trinket?!
Verbals/VC_VerbalsNPC_Door_Female_2,E91091A642257F5200E9A68883B211C0_cue_2,something the whole court would whisper about.
Verbals/VC_VerbalsNPC_Door_Female_2,9736CC72445F00F1F8904B8B96E2D6DB_cue_2,surely that must be the ring?
Verbals/VC_VerbalsNPC_Door_Female_2,6FBA502C4C276ED22D6B08B9BB7187D3_cue_2,the darling of the entire city.
Verbals/VC_VerbalsNPC_Door_Female_2,67B0101248852CA17497D2AB4C4221AE_cue_5,then let us not be vulgar about it.
Verbals/VC_VerbalsNPC_Door_Female_2,6FBA502C4C276ED22D6B08B9BB7187D3_cue_8,undone by his own admirers.
Verbals/VC_VerbalsNPC_Door_Female_2,B752B0F9428CFB896F27C9B111B7B82B_cue_1,you did come back for me after all.
Verbals/VC_VerbalsNPC_Door_Female_3_2D,D42E18FE4FEDF2CF82C8E7A4388D1949_cue_0,Ahhh... there you are again.
Verbals/VC_VerbalsNPC_Door_Female_3_2D,D42E18FE4FEDF2CF82C8E7A4388D1949,Ahhh... there you are again. I wondered when you'd come back to... eh... knock.
Verbals/VC_VerbalsNPC_Door_Female_3_2D,E89323634D36CA8365644CA85457B8F8_cue_0,And now so do I.
Verbals/VC_VerbalsNPC_Door_Female_3_2D,E89323634D36CA8365644CA85457B8F8,"And now so do I. Hinges, boards, beams... I feel them all when you press your hand there."
Verbals/VC_VerbalsNPC_Door_Female_3_2D,8CA0E64C4F2CB85C996FA59B81F4D6AF_cue_0,Best not try the handle though.
Verbals/VC_VerbalsNPC_Door_Female_3_2D,8CA0E64C4F2CB85C996FA59B81F4D6AF,Best not try the handle though. The hinges and I have an understanding.
Verbals/VC_VerbalsNPC_Door_Female_3_2D,0F65BE794CB1D2B7A76A1DA1CEC82A46_cue_0,But the house and I sorted it out.
Verbals/VC_VerbalsNPC_Door_Female_3_2D,0F65BE794CB1D2B7A76A1DA1CEC82A46,But the house and I sorted it out. We share the rooms now. Very civil arrangement.
Verbals/VC_VerbalsNPC_Door_Female_3_2D,0D4653CB417BDA11B3B1CE83A6DB69BB_cue_1,Careful with that knock—the frame feels it these days.
Verbals/VC_VerbalsNPC_Door_Female_3_2D,35581B5E41600AC5710CF0AE7BE18612_cue_3,Every little knock.
Verbals/VC_VerbalsNPC_Door_Female_3_2D,35581B5E41600AC5710CF0AE7BE18612_cue_2,Every visitor.
Verbals/VC_VerbalsNPC_Door_Female_3_2D,ACE72A7F4BD0066AAE4380819853BB66_cue_0,Funniest thing...
Verbals/VC_VerbalsNPC_Door_Female_3_2D,ACE72A7F4BD0066AAE4380819853BB66,"Funniest thing... When you knock like that, I feel it run right through the wood. Haha, tickles a bit. Hahaha!"
Verbals/VC_VerbalsNPC_Door_Female_3_2D,A1C545C8421538AE89E18FB4A6AD2CF7_cue_0,Go on then...
Verbals/VC_VerbalsNPC_Door_Female_3_2D,A1C545C8421538AE89E18FB4A6AD2CF7,Go on then... give it a PROPER knock. No need to be shy with me now.
Verbals/VC_VerbalsNPC_Door_Female_3_2D,17083F124F2C4974E834DBAE22FCA03D_cue_1,Go on then—give the door a knock.
Verbals/VC_VerbalsNPC_Door_Female_3_2D,ACE72A7F4BD0066AAE4380819853BB66_cue_3,"Haha, tickles a bit. Hahaha!"
Verbals/VC_VerbalsNPC_Door_Female_3_2D,E89323634D36CA8365644CA85457B8F8_cue_1,"Hinges,"
Verbals/VC_VerbalsNPC_Door_Female_3_2D,F45278D24568AEE6F3BEE58E937E5560_cue_0,"Hmm... Yes, right there."
Verbals/VC_VerbalsNPC_Door_Female_3_2D,F45278D24568AEE6F3BEE58E937E5560,"Hmm... Yes, right there. Oh, the hinges feel that one all the way through the frame."
Verbals/VC_VerbalsNPC_Door_Female_3_2D,DF87B7E749E11BEC2AFD9FA90EDC164F_cue_0,House has been restless lately.
Verbals/VC_VerbalsNPC_Door_Female_3_2D,DF87B7E749E11BEC2AFD9FA90EDC164F,"House has been restless lately. Walls creakin', floors breathin'. You know how homes get when the weather turns strange."
Verbals/VC_VerbalsNPC_Door_Female_3_2D,ACE72A7F4BD0066AAE4380819853BB66_cue_2,I feel it run right through the wood.
Verbals/VC_VerbalsNPC_Door_Female_3_2D,E89323634D36CA8365644CA85457B8F8_cue_4,I feel them all when you press your hand there.
Verbals/VC_VerbalsNPC_Door_Female_3_2D,D42E18FE4FEDF2CF82C8E7A4388D1949_cue_1,I wondered when you'd come back to... eh...
Verbals/VC_VerbalsNPC_Door_Female_3_2D,D7ADDCB54CF702A1FF75D4A44CE58BC1_cue_1,I'll always know when you're at the door.
Verbals/VC_VerbalsNPC_Door_Female_3_2D,D71A42B34D8D7ACF9F6A17AB31327ACA_cue_2,"Most folk just bang like savages, hahaha!"
Verbals/VC_VerbalsNPC_Door_Female_3_2D,A1C545C8421538AE89E18FB4A6AD2CF7_cue_2,No need to be shy with me now.
Verbals/VC_VerbalsNPC_Door_Female_3_2D,0D4653CB417BDA11B3B1CE83A6DB69BB_cue_0,Oh! Back again are ya?
Verbals/VC_VerbalsNPC_Door_Female_3_2D,0D4653CB417BDA11B3B1CE83A6DB69BB,Oh! Back again are ya? Careful with that knock—the frame feels it these days.
Verbals/VC_VerbalsNPC_Door_Female_3_2D,5CEA263A4BA1828F04FF90ACD1AB221C_cue_0,"Oh, ho ho ho—mind the knock there, darlin'. Haha!"
Verbals/VC_VerbalsNPC_Door_Female_3_2D,5CEA263A4BA1828F04FF90ACD1AB221C,"Oh, ho ho ho—mind the knock there, darlin'. Haha! The door's in a sensitive mood today."
Verbals/VC_VerbalsNPC_Door_Female_3_2D,F45278D24568AEE6F3BEE58E937E5560_cue_1,"Oh, the hinges feel that one all the way through the frame."
Verbals/VC_VerbalsNPC_Door_Female_3_2D,17083F124F2C4974E834DBAE22FCA03D_cue_0,"Ohhh, there you are again."
Verbals/VC_VerbalsNPC_Door_Female_3_2D,17083F124F2C4974E834DBAE22FCA03D,"Ohhh, there you are again. Go on then—give the door a knock. We both enjoy it."
Verbals/VC_VerbalsNPC_Door_Female_3_2D,D71A42B34D8D7ACF9F6A17AB31327ACA_cue_1,"Polite of you, that is."
Verbals/VC_VerbalsNPC_Door_Female_3_2D,65B6CB6A444382455F6483B5DAC8AC37_cue_1,Roots slippin' through the stone 
Verbals/VC_VerbalsNPC_Door_Female_3_2D,D7ADDCB54CF702A1FF75D4A44CE58BC1_cue_0,"So, ah, do come knock again someday, dear."
Verbals/VC_VerbalsNPC_Door_Female_3_2D,D7ADDCB54CF702A1FF75D4A44CE58BC1,"So, ah, do come knock again someday, dear. I'll always know when you're at the door."
Verbals/VC_VerbalsNPC_Door_Female_3_2D,65B6CB6A444382455F6483B5DAC8AC37_cue_0,"Started in the cellar, you see."
Verbals/VC_VerbalsNPC_Door_Female_3_2D,65B6CB6A444382455F6483B5DAC8AC37,"Started in the cellar, you see. Roots slippin' through the stone like curious fingers."
Verbals/VC_VerbalsNPC_Door_Female_3_2D,02A0C08F4614D4D86B98D6A71F4882D6_cue_0,"Strange thing about doors, dear..."
Verbals/VC_VerbalsNPC_Door_Female_3_2D,02A0C08F4614D4D86B98D6A71F4882D6,"Strange thing about doors, dear... the more you knock, the more they open up to you."
Verbals/VC_VerbalsNPC_Door_Female_3_2D,35581B5E41600AC5710CF0AE7BE18612_cue_0,Strange thing about doors...
Verbals/VC_VerbalsNPC_Door_Female_3_2D,35581B5E41600AC5710CF0AE7BE18612,Strange thing about doors... they remember every touch. Every visitor. Every little knock.
Verbals/VC_VerbalsNPC_Door_Female_3_2D,5CEA263A4BA1828F04FF90ACD1AB221C_cue_1,The door's in a sensitive mood today.
Verbals/VC_VerbalsNPC_Door_Female_3_2D,8CA0E64C4F2CB85C996FA59B81F4D6AF_cue_1,The hinges and I have an understanding.
Verbals/VC_VerbalsNPC_Door_Female_3_2D,0F65BE794CB1D2B7A76A1DA1CEC82A46_cue_2,Very civil arrangement.
Verbals/VC_VerbalsNPC_Door_Female_3_2D,DF87B7E749E11BEC2AFD9FA90EDC164F_cue_1,"Walls creakin',"
Verbals/VC_VerbalsNPC_Door_Female_3_2D,17083F124F2C4974E834DBAE22FCA03D_cue_2,We both enjoy it.
Verbals/VC_VerbalsNPC_Door_Female_3_2D,0F65BE794CB1D2B7A76A1DA1CEC82A46_cue_1,We share the rooms now.
Verbals/VC_VerbalsNPC_Door_Female_3_2D,ACE72A7F4BD0066AAE4380819853BB66_cue_1,"When you knock like that,"
Verbals/VC_VerbalsNPC_Door_Female_3_2D,D71A42B34D8D7ACF9F6A17AB31327ACA_cue_0,"Yes, yes, I hear you tappin'."
Verbals/VC_VerbalsNPC_Door_Female_3_2D,D71A42B34D8D7ACF9F6A17AB31327ACA,"Yes, yes, I hear you tappin'. Polite of you, that is. Most folk just bang like savages, hahaha!"
Verbals/VC_VerbalsNPC_Door_Female_3_2D,DF87B7E749E11BEC2AFD9FA90EDC164F_cue_3,You know how homes get 
Verbals/VC_VerbalsNPC_Door_Female_3_2D,E89323634D36CA8365644CA85457B8F8_cue_3,beams...
Verbals/VC_VerbalsNPC_Door_Female_3_2D,E89323634D36CA8365644CA85457B8F8_cue_2,"boards, "
Verbals/VC_VerbalsNPC_Door_Female_3_2D,DF87B7E749E11BEC2AFD9FA90EDC164F_cue_2,floors breathin'.
Verbals/VC_VerbalsNPC_Door_Female_3_2D,A1C545C8421538AE89E18FB4A6AD2CF7_cue_1,give it a PROPER knock.
Verbals/VC_VerbalsNPC_Door_Female_3_2D,D42E18FE4FEDF2CF82C8E7A4388D1949_cue_2,knock.
Verbals/VC_VerbalsNPC_Door_Female_3_2D,65B6CB6A444382455F6483B5DAC8AC37_cue_2,like curious fingers.
Verbals/VC_VerbalsNPC_Door_Female_3_2D,02A0C08F4614D4D86B98D6A71F4882D6_cue_2,the more they open up to you.
Verbals/VC_VerbalsNPC_Door_Female_3_2D,02A0C08F4614D4D86B98D6A71F4882D6_cue_1,"the more you knock,"
Verbals/VC_VerbalsNPC_Door_Female_3_2D,35581B5E41600AC5710CF0AE7BE18612_cue_1,they remember every touch.
Verbals/VC_VerbalsNPC_Door_Female_3_2D,DF87B7E749E11BEC2AFD9FA90EDC164F_cue_4,when the weather turns strange.
Verbals/VC_VerbalsNPC_Door_Male1,48308DA64D1CF0FFF5C464A343211E81_cue_2,A body's a body to 'em.
Verbals/VC_VerbalsNPC_Door_Male1,48308DA64D1CF0FFF5C464A343211E81_cue_0,Funny 'nuff they don't discriminate against
Verbals/VC_VerbalsNPC_Door_Male1,48308DA64D1CF0FFF5C464A343211E81,Funny 'nuff they don't discriminate against whether or not they're live or dead. A body's a body to 'em.
Verbals/VC_VerbalsNPC_Door_Male1,2EBA2FA14AB26523F195B9BAA665578A_cue_0,I see 'em passin' every night
Verbals/VC_VerbalsNPC_Door_Male1,2EBA2FA14AB26523F195B9BAA665578A,I see 'em passin' every night with some hapless fool kickin' and screamin'
Verbals/VC_VerbalsNPC_Door_Male1,3F6343ED43D58005BA5F1287650CBAD0,"Oi, scram. You'll blow my cover."
Verbals/VC_VerbalsNPC_Door_Male1,8F1BB087447B6B66E1B42D91601632B1_cue_1,Them horned knackers been draggin' folk off
Verbals/VC_VerbalsNPC_Door_Male1,8F1BB087447B6B66E1B42D91601632B1_cue_0,Ye daft mate?
Verbals/VC_VerbalsNPC_Door_Male1,8F1BB087447B6B66E1B42D91601632B1,Ye daft mate? Them horned knackers been draggin' folk off and takin' 'em off to god knows where.
Verbals/VC_VerbalsNPC_Door_Male1,8F1BB087447B6B66E1B42D91601632B1_cue_2,and takin' 'em off to god knows where.
Verbals/VC_VerbalsNPC_Door_Male1,48308DA64D1CF0FFF5C464A343211E81_cue_1,whether or not they're live or dead.
Verbals/VC_VerbalsNPC_Door_Male1,2EBA2FA14AB26523F195B9BAA665578A_cue_1,with some hapless fool kickin' and screamin'
Verbals/VC_VerbalsNPC_Door_Priest,2F8972AB42C6F62B0038EF85F730F774," What Solomon's spire did to your soul, broke your chains. Now you are unstoppable. You could leave the Order should you choose,"
Verbals/VC_VerbalsNPC_Door_Priest,D4067F70478388A0B71595878FFB8F19," You, he who is caught between realms. Take this opporitunity to achieve great strength. Return to these halls, and face the foes again and again. Those trapped in time. Only then can you hope to stop what has been unleashed upon Eden."
Verbals/VC_VerbalsNPC_Door_Priest,E54F7A2F4EF489A680BDDE939A659A6A,(mumbling) ...stones...
Verbals/VC_VerbalsNPC_Door_Priest,DF10A2A54120B8CC6D5AEC88A04A3356_cue_1,"A weak flock,"
Verbals/VC_VerbalsNPC_Door_Priest,62C6D9B644903B12CA23FDA21C52EDBE_cue_0,"Achieve great gnosis,"
Verbals/VC_VerbalsNPC_Door_Priest,62C6D9B644903B12CA23FDA21C52EDBE,"Achieve great gnosis, and return to me once you've learned the faith's most tightly guarded secret."
Verbals/VC_VerbalsNPC_Door_Priest,932AB7554A1F91A9D33D5FBDA6D19E43_cue_2,"After your fight I searched the hall for him,"
Verbals/VC_VerbalsNPC_Door_Priest,7D8CA3254A5A16FE764F15B29F2D2F1E,"Ah, you've done it."
Verbals/VC_VerbalsNPC_Door_Priest,5321738247D66B8CEB937EAC8D8FE7D7_cue_2,Bearer of the sins of your progenitors.
Verbals/VC_VerbalsNPC_Door_Priest,C5B22C314746D42E66055BAC31991F9E_cue_2,"Beyond the Spire is Purgatory,"
Verbals/VC_VerbalsNPC_Door_Priest,4192A8084058B64B3D5CE9844D4A9ADD,"Child. Come, let me see you."
Verbals/VC_VerbalsNPC_Door_Priest,4C3B748E4C76C5805D979CB3C42C21A1_cue_0,Congratulations are in order.
Verbals/VC_VerbalsNPC_Door_Priest,4C3B748E4C76C5805D979CB3C42C21A1,"Congratulations are in order. You've obtained the knowledge of your holy guardian angel. You are not fallen, nor cursed, but blessed. You are the next stage of humanity. Perhaps our guardians."
Verbals/VC_VerbalsNPC_Door_Priest,691BBA564514C7AB23DE768FD1565F37_cue_0,Gain more strength.
Verbals/VC_VerbalsNPC_Door_Priest,691BBA564514C7AB23DE768FD1565F37,Gain more strength. Heal the scar in your soul that has existed since your birth. Obtain holy revelation.
Verbals/VC_VerbalsNPC_Door_Priest,691BBA564514C7AB23DE768FD1565F37_cue_1,Heal the scar in your soul that has existed since your birth.
Verbals/VC_VerbalsNPC_Door_Priest,95E59A1C44353A694268B5BC3280D66E_cue_1,I am resentful of my time wasted among the cloth.
Verbals/VC_VerbalsNPC_Door_Priest,90522EA54D0849B8BD6774906B49002C_cue_0,I can sense it on you.
Verbals/VC_VerbalsNPC_Door_Priest,90522EA54D0849B8BD6774906B49002C,I can sense it on you. The Spire has wounded your soul. You almost ended up like the rest of us.
Verbals/VC_VerbalsNPC_Door_Priest,932AB7554A1F91A9D33D5FBDA6D19E43_cue_0,I heard the commotion.
Verbals/VC_VerbalsNPC_Door_Priest,932AB7554A1F91A9D33D5FBDA6D19E43,"I heard the commotion. Mathias was slain. After your fight I searched the hall for him, only to find myself on the receiving end of his jaws. Thus my suspicions were finally confirmed."
Verbals/VC_VerbalsNPC_Door_Priest,DD203D564CEFEBA2CAAA1381BFE04146_cue_0,I knew men more sinful than you.
Verbals/VC_VerbalsNPC_Door_Priest,DD203D564CEFEBA2CAAA1381BFE04146,"I knew men more sinful than you. They walked these halls, belied and contrived the machinations of our fall. We trusted them. The wisest of us, though skeptical, ceased once they gave us results."
Verbals/VC_VerbalsNPC_Door_Priest,0364752541E2E33EF211A5B303A1E7E9_cue_0,"I may be damned, but you have potential to save us all."
Verbals/VC_VerbalsNPC_Door_Priest,0364752541E2E33EF211A5B303A1E7E9,"I may be damned, but you have potential to save us all. Show the Chruch that there is nothing fear from you. Stop Solomon and Felwyl. Save our realm!"
Verbals/VC_VerbalsNPC_Door_Priest,95E59A1C44353A694268B5BC3280D66E_cue_0,I must confess.
Verbals/VC_VerbalsNPC_Door_Priest,95E59A1C44353A694268B5BC3280D66E,I must confess. I am resentful of my time wasted among the cloth. Many were corrupt. Perhaps what has befallen us is the Divine's judgment for our failure? Or I put my faith in with the wrong lot.
Verbals/VC_VerbalsNPC_Door_Priest,25E3D626443BF85DE778159E4424F1CB_cue_1,I shall spend my eternity in great contemplation of the Divine.
Verbals/VC_VerbalsNPC_Door_Priest,C5B22C314746D42E66055BAC31991F9E_cue_0,I'm no fool Nephilim.
Verbals/VC_VerbalsNPC_Door_Priest,C5B22C314746D42E66055BAC31991F9E,"I'm no fool Nephilim. Those of us left in this city are damned. Beyond the Spire is Purgatory, and it bleeds into our world."
Verbals/VC_VerbalsNPC_Door_Priest,59464FF44CAAED1D5AD6B79E5FA7B1D6_cue_0,I've not lost my faith.
Verbals/VC_VerbalsNPC_Door_Priest,59464FF44CAAED1D5AD6B79E5FA7B1D6,"I've not lost my faith. No, you've proven to me that we were misguided, fearful men."
Verbals/VC_VerbalsNPC_Door_Priest,25E3D626443BF85DE778159E4424F1CB_cue_0,I've nothing left to offer you.
Verbals/VC_VerbalsNPC_Door_Priest,25E3D626443BF85DE778159E4424F1CB,I've nothing left to offer you. I shall spend my eternity in great contemplation of the Divine.
Verbals/VC_VerbalsNPC_Door_Priest,A50906764743E652BB888880035599BB_cue_1,Like the Divine himself who took on the plight of mankind
Verbals/VC_VerbalsNPC_Door_Priest,95E59A1C44353A694268B5BC3280D66E_cue_2,Many were corrupt.
Verbals/VC_VerbalsNPC_Door_Priest,932AB7554A1F91A9D33D5FBDA6D19E43_cue_1,Mathias was slain.
Verbals/VC_VerbalsNPC_Door_Priest,5321738247D66B8CEB937EAC8D8FE7D7_cue_0,My my child.
Verbals/VC_VerbalsNPC_Door_Priest,5321738247D66B8CEB937EAC8D8FE7D7,My my child. You are delightfully... sinful. Bearer of the sins of your progenitors.
Verbals/VC_VerbalsNPC_Door_Priest,59464FF44CAAED1D5AD6B79E5FA7B1D6_cue_1,"No, you've proven to me that we were misguided,"
Verbals/VC_VerbalsNPC_Door_Priest,3C90734C42DA93E5614BBFB214A62CD0_cue_4,Not even if you knew the truth.
Verbals/VC_VerbalsNPC_Door_Priest,714883CB411C58AA5AE9B6A81F2BBA09_cue_2,"Not only can you mend your soul,"
Verbals/VC_VerbalsNPC_Door_Priest,2F8972AB42C6F62B0038EF85F730F774_cue_2,Now you are unstoppable.
Verbals/VC_VerbalsNPC_Door_Priest,691BBA564514C7AB23DE768FD1565F37_cue_2,Obtain holy revelation.
Verbals/VC_VerbalsNPC_Door_Priest,A50906764743E652BB888880035599BB_cue_0,Once I taught that virtue was ideal.
Verbals/VC_VerbalsNPC_Door_Priest,A50906764743E652BB888880035599BB,Once I taught that virtue was ideal. Like the Divine himself who took on the plight of mankind to guide us through the darkness under his holy moonlight.
Verbals/VC_VerbalsNPC_Door_Priest,D4067F70478388A0B71595878FFB8F19_cue_5,Only then can you hope to stop
Verbals/VC_VerbalsNPC_Door_Priest,95E59A1C44353A694268B5BC3280D66E_cue_5,Or I put my faith in with the wrong lot.
Verbals/VC_VerbalsNPC_Door_Priest,DF10A2A54120B8CC6D5AEC88A04A3356_cue_4,Perhaps everything I believed was wrong.
Verbals/VC_VerbalsNPC_Door_Priest,DF10A2A54120B8CC6D5AEC88A04A3356_cue_3,Perhaps he was wrong.
Verbals/VC_VerbalsNPC_Door_Priest,4C3B748E4C76C5805D979CB3C42C21A1_cue_4,Perhaps our guardians.
Verbals/VC_VerbalsNPC_Door_Priest,714883CB411C58AA5AE9B6A81F2BBA09_cue_4,Perhaps strong enough to heal the wounds
Verbals/VC_VerbalsNPC_Door_Priest,95E59A1C44353A694268B5BC3280D66E_cue_3,Perhaps what has befallen us is the Divine's
Verbals/VC_VerbalsNPC_Door_Priest,D4067F70478388A0B71595878FFB8F19_cue_2,"Return to these halls,"
Verbals/VC_VerbalsNPC_Door_Priest,0364752541E2E33EF211A5B303A1E7E9_cue_3,Save our realm!
Verbals/VC_VerbalsNPC_Door_Priest,0364752541E2E33EF211A5B303A1E7E9_cue_1,Show the Chruch that there is nothing fear from you.
Verbals/VC_VerbalsNPC_Door_Priest,0364752541E2E33EF211A5B303A1E7E9_cue_2,Stop Solomon and Felwyl.
Verbals/VC_VerbalsNPC_Door_Priest,D4067F70478388A0B71595878FFB8F19_cue_1,Take this opporitunity to achieve great strength.
Verbals/VC_VerbalsNPC_Door_Priest,3C90734C42DA93E5614BBFB214A62CD0_cue_0,The Lunitarians feared the Nephilim.
Verbals/VC_VerbalsNPC_Door_Priest,3C90734C42DA93E5614BBFB214A62CD0,"The Lunitarians feared the Nephilim. Thus we shackled your souls and brainwashed your kind. Under the Dogma of Two Souls, you could never be mended. Not even if you knew the truth."
Verbals/VC_VerbalsNPC_Door_Priest,90522EA54D0849B8BD6774906B49002C_cue_1,The Spire has wounded your soul.
Verbals/VC_VerbalsNPC_Door_Priest,DD203D564CEFEBA2CAAA1381BFE04146_cue_4,"The wisest of us, though skeptical,"
Verbals/VC_VerbalsNPC_Door_Priest,DD203D564CEFEBA2CAAA1381BFE04146_cue_1,"They walked these halls,"
Verbals/VC_VerbalsNPC_Door_Priest,674552DF449DC6CF81E07E951DB14578_cue_2,This is the mark of a true hero.
Verbals/VC_VerbalsNPC_Door_Priest,714883CB411C58AA5AE9B6A81F2BBA09_cue_0,"This makes you special, you see."
Verbals/VC_VerbalsNPC_Door_Priest,714883CB411C58AA5AE9B6A81F2BBA09,"This makes you special, you see. You can siphon the soul energy of the living. Not only can you mend your soul, you can become even stronger. Perhaps strong enough to heal the wounds deep within your blood."
Verbals/VC_VerbalsNPC_Door_Priest,C5B22C314746D42E66055BAC31991F9E_cue_1,Those of us left in this city are damned.
Verbals/VC_VerbalsNPC_Door_Priest,D4067F70478388A0B71595878FFB8F19_cue_4,Those trapped in time.
Verbals/VC_VerbalsNPC_Door_Priest,932AB7554A1F91A9D33D5FBDA6D19E43_cue_4,Thus my suspicions were finally confirmed.
Verbals/VC_VerbalsNPC_Door_Priest,3C90734C42DA93E5614BBFB214A62CD0_cue_1,Thus we shackled your souls and brainwashed your kind.
Verbals/VC_VerbalsNPC_Door_Priest,566ED6794DEA861648E1309055EB0C69_cue_0,"To hell with the Order of the Crimson Moon,"
Verbals/VC_VerbalsNPC_Door_Priest,566ED6794DEA861648E1309055EB0C69,"To hell with the Order of the Crimson Moon, and the Lunitarian faith. You have what it means to go beyond all of us."
Verbals/VC_VerbalsNPC_Door_Priest,3C90734C42DA93E5614BBFB214A62CD0_cue_2,"Under the Dogma of Two Souls,"
Verbals/VC_VerbalsNPC_Door_Priest,0EACAE664B02808836D913830AA8FBF3_cue_0,"We attempted to control that which we should not,"
Verbals/VC_VerbalsNPC_Door_Priest,0EACAE664B02808836D913830AA8FBF3,"We attempted to control that which we should not, could not, and now we suffer."
Verbals/VC_VerbalsNPC_Door_Priest,DD203D564CEFEBA2CAAA1381BFE04146_cue_3,We trusted them.
Verbals/VC_VerbalsNPC_Door_Priest,2F8972AB42C6F62B0038EF85F730F774_cue_0,"What Solomon's spire did to your soul,"
Verbals/VC_VerbalsNPC_Door_Priest,DF10A2A54120B8CC6D5AEC88A04A3356_cue_0,What did the Divine get in return?
Verbals/VC_VerbalsNPC_Door_Priest,DF10A2A54120B8CC6D5AEC88A04A3356,"What did the Divine get in return? A weak flock, those who could not stay the sin of this world. Perhaps he was wrong. Perhaps everything I believed was wrong."
Verbals/VC_VerbalsNPC_Door_Priest,141A2DD04EEC10EE8905BBB872C9B81C_cue_0,Yes its as I've suspected.
Verbals/VC_VerbalsNPC_Door_Priest,141A2DD04EEC10EE8905BBB872C9B81C,Yes its as I've suspected. You're even stronger than before.
Verbals/VC_VerbalsNPC_Door_Priest,674552DF449DC6CF81E07E951DB14578_cue_1,Yet you continue your mission.
Verbals/VC_VerbalsNPC_Door_Priest,90522EA54D0849B8BD6774906B49002C_cue_2,You almost ended up like the rest of us.
Verbals/VC_VerbalsNPC_Door_Priest,5321738247D66B8CEB937EAC8D8FE7D7_cue_1,You are delightfully... sinful.
Verbals/VC_VerbalsNPC_Door_Priest,4C3B748E4C76C5805D979CB3C42C21A1_cue_2,"You are not fallen, nor cursed, but blessed."
Verbals/VC_VerbalsNPC_Door_Priest,4C3B748E4C76C5805D979CB3C42C21A1_cue_3,You are the next stage of humanity.
Verbals/VC_VerbalsNPC_Door_Priest,714883CB411C58AA5AE9B6A81F2BBA09_cue_1,You can siphon the soul energy of the living.
Verbals/VC_VerbalsNPC_Door_Priest,2F8972AB42C6F62B0038EF85F730F774_cue_3,"You could leave the Order should you choose,"
Verbals/VC_VerbalsNPC_Door_Priest,566ED6794DEA861648E1309055EB0C69_cue_2,You have what it means to go beyond all of us.
Verbals/VC_VerbalsNPC_Door_Priest,E6829972484E4FB5FDDC95A60692297A,"You there, a word."
Verbals/VC_VerbalsNPC_Door_Priest,141A2DD04EEC10EE8905BBB872C9B81C_cue_1,You're even stronger than before.
Verbals/VC_VerbalsNPC_Door_Priest,674552DF449DC6CF81E07E951DB14578_cue_0,You've awakened to see the shadows on wall for what they are.
Verbals/VC_VerbalsNPC_Door_Priest,674552DF449DC6CF81E07E951DB14578,You've awakened to see the shadows on wall for what they are. Yet you continue your mission. This is the mark of a true hero.
Verbals/VC_VerbalsNPC_Door_Priest,4C3B748E4C76C5805D979CB3C42C21A1_cue_1,You've obtained the knowledge of your holy guardian angel.
Verbals/VC_VerbalsNPC_Door_Priest,D4067F70478388A0B71595878FFB8F19_cue_0,"You, he who is caught between realms."
Verbals/VC_VerbalsNPC_Door_Priest,D4067F70478388A0B71595878FFB8F19_cue_3,and face the foes again and again.
Verbals/VC_VerbalsNPC_Door_Priest,C5B22C314746D42E66055BAC31991F9E_cue_3,and it bleeds into our world.
Verbals/VC_VerbalsNPC_Door_Priest,62C6D9B644903B12CA23FDA21C52EDBE_cue_1,and return to me once you've learned the faith's
Verbals/VC_VerbalsNPC_Door_Priest,566ED6794DEA861648E1309055EB0C69_cue_1,and the Lunitarian faith.
Verbals/VC_VerbalsNPC_Door_Priest,DD203D564CEFEBA2CAAA1381BFE04146_cue_2,belied and contrived the machinations of our fall.
Verbals/VC_VerbalsNPC_Door_Priest,2F8972AB42C6F62B0038EF85F730F774_cue_1,broke your chains.
Verbals/VC_VerbalsNPC_Door_Priest,DD203D564CEFEBA2CAAA1381BFE04146_cue_5,ceased once they gave us results.
Verbals/VC_VerbalsNPC_Door_Priest,0EACAE664B02808836D913830AA8FBF3_cue_1,"could not, and now we suffer."
Verbals/VC_VerbalsNPC_Door_Priest,714883CB411C58AA5AE9B6A81F2BBA09_cue_5,deep within your blood.
Verbals/VC_VerbalsNPC_Door_Priest,59464FF44CAAED1D5AD6B79E5FA7B1D6_cue_2,fearful men.
Verbals/VC_VerbalsNPC_Door_Priest,95E59A1C44353A694268B5BC3280D66E_cue_4,judgment for our failure?
Verbals/VC_VerbalsNPC_Door_Priest,62C6D9B644903B12CA23FDA21C52EDBE_cue_2,most tightly guarded secret.
Verbals/VC_VerbalsNPC_Door_Priest,932AB7554A1F91A9D33D5FBDA6D19E43_cue_3,only to find myself on the receiving end of his jaws.
Verbals/VC_VerbalsNPC_Door_Priest,DF10A2A54120B8CC6D5AEC88A04A3356_cue_2,those who could not stay the sin of this world.
Verbals/VC_VerbalsNPC_Door_Priest,A50906764743E652BB888880035599BB_cue_2,to guide us through the darkness under his holy moonlight.
Verbals/VC_VerbalsNPC_Door_Priest,D4067F70478388A0B71595878FFB8F19_cue_6,what has been unleashed upon Eden.
Verbals/VC_VerbalsNPC_Door_Priest,714883CB411C58AA5AE9B6A81F2BBA09_cue_3,you can become even stronger.
Verbals/VC_VerbalsNPC_Door_Priest,3C90734C42DA93E5614BBFB214A62CD0_cue_3,you could never be mended.
Verbals/VC_VerbalsNPC_Door_Prisoner,E48E8DCE4DD0B10996B234B8D35DDEC2," Sometimes I see them. The people I've killed. I belong here. This, this is right for me."
Verbals/VC_VerbalsNPC_Door_Prisoner,67E793A94648042105523589D6BB2A20,(manic jibberish)
Verbals/VC_VerbalsNPC_Door_Prisoner,CC09D225482E6609CA6B298077E74428,(manic jibberish)
Verbals/VC_VerbalsNPC_Door_Prisoner,7C1D8C7F453DE51A0BECF2B3AB13F3D9_cue_3,All of it worth it!
Verbals/VC_VerbalsNPC_Door_Prisoner,F2C8085742A3F13A1F1E7DA9E04EBFA0_cue_1,"Before Nachstahl Steel took over,"
Verbals/VC_VerbalsNPC_Door_Prisoner,C740C20E491A2A4C68CAE4B889A4A255,Don’t you dare—DON’T— I can hear you thinkin’ about it!
Verbals/VC_VerbalsNPC_Door_Prisoner,CE17B68847B1D97CA74008937A1B9B91_cue_0,Ha!
Verbals/VC_VerbalsNPC_Door_Prisoner,CE17B68847B1D97CA74008937A1B9B91,"Ha! Looks like you're in a bit of a bind, no? Stuck out there, while I'm safe in here! Hehehe!"
Verbals/VC_VerbalsNPC_Door_Prisoner,F2C8085742A3F13A1F1E7DA9E04EBFA0_cue_0,Had a habit of finding myself in this box.
Verbals/VC_VerbalsNPC_Door_Prisoner,F2C8085742A3F13A1F1E7DA9E04EBFA0,"Had a habit of finding myself in this box. Before Nachstahl Steel took over, back when this place was owned by the Caldewels."
Verbals/VC_VerbalsNPC_Door_Prisoner,0E62686D47890F5146421B9A76278E42_cue_2,Hehehe!
Verbals/VC_VerbalsNPC_Door_Prisoner,CE17B68847B1D97CA74008937A1B9B91_cue_3,Hehehe!
Verbals/VC_VerbalsNPC_Door_Prisoner,7C1D8C7F453DE51A0BECF2B3AB13F3D9_cue_2,How many souls and broken bones—worth it.
Verbals/VC_VerbalsNPC_Door_Prisoner,E48E8DCE4DD0B10996B234B8D35DDEC2_cue_2,I belong here.
Verbals/VC_VerbalsNPC_Door_Prisoner,7C1D8C7F453DE51A0BECF2B3AB13F3D9_cue_0,I earned this cell!
Verbals/VC_VerbalsNPC_Door_Prisoner,7C1D8C7F453DE51A0BECF2B3AB13F3D9,I earned this cell! You hear me?! How many souls and broken bones—worth it. All of it worth it!
Verbals/VC_VerbalsNPC_Door_Prisoner,0D566F884B622EB01DA1928301E16B29_cue_0,"I guess the new owners just left me in here,"
Verbals/VC_VerbalsNPC_Door_Prisoner,0D566F884B622EB01DA1928301E16B29,"I guess the new owners just left me in here, and judging by the sounds of things out there, good for me!"
Verbals/VC_VerbalsNPC_Door_Prisoner,2979830846E2F9DE3DE9D4B01CA89AE2_cue_1,I've lived here for many years!
Verbals/VC_VerbalsNPC_Door_Prisoner,0BBFFA76427191F3454F3592479AB94A,It won't open. Don't bother.
Verbals/VC_VerbalsNPC_Door_Prisoner,0485311C40EC7B5A4B6C908720E36FEF_cue_2,"Learn to embrace your lot,"
Verbals/VC_VerbalsNPC_Door_Prisoner,CE17B68847B1D97CA74008937A1B9B91_cue_1,"Looks like you're in a bit of a bind, no?"
Verbals/VC_VerbalsNPC_Door_Prisoner,A5E4FA5449D8D339618AA6BF7BC29E7C,Mine! I've me own luxury suite in hell 'alf breed! Hahaha!
Verbals/VC_VerbalsNPC_Door_Prisoner,ACD9AFC442DDF86D4A65C89A9C6B32A3_cue_0,My damnation is my safety.
Verbals/VC_VerbalsNPC_Door_Prisoner,ACD9AFC442DDF86D4A65C89A9C6B32A3,My damnation is my safety. My soul stuck betwixt the horrors of this world and my mind.
Verbals/VC_VerbalsNPC_Door_Prisoner,ACD9AFC442DDF86D4A65C89A9C6B32A3_cue_1,My soul stuck betwixt the horrors of this world
Verbals/VC_VerbalsNPC_Door_Prisoner,222FB72F42EE8FA32BAC54977C51A9EB_cue_1,NO ONE CAN STOP THEM.
Verbals/VC_VerbalsNPC_Door_Prisoner,0E62686D47890F5146421B9A76278E42_cue_1,Only enough room for one and my chamber pot!
Verbals/VC_VerbalsNPC_Door_Prisoner,2979830846E2F9DE3DE9D4B01CA89AE2_cue_0,"Safe in here, as I've always been."
Verbals/VC_VerbalsNPC_Door_Prisoner,2979830846E2F9DE3DE9D4B01CA89AE2,"Safe in here, as I've always been. I've lived here for many years! Yes, yes would you believe it?"
Verbals/VC_VerbalsNPC_Door_Prisoner,923E1B3747F0EE8ACFE3D39DE3E16A89,Solomon and Felwyl will show you no mercy!
Verbals/VC_VerbalsNPC_Door_Prisoner,E48E8DCE4DD0B10996B234B8D35DDEC2_cue_0,Sometimes I see them.
Verbals/VC_VerbalsNPC_Door_Prisoner,0E62686D47890F5146421B9A76278E42_cue_0,Sorry friend.
Verbals/VC_VerbalsNPC_Door_Prisoner,0E62686D47890F5146421B9A76278E42,Sorry friend. Only enough room for one and my chamber pot! Hehehe!
Verbals/VC_VerbalsNPC_Door_Prisoner,CE17B68847B1D97CA74008937A1B9B91_cue_2,"Stuck out there, while I'm safe in here!"
Verbals/VC_VerbalsNPC_Door_Prisoner,222FB72F42EE8FA32BAC54977C51A9EB_cue_2,THEY'VE ALREADY WON!
Verbals/VC_VerbalsNPC_Door_Prisoner,E48E8DCE4DD0B10996B234B8D35DDEC2_cue_1,The people I've killed.
Verbals/VC_VerbalsNPC_Door_Prisoner,E48E8DCE4DD0B10996B234B8D35DDEC2_cue_3,"This, this is right for me."
Verbals/VC_VerbalsNPC_Door_Prisoner,3192D40143BD24756C82A99FC39EBCCB,"This, this is right. As things should be."
Verbals/VC_VerbalsNPC_Door_Prisoner,222FB72F42EE8FA32BAC54977C51A9EB_cue_0,YOU WON'T STOP THEM.
Verbals/VC_VerbalsNPC_Door_Prisoner,222FB72F42EE8FA32BAC54977C51A9EB,YOU WON'T STOP THEM. NO ONE CAN STOP THEM. THEY'VE ALREADY WON!
Verbals/VC_VerbalsNPC_Door_Prisoner,2979830846E2F9DE3DE9D4B01CA89AE2_cue_2,"Yes, yes would you believe it?"
Verbals/VC_VerbalsNPC_Door_Prisoner,7C1D8C7F453DE51A0BECF2B3AB13F3D9_cue_1,You hear me?!
Verbals/VC_VerbalsNPC_Door_Prisoner,0485311C40EC7B5A4B6C908720E36FEF_cue_0,"You've your own chains,"
Verbals/VC_VerbalsNPC_Door_Prisoner,0485311C40EC7B5A4B6C908720E36FEF,"You've your own chains, and I've got mine. Learn to embrace your lot, lean into it, its aalll we got!"
Verbals/VC_VerbalsNPC_Door_Prisoner,0485311C40EC7B5A4B6C908720E36FEF_cue_1,and I've got mine.
Verbals/VC_VerbalsNPC_Door_Prisoner,0D566F884B622EB01DA1928301E16B29_cue_1,"and judging by the sounds of things out there,"
Verbals/VC_VerbalsNPC_Door_Prisoner,ACD9AFC442DDF86D4A65C89A9C6B32A3_cue_2,and my mind.
Verbals/VC_VerbalsNPC_Door_Prisoner,F2C8085742A3F13A1F1E7DA9E04EBFA0_cue_2,back when this place was owned by the Caldewels.
Verbals/VC_VerbalsNPC_Door_Prisoner,0D566F884B622EB01DA1928301E16B29_cue_2,good for me!
Verbals/VC_VerbalsNPC_Door_Prisoner,0485311C40EC7B5A4B6C908720E36FEF_cue_4,its aalll we got!
Verbals/VC_VerbalsNPC_Door_Prisoner,0485311C40EC7B5A4B6C908720E36FEF_cue_3,"lean into it,"
Verbals/VC_VerbalsNPC_Gallant,12607F9F42B1D306E1050A8A1E4D3B74, I didn’t doubt you. Didn’t need to.
Verbals/VC_VerbalsNPC_Gallant,6AFC776D4C11C4DB4DEE68AC5A9FDF07, Let’s see what you’re made of.
Verbals/VC_VerbalsNPC_Gallant,967010D9419C8AEADEB4498C31E01378, These monsters have a hierarchy. Here’s something from the top.
Verbals/VC_VerbalsNPC_Gallant,AF35D87D432C6E92058BB2B88215A547, This is where it gets difficult. Good.
Verbals/VC_VerbalsNPC_Gallant,FCF246744402EB23A409E5939E53B344," We have two access points outside of the Soul Siphon that we can send you to. You must brave the Siphon’s influence and traverse the city from there. Carve your way through this scourge and get those stones. Divine guide your blade, Nephilim."
Verbals/VC_VerbalsNPC_Gallant,F810740442F3B270ED4E8E9D24D33979,...and the horrors that lie beyond will be unleashed upon the realm.
Verbals/VC_VerbalsNPC_Gallant,BBFD2F294DB558DEB48053A19B010CAB_cue_1,"A new day is coming for the order,"
Verbals/VC_VerbalsNPC_Gallant,A82F113448505C252FFEEC8223C5C442,Above and beyond.
Verbals/VC_VerbalsNPC_Gallant,DE332F124C1AF49CFAA714B41972786D,Aegis. A protector's bond. I know that weight.
Verbals/VC_VerbalsNPC_Gallant,BBFD2F294DB558DEB48053A19B010CAB_cue_0,And Nephilim one last thing...
Verbals/VC_VerbalsNPC_Gallant,BBFD2F294DB558DEB48053A19B010CAB,"And Nephilim one last thing... A new day is coming for the order, and I want you by my side when it comes. Hold onto the faith that we can fight for a better tomorrow. I’m sure you know this already, but this is only the beginning. "
Verbals/VC_VerbalsNPC_Gallant,7E410E754FF00D99FFE26994374F2C04_cue_2,And still you put him in the ground.
Verbals/VC_VerbalsNPC_Gallant,95337A214419648BC0CE3E8412E8577A_cue_0,"And the Stone of Arcana, imprisons Aegoroth,"
Verbals/VC_VerbalsNPC_Gallant,95337A214419648BC0CE3E8412E8577A,"And the Stone of Arcana, imprisons Aegoroth, the Eye of the Abyss."
Verbals/VC_VerbalsNPC_Gallant,61117C904F969DBA2C46F799BF6C7CF7_cue_1,And the slaying of a Dead God?
Verbals/VC_VerbalsNPC_Gallant,3F3DACA440ABAFC2630DAEAC0163B0DB,"Be ruthless, not reckless."
Verbals/VC_VerbalsNPC_Gallant,D34BD86C4DFF734886FE6FAC0C13B8C1_cue_0,"Before the demons overran these streets,"
Verbals/VC_VerbalsNPC_Gallant,D34BD86C4DFF734886FE6FAC0C13B8C1,"Before the demons overran these streets, our soldiers held this ground. They died for it. The Church won't recover their tags. They're preoccupied protecting their own interests. So we will. Search the field. Bring back the Crescent Tags. Every soldier deserves to be named."
Verbals/VC_VerbalsNPC_Gallant,F58A7A6E40F5A0180776D2A501226C70_cue_0,"Before we begin,"
Verbals/VC_VerbalsNPC_Gallant,F58A7A6E40F5A0180776D2A501226C70,"Before we begin, speak with Mereda, the Order’s archivist. See me when you’re done."
Verbals/VC_VerbalsNPC_Gallant,120C5DCE4A94A4DC2BD48799E09D4808_cue_2,Blacksmith and Merchant.
Verbals/VC_VerbalsNPC_Gallant,D34BD86C4DFF734886FE6FAC0C13B8C1_cue_7,Bring back the Crescent Tags.
Verbals/VC_VerbalsNPC_Gallant,7A5BBC634873BF1A0086E18F872F209B_cue_2,Bring them the end they deserve.
Verbals/VC_VerbalsNPC_Gallant,0C48B0FD4A8B1087152149BE85F55B80_cue_5,But I need you focused;
Verbals/VC_VerbalsNPC_Gallant,E8B11E724ABBB81D82B7E391306E03BB_cue_0,But the Church has new orders for us.
Verbals/VC_VerbalsNPC_Gallant,E8B11E724ABBB81D82B7E391306E03BB,"But the Church has new orders for us. They demand we seek out three artifacts in the city called Abraxas Stones, each containing remnant souls of dead gods."
Verbals/VC_VerbalsNPC_Gallant,C88C233A460B2B3A6EF54C89E6BD6B8B,"Cain is gone, but his shadow is long."
Verbals/VC_VerbalsNPC_Gallant,FCF246744402EB23A409E5939E53B344_cue_4,Carve your way through this scourge and get those stones.
Verbals/VC_VerbalsNPC_Gallant,EF399E824F88E56C224378BB2762E77A,Come back breathing.
Verbals/VC_VerbalsNPC_Gallant,32C7A8F149CBCF6CFF9638A4FCB34B0A_cue_2,"Countless have lost their lives,"
Verbals/VC_VerbalsNPC_Gallant,7A5BBC634873BF1A0086E18F872F209B_cue_0,Death Knights.
Verbals/VC_VerbalsNPC_Gallant,7A5BBC634873BF1A0086E18F872F209B,Death Knights. Fallen warriors bound to eternity. Bring them the end they deserve. 
Verbals/VC_VerbalsNPC_Gallant,BF8FDB6C4E25EC85AE7B29B507587B8D,Death is not failure. Staying down is.
Verbals/VC_VerbalsNPC_Gallant,BAF644704C13317A259DCDBC52A83729_cue_1,Demon territory.
Verbals/VC_VerbalsNPC_Gallant,55B5E4154E1358B00E8D019BF683561B_cue_1,"Destroy any of those ""Vessels"" in your way."
Verbals/VC_VerbalsNPC_Gallant,FCF246744402EB23A409E5939E53B344_cue_5,"Divine guide your blade, Nephilim."
Verbals/VC_VerbalsNPC_Gallant,CFF3164343B3949CC6B3179B8396CA24_cue_1,Don't be afraid of it.
Verbals/VC_VerbalsNPC_Gallant,DF9DE6114983D9CE7A8EA8BBEDB16876_cue_1,Don't let it hold you back.
Verbals/VC_VerbalsNPC_Gallant,4D77070A4A028456B65FA3BBDFD6A945_cue_2,Don't let them corner you.
Verbals/VC_VerbalsNPC_Gallant,3008F7254727BD260CDDFA9AA4250756,Done. The Order is stronger for it.
Verbals/VC_VerbalsNPC_Gallant,A05E3D2749438FFF1AFDDCBF2C7F0633,Don’t mistake this for what you’ve done before.
Verbals/VC_VerbalsNPC_Gallant,5AB6AC0C4F50AA10771C528A4B26065C_cue_0,E'frae's rot gets into you before you even feel the wound.
Verbals/VC_VerbalsNPC_Gallant,5AB6AC0C4F50AA10771C528A4B26065C,E'frae's rot gets into you before you even feel the wound. You know that now.
Verbals/VC_VerbalsNPC_Gallant,148ED7CB422BA6295F27469D35272498_cue_2,Elegant.
Verbals/VC_VerbalsNPC_Gallant,D74CD223427CAB5EC58D1EAD40E9A4DE_cue_0,Every Knight in this Order has tasted defeat.
Verbals/VC_VerbalsNPC_Gallant,D74CD223427CAB5EC58D1EAD40E9A4DE,Every Knight in this Order has tasted defeat. Rise.
Verbals/VC_VerbalsNPC_Gallant,0EA428B4477FED3884357991CC0C5F4B,Every Nephilim in this Order is here because I asked them to be.
Verbals/VC_VerbalsNPC_Gallant,FD95D0614EEDA23D80087CAA5E7313AC,"Every moment we wait, the city suffers."
Verbals/VC_VerbalsNPC_Gallant,D34BD86C4DFF734886FE6FAC0C13B8C1_cue_8,Every soldier deserves to be named.
Verbals/VC_VerbalsNPC_Gallant,0C48B0FD4A8B1087152149BE85F55B80_cue_0,Excellent work Paladin! Now it's onto the...
Verbals/VC_VerbalsNPC_Gallant,0C48B0FD4A8B1087152149BE85F55B80,"Excellent work Paladin! Now it's onto the... Is everything alright? You seem... disturbed. Is your Angel behaving strangely? Is that voice from the Spire getting to you? I know what you’re going through. But I need you focused; we have one Stone left. Make that final push, and after we will talk, I promise."
Verbals/VC_VerbalsNPC_Gallant,24B095E44EB70CAFA0E7FFA49F27E2B6,Expected nothing less.
Verbals/VC_VerbalsNPC_Gallant,F62EF61F498BFE04363AEEAA66F88E8A,Eyes open.
Verbals/VC_VerbalsNPC_Gallant,CE86DA244858180DCE49039365DB8007,Failure is information. Use it.
Verbals/VC_VerbalsNPC_Gallant,7A5BBC634873BF1A0086E18F872F209B_cue_1,Fallen warriors bound to eternity.
Verbals/VC_VerbalsNPC_Gallant,7E410E754FF00D99FFE26994374F2C04_cue_0,Felwyl came back.
Verbals/VC_VerbalsNPC_Gallant,7E410E754FF00D99FFE26994374F2C04,"Felwyl came back. Of course he did. And still you put him in the ground. Nephilim, I am proud to call you my brother. Now you know the burden I’ve carried for these last 300 years. With you, I see hope. We will fight for a better tomorrow for our people and humanity. For now the Church has their stones. They’ve finally gotten what they’ve wanted from the city. Never mind toll in human life... For the Order, however, our fight continues. When you are ready for our next mission, speak with me. "
Verbals/VC_VerbalsNPC_Gallant,22CE873F4BD5023064FB4E9ADF1CC7A3,Finish what you started.
Verbals/VC_VerbalsNPC_Gallant,7E410E754FF00D99FFE26994374F2C04_cue_7,For now the Church has their stones.
Verbals/VC_VerbalsNPC_Gallant,8C9490424C6A05C0AADDBA80C657518A,For the Order!
Verbals/VC_VerbalsNPC_Gallant,7E410E754FF00D99FFE26994374F2C04_cue_10,"For the Order, however, our fight continues."
Verbals/VC_VerbalsNPC_Gallant,FB0CAD4C4058B14792ABF7A4EB159B3F,Fresh contracts.
Verbals/VC_VerbalsNPC_Gallant,F363CC7144B40E30801E65B835AFA107_cue_0,Get out there!
Verbals/VC_VerbalsNPC_Gallant,F363CC7144B40E30801E65B835AFA107,Get out there! The sooner we know what's sustaining the spire's influence the sooner we can reach those stones.
Verbals/VC_VerbalsNPC_Gallant,477574224BC38F6C3168EBBD9F261542,Good run... now do it again.
Verbals/VC_VerbalsNPC_Gallant,2FDA3176425E95139AB5439E7326962B,Good. I was hoping you'd come
Verbals/VC_VerbalsNPC_Gallant,7E0F35FE455604EA8E4DDFA5258B1864,Got something for you.
Verbals/VC_VerbalsNPC_Gallant,BAF644704C13317A259DCDBC52A83729_cue_0,Grimhaven.
Verbals/VC_VerbalsNPC_Gallant,BAF644704C13317A259DCDBC52A83729,Grimhaven. Demon territory. The air itself is corrupted. You felt it.
Verbals/VC_VerbalsNPC_Gallant,AB7C126540FC1E75353B5A8374AAFDE5,Hang in there. We carry this burden together.
Verbals/VC_VerbalsNPC_Gallant,620A2ED24E3490FA62FA2ABE556AA86A_cue_0,Have I ever told you about the time I was killed
Verbals/VC_VerbalsNPC_Gallant,620A2ED24E3490FA62FA2ABE556AA86A,Have I ever told you about the time I was killed by an amorous vampire? I don't want to think about what she did to this body before the monks collected me.
Verbals/VC_VerbalsNPC_Gallant,44958921433D5A036CBA3FA94BAF6EDE,Have faith.
Verbals/VC_VerbalsNPC_Gallant,61AB5BAD4C2A3B0D71945F922D99A3F2_cue_1,Have you found their tags?
Verbals/VC_VerbalsNPC_Gallant,967010D9419C8AEADEB4498C31E01378_cue_1,Here’s something from the top.
Verbals/VC_VerbalsNPC_Gallant,BBFD2F294DB558DEB48053A19B010CAB_cue_3,Hold onto the faith that we can fight for a better tomorrow.
Verbals/VC_VerbalsNPC_Gallant,20E02F944E7B54A5FEBE90B4D46D1FF6,Hold the line. That's all any of us can do.
Verbals/VC_VerbalsNPC_Gallant,6A42DF5141E4D2B831CBD3953FAE9059,I always believed.
Verbals/VC_VerbalsNPC_Gallant,CFF3164343B3949CC6B3179B8396CA24_cue_0,I can see your angel in you more each time you return.
Verbals/VC_VerbalsNPC_Gallant,CFF3164343B3949CC6B3179B8396CA24,I can see your angel in you more each time you return. Don't be afraid of it. That's your strength.
Verbals/VC_VerbalsNPC_Gallant,3ECB1A68413D470E31D513A70FAA3BCA_cue_1,I do.
Verbals/VC_VerbalsNPC_Gallant,E3B8039A41715EECAB0A6D93FA80970F_cue_0,I don't recommend drinking to your victories with
Verbals/VC_VerbalsNPC_Gallant,E3B8039A41715EECAB0A6D93FA80970F,I don't recommend drinking to your victories with the skull of your enemies. The mead isn't worth the squeeze as it were.
Verbals/VC_VerbalsNPC_Gallant,620A2ED24E3490FA62FA2ABE556AA86A_cue_2,I don't want to think about what she did to this
Verbals/VC_VerbalsNPC_Gallant,F52C866B40B6D654C84931B62D2B0232,I hope they find what we never could: Peace between two natures.
Verbals/VC_VerbalsNPC_Gallant,CDBFDBAC4A7A738023F2848F72BCEC34_cue_2,I knew this wouldn't be easy.
Verbals/VC_VerbalsNPC_Gallant,0C48B0FD4A8B1087152149BE85F55B80_cue_4,I know what you’re going through.
Verbals/VC_VerbalsNPC_Gallant,383C920B4CC61EAAC5BA519B75118AC0,"I need you focused, Paladin."
Verbals/VC_VerbalsNPC_Gallant,0C48B0FD4A8B1087152149BE85F55B80_cue_8,I promise.
Verbals/VC_VerbalsNPC_Gallant,00ADF7914974F594B578C7B8B6F595AA,I see you. Come.
Verbals/VC_VerbalsNPC_Gallant,120C5DCE4A94A4DC2BD48799E09D4808_cue_1,I suggest you acquaint yourself with the hall's
Verbals/VC_VerbalsNPC_Gallant,6428029B47BDC8ABB847428D29804701,I won't forget this.
Verbals/VC_VerbalsNPC_Gallant,5E480F5B423C7AF61D8E9E82E0850370,I wouldn’t put this one in front of most. It’s yours.
Verbals/VC_VerbalsNPC_Gallant,E6382912406E2D23DF6B8CACB8A3492D_cue_1,I'd be lying if it didn't remind of when her and I
Verbals/VC_VerbalsNPC_Gallant,5999BAC14B8F71374C15E385FFFCBBC7,I'll be at the War Table. Return when it's done.
Verbals/VC_VerbalsNPC_Gallant,EC8A3B3445F1006F2F433E8993F84024_cue_1,I'll be ready for that conversation.
Verbals/VC_VerbalsNPC_Gallant,9A6777A34D0AD30649C03F861AD68BD2,I'll keep my good eye on you.
Verbals/VC_VerbalsNPC_Gallant,E6F1194E489DADF364CD9FA8BAC87BE1,I'll need to find ya something tougher next time.
Verbals/VC_VerbalsNPC_Gallant,04E09D7943B928E4209EA18A81BD08D5_cue_1,I'm still here.
Verbals/VC_VerbalsNPC_Gallant,04E09D7943B928E4209EA18A81BD08D5_cue_0,I've lost more battles than you've fought.
Verbals/VC_VerbalsNPC_Gallant,04E09D7943B928E4209EA18A81BD08D5,I've lost more battles than you've fought. I'm still here.
Verbals/VC_VerbalsNPC_Gallant,6DBB0224480D64ED63774391434B14C4_cue_0,I've never seen the Undead fall in those numbers.
Verbals/VC_VerbalsNPC_Gallant,6DBB0224480D64ED63774391434B14C4,I've never seen the Undead fall in those numbers. Keep at it.
Verbals/VC_VerbalsNPC_Gallant,D2BEA1AB4911388FFF4C8481918C49BA_cue_1,I've seen a hundred Nephilim.
Verbals/VC_VerbalsNPC_Gallant,51BBEE3148AA706812BF69B7EFD84E2C_cue_3,I've seen what happens when it tips.
Verbals/VC_VerbalsNPC_Gallant,E8F784C24B0AF811B538528AF99424FD_cue_0,"I've stopped counting the dead,"
Verbals/VC_VerbalsNPC_Gallant,E8F784C24B0AF811B538528AF99424FD,"I've stopped counting the dead, but their names I'll never forget."
Verbals/VC_VerbalsNPC_Gallant,AECF263C46BF73FE3913FFA34188F883_cue_1,If only we’d have been informed of the risks.
Verbals/VC_VerbalsNPC_Gallant,ED2033B34C60DD03F68EA28F12A2CD71_cue_0,If the Spire falls...
Verbals/VC_VerbalsNPC_Gallant,ED2033B34C60DD03F68EA28F12A2CD71,If the Spire falls... maybe then. Maybe then we can rest.
Verbals/VC_VerbalsNPC_Gallant,3432291144BD0A8A0C7F3092EA5F49AE_cue_0,"If you’re like me,"
Verbals/VC_VerbalsNPC_Gallant,3432291144BD0A8A0C7F3092EA5F49AE,"If you’re like me, you’ll feel better once you’ve killed something."
Verbals/VC_VerbalsNPC_Gallant,0C48B0FD4A8B1087152149BE85F55B80_cue_1,Is everything alright? You seem... disturbed.
Verbals/VC_VerbalsNPC_Gallant,0C48B0FD4A8B1087152149BE85F55B80_cue_3,Is that voice from the Spire getting to you?
Verbals/VC_VerbalsNPC_Gallant,0C48B0FD4A8B1087152149BE85F55B80_cue_2,Is your Angel behaving strangely?
Verbals/VC_VerbalsNPC_Gallant,2EB0E13940072377A70B4D82E3D0F586_cue_1,It is many.
Verbals/VC_VerbalsNPC_Gallant,3ECB1A68413D470E31D513A70FAA3BCA_cue_2,It's called whole.
Verbals/VC_VerbalsNPC_Gallant,CDBFDBAC4A7A738023F2848F72BCEC34_cue_3,Its nothing your sword arm can't handle!
Verbals/VC_VerbalsNPC_Gallant,BBFD2F294DB558DEB48053A19B010CAB_cue_4,"I’m sure you know this already, but"
Verbals/VC_VerbalsNPC_Gallant,5FAAB3A346E8219183FC11944C096B8A,I’ve been saving this one for you.
Verbals/VC_VerbalsNPC_Gallant,6DBB0224480D64ED63774391434B14C4_cue_1,Keep at it.
Verbals/VC_VerbalsNPC_Gallant,51BBEE3148AA706812BF69B7EFD84E2C_cue_2,Keep that balance.
Verbals/VC_VerbalsNPC_Gallant,AD0CA46346F3E892FCE3CCBBEE12D4B7,Keep up this pace and I’ll run out of names to put on the list.
Verbals/VC_VerbalsNPC_Gallant,DDBF5EB14A0656364EF9FAAF8E4D4498,Knight. What do you need?
Verbals/VC_VerbalsNPC_Gallant,091282EF4F15E5CC67B64EB8F80F584A_cue_1,Let's turn our attention to the War Table.
Verbals/VC_VerbalsNPC_Gallant,0C48B0FD4A8B1087152149BE85F55B80_cue_7,"Make that final push, and after we will talk,"
Verbals/VC_VerbalsNPC_Gallant,61117C904F969DBA2C46F799BF6C7CF7_cue_4,May the divine guide us
Verbals/VC_VerbalsNPC_Gallant,ED2033B34C60DD03F68EA28F12A2CD71_cue_2,Maybe then we can rest.
Verbals/VC_VerbalsNPC_Gallant,148ED7CB422BA6295F27469D35272498_cue_3,Merciless.
Verbals/VC_VerbalsNPC_Gallant,51D71EB240CCB44A6F5ABD9365B865CE_cue_0,"Mereda, I take no pleasure in sending my own to their deaths;"
Verbals/VC_VerbalsNPC_Gallant,51D71EB240CCB44A6F5ABD9365B865CE,"Mereda, I take no pleasure in sending my own to their deaths; our kind's release is arbitrated by the Church alone."
Verbals/VC_VerbalsNPC_Gallant,8913DFFC41A1DDC226522787AEF4D44B,Mother... would she even recognize me.
Verbals/VC_VerbalsNPC_Gallant,08FDFE544ADA32802AAB8F9DF9B7A02A,Move out.
Verbals/VC_VerbalsNPC_Gallant,45A49818424FA3DB937C3C960E0D24D0,Move with purpose.
Verbals/VC_VerbalsNPC_Gallant,F41CC4C7450FF643A10535A126C75C81_cue_0,Nahnias fights beside you now.
Verbals/VC_VerbalsNPC_Gallant,F41CC4C7450FF643A10535A126C75C81,Nahnias fights beside you now. Never take that loyalty for granted.
Verbals/VC_VerbalsNPC_Gallant,7E410E754FF00D99FFE26994374F2C04_cue_3,"Nephilim, I am proud to call you my brother."
Verbals/VC_VerbalsNPC_Gallant,93C31DD547B6308BF484D9A31A256F38_cue_0,"Nephilim, in death, rank means nothing."
Verbals/VC_VerbalsNPC_Gallant,93C31DD547B6308BF484D9A31A256F38,"Nephilim, in death, rank means nothing. These men and women gave everything. We'll make certain they aren't forgotten. Well done."
Verbals/VC_VerbalsNPC_Gallant,1FFB5D8344E1D477EDF089B936BD54C8,Never Give Up.
Verbals/VC_VerbalsNPC_Gallant,7E410E754FF00D99FFE26994374F2C04_cue_9,Never mind toll in human life...
Verbals/VC_VerbalsNPC_Gallant,D2BEA1AB4911388FFF4C8481918C49BA_cue_2,Never quite like this.
Verbals/VC_VerbalsNPC_Gallant,F41CC4C7450FF643A10535A126C75C81_cue_1,Never take that loyalty for granted.
Verbals/VC_VerbalsNPC_Gallant,CA4285384DC947AD87828FB56F4CB787,No room for mistakes on this one.
Verbals/VC_VerbalsNPC_Gallant,2229D53141CF90AD3557E1A848DFADD1,Not a bounty. A reckoning.
Verbals/VC_VerbalsNPC_Gallant,CC4A77734AE076898AD880ADBFC2DCA7,Not the usual work. Come back in once piece.
Verbals/VC_VerbalsNPC_Gallant,6AB2E3C14CDC1537398956A361186C48,Nothing easy. This is what’s left.
Verbals/VC_VerbalsNPC_Gallant,168ED4A1494E1933F0C643A657701597_cue_0,"Now that we know how to reach the Stones,"
Verbals/VC_VerbalsNPC_Gallant,168ED4A1494E1933F0C643A657701597,"Now that we know how to reach the Stones, its a matter of braving the city's perils. You've made it this far, I believe in you."
Verbals/VC_VerbalsNPC_Gallant,7E410E754FF00D99FFE26994374F2C04_cue_4,Now you know the burden I’ve carried for these last 300 years.
Verbals/VC_VerbalsNPC_Gallant,916902B041D967A626CF8D9AEB0CB17D_cue_1,Numbers don't discourage them.
Verbals/VC_VerbalsNPC_Gallant,7E410E754FF00D99FFE26994374F2C04_cue_1,Of course he did.
Verbals/VC_VerbalsNPC_Gallant,1E2055F4433EE6DBFF2B3C975FB1D372,Our mission remains unchanged.
Verbals/VC_VerbalsNPC_Gallant,E8A96E4C42C36F27325377B6AE21F457,Paladin.
Verbals/VC_VerbalsNPC_Gallant,DD29C90746323C1A30E7E09385ADE823,Peace. I've almost forgotten what it looks like.
Verbals/VC_VerbalsNPC_Gallant,D96BFF5C4FDDDF6A4FF223B7F9822F18,Pick a target and go.
Verbals/VC_VerbalsNPC_Gallant,F696EC6D4D2B88D028A26491FB34069B,Posting’s up. Pick your mark.
Verbals/VC_VerbalsNPC_Gallant,3455A8BE46B23C4D7BCF7CA35A3B1FFB,Quiet moments like this never last.
Verbals/VC_VerbalsNPC_Gallant,CDE881B847193525753D63865B23CB13,Ready for a real fight? Here’s one.
Verbals/VC_VerbalsNPC_Gallant,091282EF4F15E5CC67B64EB8F80F584A_cue_0,Right. We can get to work then.
Verbals/VC_VerbalsNPC_Gallant,091282EF4F15E5CC67B64EB8F80F584A,Right. We can get to work then. Let's turn our attention to the War Table. 
Verbals/VC_VerbalsNPC_Gallant,D74CD223427CAB5EC58D1EAD40E9A4DE_cue_1,Rise.
Verbals/VC_VerbalsNPC_Gallant,D34BD86C4DFF734886FE6FAC0C13B8C1_cue_6,Search the field.
Verbals/VC_VerbalsNPC_Gallant,10055C6143CE170FC8C196BD45520F51,See it through
Verbals/VC_VerbalsNPC_Gallant,F58A7A6E40F5A0180776D2A501226C70_cue_2,See me when you’re done.
Verbals/VC_VerbalsNPC_Gallant,4D77070A4A028456B65FA3BBDFD6A945_cue_1,"Slow, armored, devastating."
Verbals/VC_VerbalsNPC_Gallant,D34BD86C4DFF734886FE6FAC0C13B8C1_cue_5,So we will.
Verbals/VC_VerbalsNPC_Gallant,0879705F436FBA8D3764FBB7605376BA,Something brings you to the War Table.
Verbals/VC_VerbalsNPC_Gallant,80AF176D47B0D7FB4F17919E112A1969,"Something on your mind, Paladin?"
Verbals/VC_VerbalsNPC_Gallant,683F5ACA42C58F7FF4EF7D917F04F299,"Something with more teeth, literally. Ready?"
Verbals/VC_VerbalsNPC_Gallant,91DAA95643DA896CCD9F37B0109A7E79_cue_2,Soon it will fall...
Verbals/VC_VerbalsNPC_Gallant,0887C8BC45F81D0B3B6D509BEE6B961B,Stay focused. You can do this!
Verbals/VC_VerbalsNPC_Gallant,ABF4DC914734DA9CC0210CBF56FCA96C,Stay sharp.
Verbals/VC_VerbalsNPC_Gallant,C19D77E249F68D1CBBA844A611769094,Step it up. This contract calls for it.
Verbals/VC_VerbalsNPC_Gallant,2EB0E13940072377A70B4D82E3D0F586_cue_2,Stop fighting it like it is.
Verbals/VC_VerbalsNPC_Gallant,56D3189348CADAA3807391A2FEAFC228,Sunder. Don't let the power outpace your discipline.
Verbals/VC_VerbalsNPC_Gallant,C784584840DBEC75C28B6292DC279648,Take after Lotte and be a glutton.
Verbals/VC_VerbalsNPC_Gallant,9CEF830542DDFD81ABB007819C7F7C82_cue_1,Take away its sky and it's just a beast.
Verbals/VC_VerbalsNPC_Gallant,D2BEA1AB4911388FFF4C8481918C49BA_cue_0,That paladin's bond with their angel runs deeper than most.
Verbals/VC_VerbalsNPC_Gallant,D2BEA1AB4911388FFF4C8481918C49BA,That paladin's bond with their angel runs deeper than most. I've seen a hundred Nephilim. Never quite like this.
Verbals/VC_VerbalsNPC_Gallant,D1CE54784F240831DBAFFF8E9E103702_cue_0,"That was until today,"
Verbals/VC_VerbalsNPC_Gallant,D1CE54784F240831DBAFFF8E9E103702,"That was until today, when we saw this Spire annihilate my paladins..."
Verbals/VC_VerbalsNPC_Gallant,70F85C474FE11FD642E293A014E7C67F,That's the measure of a Knight. Well done.
Verbals/VC_VerbalsNPC_Gallant,CFF3164343B3949CC6B3179B8396CA24_cue_2,That's your strength.
Verbals/VC_VerbalsNPC_Gallant,EC8A3B3445F1006F2F433E8993F84024_cue_0,The Church will notice that transformation before long.
Verbals/VC_VerbalsNPC_Gallant,EC8A3B3445F1006F2F433E8993F84024,The Church will notice that transformation before long. I'll be ready for that conversation.
Verbals/VC_VerbalsNPC_Gallant,D34BD86C4DFF734886FE6FAC0C13B8C1_cue_3,The Church won't recover their tags.
Verbals/VC_VerbalsNPC_Gallant,2EB0E13940072377A70B4D82E3D0F586_cue_0,The Egregore is not one thing.
Verbals/VC_VerbalsNPC_Gallant,2EB0E13940072377A70B4D82E3D0F586,The Egregore is not one thing. It is many. Stop fighting it like it is.
Verbals/VC_VerbalsNPC_Gallant,61117C904F969DBA2C46F799BF6C7CF7_cue_0,The First Stone is secured.
Verbals/VC_VerbalsNPC_Gallant,61117C904F969DBA2C46F799BF6C7CF7,"The First Stone is secured. And the slaying of a Dead God? You have no idea what you've just accomplished, Nephilim. Whatever happens next, do not lose faith. May the divine guide us"
Verbals/VC_VerbalsNPC_Gallant,148ED7CB422BA6295F27469D35272498_cue_0,The GildedWard.
Verbals/VC_VerbalsNPC_Gallant,148ED7CB422BA6295F27469D35272498,The GildedWard. The vampires have made it their cathedral. Elegant. Merciless.
Verbals/VC_VerbalsNPC_Gallant,91DAA95643DA896CCD9F37B0109A7E79_cue_0,"The Godsreach Spire pierces Eden's veil,"
Verbals/VC_VerbalsNPC_Gallant,91DAA95643DA896CCD9F37B0109A7E79,"The Godsreach Spire pierces Eden's veil, destroying the fabric of our realm. Soon it will fall..."
Verbals/VC_VerbalsNPC_Gallant,4D77070A4A028456B65FA3BBDFD6A945_cue_0,The Legion’s sent heavies into the streets.
Verbals/VC_VerbalsNPC_Gallant,4D77070A4A028456B65FA3BBDFD6A945,"The Legion’s sent heavies into the streets. Slow, armored, devastating. Don't let them corner you."
Verbals/VC_VerbalsNPC_Gallant,17EDCED04619C76534BA58A2898C9AF8,The Order is stronger for what you've done today.
Verbals/VC_VerbalsNPC_Gallant,010B2BB24077159D087F22AB1FA33928,The Order stands with you.
Verbals/VC_VerbalsNPC_Gallant,5163FD9E434B9F62C315869B13669884,The Order takes note of the work you’ve done.
Verbals/VC_VerbalsNPC_Gallant,C8E809404545D2E1782265BCEC2C7A1C_cue_1,The Southern Ward is starting to notice.
Verbals/VC_VerbalsNPC_Gallant,4A8907AD47D634816B64A5A274E1A4E4_cue_0,The Southern Ward.
Verbals/VC_VerbalsNPC_Gallant,4A8907AD47D634816B64A5A274E1A4E4,The Southern Ward. Undead hold every corner. You made it further than most.
Verbals/VC_VerbalsNPC_Gallant,946C661B4554F66E50E800BA9A2EB445_cue_0,"The Stone of Rot, which binds the soul of E’frae,"
Verbals/VC_VerbalsNPC_Gallant,946C661B4554F66E50E800BA9A2EB445,"The Stone of Rot, which binds the soul of E’frae, the Dry Rot King."
Verbals/VC_VerbalsNPC_Gallant,F550C267484DEF093D27389FECE4526B_cue_0,"The Stone of War, shackles the soul of Mahkteah,"
Verbals/VC_VerbalsNPC_Gallant,F550C267484DEF093D27389FECE4526B,"The Stone of War, shackles the soul of Mahkteah, the Lord of Perdition."
Verbals/VC_VerbalsNPC_Gallant,916902B041D967A626CF8D9AEB0CB17D_cue_0,The Undead are relentless.
Verbals/VC_VerbalsNPC_Gallant,916902B041D967A626CF8D9AEB0CB17D,The Undead are relentless. Numbers don't discourage them.
Verbals/VC_VerbalsNPC_Gallant,DF9DE6114983D9CE7A8EA8BBEDB16876_cue_0,The Warden was built to hold things in.
Verbals/VC_VerbalsNPC_Gallant,DF9DE6114983D9CE7A8EA8BBEDB16876,The Warden was built to hold things in. Don't let it hold you back.
Verbals/VC_VerbalsNPC_Gallant,BAF644704C13317A259DCDBC52A83729_cue_2,The air itself is corrupted.
Verbals/VC_VerbalsNPC_Gallant,223697EE4D23869CA2611E9B7D3ED90B,The church fills cathedrals. We fill graves.
Verbals/VC_VerbalsNPC_Gallant,5768D97E43DBC52102FE0780FEBF2A35,The city is a target rich environment.
Verbals/VC_VerbalsNPC_Gallant,1DA021C24EE391C33E1EB18B9002EE4A,The city isn’t going to clean itself.
Verbals/VC_VerbalsNPC_Gallant,F202CBF2400143A0C75E728DA7331ACC,The city needs you alive.
Verbals/VC_VerbalsNPC_Gallant,A757625043E2223B98A727836472DA1A,The city takes notice when we win. Remember that.
Verbals/VC_VerbalsNPC_Gallant,E3B8039A41715EECAB0A6D93FA80970F_cue_2,The mead isn't worth the squeeze as it were.
Verbals/VC_VerbalsNPC_Gallant,4877F1EF4694080088DBC1BF3BBC628A,"The mission may change, but it doesn't end."
Verbals/VC_VerbalsNPC_Gallant,4426E8104317B676DA7A6FB79EA7EB13,The mission waits. So do I.
Verbals/VC_VerbalsNPC_Gallant,AECF263C46BF73FE3913FFA34188F883_cue_0,The others weren't so fortunate...
Verbals/VC_VerbalsNPC_Gallant,AECF263C46BF73FE3913FFA34188F883,The others weren't so fortunate... If only we’d have been informed of the risks.
Verbals/VC_VerbalsNPC_Gallant,F363CC7144B40E30801E65B835AFA107_cue_1,The sooner we know what's sustaining the spire's influence
Verbals/VC_VerbalsNPC_Gallant,148ED7CB422BA6295F27469D35272498_cue_1,The vampires have made it their cathedral.
Verbals/VC_VerbalsNPC_Gallant,DDBED14044BCF9258CE737847983FAD0,The war table doesn't lie. Study it well.
Verbals/VC_VerbalsNPC_Gallant,6C1ECEDE414CFD5C693ED29F06EAB2B9,The weight of it all never lessens.
Verbals/VC_VerbalsNPC_Gallant,2354C3EB43CF5B12EBDD27A38AFD4A62,The years sit like a scar upon my soul.
Verbals/VC_VerbalsNPC_Gallant,5A49F737486397C62A3CC0A7DABB7DCD_cue_2,"Then, the Spire’s barrier shall fall,"
Verbals/VC_VerbalsNPC_Gallant,CDBFDBAC4A7A738023F2848F72BCEC34_cue_0,There are foes who act as vessels of Soul Energy
Verbals/VC_VerbalsNPC_Gallant,CDBFDBAC4A7A738023F2848F72BCEC34,There are foes who act as vessels of Soul Energy for this Hellgrowth? I knew this wouldn't be easy. Its nothing your sword arm can't handle! 
Verbals/VC_VerbalsNPC_Gallant,61AB5BAD4C2A3B0D71945F922D99A3F2_cue_0,"There are soliders still out there, waiting to be named."
Verbals/VC_VerbalsNPC_Gallant,61AB5BAD4C2A3B0D71945F922D99A3F2,"There are soliders still out there, waiting to be named. Have you found their tags?"
Verbals/VC_VerbalsNPC_Gallant,E6382912406E2D23DF6B8CACB8A3492D_cue_0,There's something between the paladin and Mereda.
Verbals/VC_VerbalsNPC_Gallant,E6382912406E2D23DF6B8CACB8A3492D,There's something between the paladin and Mereda. I'd be lying if it didn't remind of when her and I had just met. 
Verbals/VC_VerbalsNPC_Gallant,93C31DD547B6308BF484D9A31A256F38_cue_1,These men and women gave everything.
Verbals/VC_VerbalsNPC_Gallant,967010D9419C8AEADEB4498C31E01378_cue_0,These monsters have a hierarchy.
Verbals/VC_VerbalsNPC_Gallant,E8B11E724ABBB81D82B7E391306E03BB_cue_1,They demand we seek out three artifacts in the city
Verbals/VC_VerbalsNPC_Gallant,D34BD86C4DFF734886FE6FAC0C13B8C1_cue_2,They died for it.
Verbals/VC_VerbalsNPC_Gallant,D34BD86C4DFF734886FE6FAC0C13B8C1_cue_4,They're preoccupied protecting their own interests.
Verbals/VC_VerbalsNPC_Gallant,7E410E754FF00D99FFE26994374F2C04_cue_8,They’ve finally gotten what they’ve wanted from the city.
Verbals/VC_VerbalsNPC_Gallant,32C7A8F149CBCF6CFF9638A4FCB34B0A_cue_0,This invasion has spiraled beyond the empire’s
Verbals/VC_VerbalsNPC_Gallant,32C7A8F149CBCF6CFF9638A4FCB34B0A,"This invasion has spiraled beyond the empire’s attempts at control. Countless have lost their lives, and among them are my Nephilim!"
Verbals/VC_VerbalsNPC_Gallant,612A48B244DB3D30D8BA889CC238BD26,This is the real work.
Verbals/VC_VerbalsNPC_Gallant,F93BFB7049E5F69E745C00A40C0BC31D,This one bites back. Rip out its throat.
Verbals/VC_VerbalsNPC_Gallant,A19B26EF4B898FC65D2CBF9E3F2B5515,"This one matters. Don't let the mission, and the Order fail."
Verbals/VC_VerbalsNPC_Gallant,E0D87E0D47836CAA37AA3CB65A7D7DC6,This one’s been sitting around. Most couldn’t handle it.
Verbals/VC_VerbalsNPC_Gallant,9A0EB270474EF6E6E59C7C90A64502C5,This one’s earned its reputation. Go retire it.
Verbals/VC_VerbalsNPC_Gallant,3B6FA6A344501F5ADC6033BD54887285,Three times? I'm not counting to four.
Verbals/VC_VerbalsNPC_Gallant,5A49F737486397C62A3CC0A7DABB7DCD_cue_0,"To charge the Spire,"
Verbals/VC_VerbalsNPC_Gallant,5A49F737486397C62A3CC0A7DABB7DCD,"To charge the Spire, we must find these stones and banish the Dead Gods’ souls. Then, the Spire’s barrier shall fall, and we shall put a stop to this madness."
Verbals/VC_VerbalsNPC_Gallant,FE47719C4E9CBBFD1225FEB9630506A2,Tougher than the last. You’ve been warned.
Verbals/VC_VerbalsNPC_Gallant,9CEF830542DDFD81ABB007819C7F7C82_cue_0,Tyrigon is fire and fury and nothing else.
Verbals/VC_VerbalsNPC_Gallant,9CEF830542DDFD81ABB007819C7F7C82,Tyrigon is fire and fury and nothing else. Take away its sky and it's just a beast.
Verbals/VC_VerbalsNPC_Gallant,4A8907AD47D634816B64A5A274E1A4E4_cue_1,Undead hold every corner.
Verbals/VC_VerbalsNPC_Gallant,E3D1A468428672EBE6A24AA97911A4D5,Until Next Time
Verbals/VC_VerbalsNPC_Gallant,120C5DCE4A94A4DC2BD48799E09D4808_cue_3,"Utilize their services,"
Verbals/VC_VerbalsNPC_Gallant,67BAD70A4F327798D4B8BD8F9EC34DB9,Watch your flanks.
Verbals/VC_VerbalsNPC_Gallant,FCF246744402EB23A409E5939E53B344_cue_0,We have two access points outside of the Soul Siphon
Verbals/VC_VerbalsNPC_Gallant,7E410E754FF00D99FFE26994374F2C04_cue_6,We will fight for a better tomorrow for our people and humanity.
Verbals/VC_VerbalsNPC_Gallant,93C31DD547B6308BF484D9A31A256F38_cue_2,We'll make certain they aren't forgotten.
Verbals/VC_VerbalsNPC_Gallant,93C31DD547B6308BF484D9A31A256F38_cue_3,Well done.
Verbals/VC_VerbalsNPC_Gallant,9CAA232F440341E83B9CB39DBBED33ED,Well earned. Don't let it make you careless.
Verbals/VC_VerbalsNPC_Gallant,3ECB1A68413D470E31D513A70FAA3BCA_cue_0,What you've become - the Church has no name for it.
Verbals/VC_VerbalsNPC_Gallant,3ECB1A68413D470E31D513A70FAA3BCA,What you've become - the Church has no name for it. I do. It's called whole.
Verbals/VC_VerbalsNPC_Gallant,61117C904F969DBA2C46F799BF6C7CF7_cue_3,"Whatever happens next, do not lose faith."
Verbals/VC_VerbalsNPC_Gallant,1EBBF6C947F4DA9D222B5DA6D4D806D3,"Whatever is growing between you and Mereda - protect it, Paladin."
Verbals/VC_VerbalsNPC_Gallant,7E410E754FF00D99FFE26994374F2C04_cue_11,"When you are ready for our next mission, speak with me."
Verbals/VC_VerbalsNPC_Gallant,7E410E754FF00D99FFE26994374F2C04_cue_5,"With you, I see hope."
Verbals/VC_VerbalsNPC_Gallant,E03FAB594956101D289FE2AE3036A94D,Yes?
Verbals/VC_VerbalsNPC_Gallant,51BBEE3148AA706812BF69B7EFD84E2C_cue_1,You are stronger.
Verbals/VC_VerbalsNPC_Gallant,BAF644704C13317A259DCDBC52A83729_cue_3,You felt it.
Verbals/VC_VerbalsNPC_Gallant,61117C904F969DBA2C46F799BF6C7CF7_cue_2,"You have no idea what you've just accomplished, Nephilim."
Verbals/VC_VerbalsNPC_Gallant,D3EFE96C41BD0134818525BE1C5AE8AA,You have your orders. Trust your Angel.
Verbals/VC_VerbalsNPC_Gallant,5AB6AC0C4F50AA10771C528A4B26065C_cue_1,You know that now.
Verbals/VC_VerbalsNPC_Gallant,4A8907AD47D634816B64A5A274E1A4E4_cue_2,You made it further than most.
Verbals/VC_VerbalsNPC_Gallant,FCF246744402EB23A409E5939E53B344_cue_2,You must brave the Siphon’s influence
Verbals/VC_VerbalsNPC_Gallant,C8E809404545D2E1782265BCEC2C7A1C_cue_0,You're cuting through their ranks.
Verbals/VC_VerbalsNPC_Gallant,C8E809404545D2E1782265BCEC2C7A1C,You're cutting through their ranks. The Southern Ward is starting to notice.
Verbals/VC_VerbalsNPC_Gallant,9CCCDA684C353F917C8026879C43E92E,You're getting really good at this.
Verbals/VC_VerbalsNPC_Gallant,120C5DCE4A94A4DC2BD48799E09D4808_cue_0,You're going to need help with your excursions.
Verbals/VC_VerbalsNPC_Gallant,120C5DCE4A94A4DC2BD48799E09D4808,"You're going to need help with your excursions. I suggest you acquaint yourself with the hall's Blacksmith and Merchant. Utilize their services, and don't hesitate to assist them in anything they might need."
Verbals/VC_VerbalsNPC_Gallant,B19DDB4E45F6D4B961E2D8A27C88219F,You've earned my trust.
Verbals/VC_VerbalsNPC_Gallant,55B5E4154E1358B00E8D019BF683561B_cue_0,You've faced worse already!
Verbals/VC_VerbalsNPC_Gallant,55B5E4154E1358B00E8D019BF683561B,"You've faced worse already! Destroy any of those ""Vessels"" in your way."
Verbals/VC_VerbalsNPC_Gallant,168ED4A1494E1933F0C643A657701597_cue_2,"You've made it this far, I believe in you."
Verbals/VC_VerbalsNPC_Gallant,51BBEE3148AA706812BF69B7EFD84E2C_cue_0,Your angel is strong.
Verbals/VC_VerbalsNPC_Gallant,51BBEE3148AA706812BF69B7EFD84E2C,Your angel is strong. You are stronger. Keep that balance. I've seen what happens when it tips.
Verbals/VC_VerbalsNPC_Gallant,F728951742453327E6C2D5B17776BEBA,Your brothers and sisters are counting on you.
Verbals/VC_VerbalsNPC_Gallant,9BBB952F49FDAFE0C1FAA39B99244ABB_cue_0,"Your last excursion,"
Verbals/VC_VerbalsNPC_Gallant,9BBB952F49FDAFE0C1FAA39B99244ABB,"Your last excursion, that is what this Order is made of."
Verbals/VC_VerbalsNPC_Gallant,73DE6AA24F400E6F3879D99EF06EEF95,You’re looking well enough considering what you’ve been through. 
Verbals/VC_VerbalsNPC_Gallant,BBFD2F294DB558DEB48053A19B010CAB_cue_2,and I want you by my side when it comes.
Verbals/VC_VerbalsNPC_Gallant,32C7A8F149CBCF6CFF9638A4FCB34B0A_cue_3,and among them are my Nephilim!
Verbals/VC_VerbalsNPC_Gallant,120C5DCE4A94A4DC2BD48799E09D4808_cue_4,and don't hesitate to assist them
Verbals/VC_VerbalsNPC_Gallant,FCF246744402EB23A409E5939E53B344_cue_3,and traverse the city from there.
Verbals/VC_VerbalsNPC_Gallant,5A49F737486397C62A3CC0A7DABB7DCD_cue_3,and we shall put a stop to this madness.
Verbals/VC_VerbalsNPC_Gallant,32C7A8F149CBCF6CFF9638A4FCB34B0A_cue_1,attempts at control.
Verbals/VC_VerbalsNPC_Gallant,620A2ED24E3490FA62FA2ABE556AA86A_cue_3,body before the monks collected me.
Verbals/VC_VerbalsNPC_Gallant,E8F784C24B0AF811B538528AF99424FD_cue_1,but their names I'll never forget.
Verbals/VC_VerbalsNPC_Gallant,620A2ED24E3490FA62FA2ABE556AA86A_cue_1,by an amorous vampire?
Verbals/VC_VerbalsNPC_Gallant,E8B11E724ABBB81D82B7E391306E03BB_cue_2,"called Abraxas Stones,"
Verbals/VC_VerbalsNPC_Gallant,91DAA95643DA896CCD9F37B0109A7E79_cue_1,destroying the fabric of our realm.
Verbals/VC_VerbalsNPC_Gallant,E8B11E724ABBB81D82B7E391306E03BB_cue_3,each containing remnant souls of dead gods.
Verbals/VC_VerbalsNPC_Gallant,CDBFDBAC4A7A738023F2848F72BCEC34_cue_1,for this Hellgrowth?
Verbals/VC_VerbalsNPC_Gallant,E6382912406E2D23DF6B8CACB8A3492D_cue_2,had just met.
Verbals/VC_VerbalsNPC_Gallant,120C5DCE4A94A4DC2BD48799E09D4808_cue_5,in anything they might need.
Verbals/VC_VerbalsNPC_Gallant,168ED4A1494E1933F0C643A657701597_cue_1,its a matter of braving the city's perils.
Verbals/VC_VerbalsNPC_Gallant,ED2033B34C60DD03F68EA28F12A2CD71_cue_1,maybe then.
Verbals/VC_VerbalsNPC_Gallant,51D71EB240CCB44A6F5ABD9365B865CE_cue_1,our kind's release is arbitrated by the Church alone.
Verbals/VC_VerbalsNPC_Gallant,D34BD86C4DFF734886FE6FAC0C13B8C1_cue_1,our soldiers held this ground.
Verbals/VC_VerbalsNPC_Gallant,F58A7A6E40F5A0180776D2A501226C70_cue_1,"speak with Mereda, the Order’s archivist."
Verbals/VC_VerbalsNPC_Gallant,9BBB952F49FDAFE0C1FAA39B99244ABB_cue_1,that is what this Order is made of.
Verbals/VC_VerbalsNPC_Gallant,FCF246744402EB23A409E5939E53B344_cue_1,that we can send you to.
Verbals/VC_VerbalsNPC_Gallant,946C661B4554F66E50E800BA9A2EB445_cue_1,the Dry Rot King.
Verbals/VC_VerbalsNPC_Gallant,95337A214419648BC0CE3E8412E8577A_cue_1,the Eye of the Abyss.
Verbals/VC_VerbalsNPC_Gallant,F550C267484DEF093D27389FECE4526B_cue_1,the Lord of Perdition.
Verbals/VC_VerbalsNPC_Gallant,E3B8039A41715EECAB0A6D93FA80970F_cue_1,the skull of your enemies.
Verbals/VC_VerbalsNPC_Gallant,F363CC7144B40E30801E65B835AFA107_cue_2,the sooner we can reach those stones.
Verbals/VC_VerbalsNPC_Gallant,BBFD2F294DB558DEB48053A19B010CAB_cue_5,this is only the beginning.
Verbals/VC_VerbalsNPC_Gallant,0C48B0FD4A8B1087152149BE85F55B80_cue_6,we have one Stone left.
Verbals/VC_VerbalsNPC_Gallant,5A49F737486397C62A3CC0A7DABB7DCD_cue_1,we must find these stones and banish the Dead Gods’ souls.
Verbals/VC_VerbalsNPC_Gallant,D1CE54784F240831DBAFFF8E9E103702_cue_1,when we saw this Spire annihilate my paladins...
Verbals/VC_VerbalsNPC_Gallant,3432291144BD0A8A0C7F3092EA5F49AE_cue_1,you’ll feel better once you’ve killed something.
Verbals/VC_VerbalsNPC_Hub_Monk_1,6C12020D4E37CB55A4987395B2AE1620_cue_1,A dire omen to be sure!
Verbals/VC_VerbalsNPC_Hub_Monk_1,F8FD85C84431ED0C5EBF59A4DE0575CB,"A hand's breadth, Nephilim. A hand's breadth."
Verbals/VC_VerbalsNPC_Hub_Monk_1,822A9EA44C686C13797916B65E9DA8F3_cue_0,A man who reads by candlelight is half-blind.
Verbals/VC_VerbalsNPC_Hub_Monk_1,822A9EA44C686C13797916B65E9DA8F3,A man who reads by candlelight is half-blind. A man who reads by moonlight sees what the candle hid.
Verbals/VC_VerbalsNPC_Hub_Monk_1,822A9EA44C686C13797916B65E9DA8F3_cue_1,A man who reads by moonlight sees what the candle hid.
Verbals/VC_VerbalsNPC_Hub_Monk_1,A95679B44E078774F636ACAC32A7CAA8_cue_0,A stag was at the cloister gate at first light.
Verbals/VC_VerbalsNPC_Hub_Monk_1,A95679B44E078774F636ACAC32A7CAA8,A stag was at the cloister gate at first light. There has not been a stag in this city in living memory. We came to look. The stag did not stay.
Verbals/VC_VerbalsNPC_Hub_Monk_1,D59A998641F61AB3C1C2B497FD7500E5_cue_0,Aegoroth's stone is undone.
Verbals/VC_VerbalsNPC_Hub_Monk_1,D59A998641F61AB3C1C2B497FD7500E5,Aegoroth's stone is undone. The Faith has its silence. I cannot find the comfort in it.
Verbals/VC_VerbalsNPC_Hub_Monk_1,05E0AAD64F68281F87A54A9018FAF8CB,Aevestus guide your path.
Verbals/VC_VerbalsNPC_Hub_Monk_1,4F923C054FC4EAA80721F29465430CD0_cue_0,And he so rests upon the Throne
Verbals/VC_VerbalsNPC_Hub_Monk_1,4F923C054FC4EAA80721F29465430CD0,And he so rests upon the Throne commanding Legions of Angels in service of man's potential. So that we may transcend the Dragon's Fire and resist the Coil...
Verbals/VC_VerbalsNPC_Hub_Monk_1,8B44854640CCF1758CD2B4AB8597C09D,Another laid low. The list grows.
Verbals/VC_VerbalsNPC_Hub_Monk_1,9141B36642839A02D38465B9EC95651C_cue_0,Another night the Sanctus is not the front line.
Verbals/VC_VerbalsNPC_Hub_Monk_1,9141B36642839A02D38465B9EC95651C,Another night the Sanctus is not the front line. We are grateful.
Verbals/VC_VerbalsNPC_Hub_Monk_1,7AFADB3D4391E771F97149BA2ADB8643_cue_0,"Be careful what you accept from the Merchant, Nephilim."
Verbals/VC_VerbalsNPC_Hub_Monk_1,7AFADB3D4391E771F97149BA2ADB8643,"Be careful what you accept from the Merchant, Nephilim. His prices are not, as a rule, written on his receipts, and you have been visiting often enough now that I suspect you have begun to understand this."
Verbals/VC_VerbalsNPC_Hub_Monk_1,FB18091D47B9417B789F8B872893C3AC,Beautiful.
Verbals/VC_VerbalsNPC_Hub_Monk_1,BEC1EC674C059F03908423A07159D3C4_cue_1,But WE are Lunarin's hands.
Verbals/VC_VerbalsNPC_Hub_Monk_1,3789E419432743FDA87BA9B8C0963A26_cue_1,By accident.
Verbals/VC_VerbalsNPC_Hub_Monk_1,1C22E9C6422003923254C6AE07F95961_cue_2,"By now, Nephilim, I expect you have learned which is which."
Verbals/VC_VerbalsNPC_Hub_Monk_1,BC6785564D1A5F693875C9AC02C61119_cue_0,"By the Divine,"
Verbals/VC_VerbalsNPC_Hub_Monk_1,BC6785564D1A5F693875C9AC02C61119,"By the Divine, mustn't stop until the demons are finished."
Verbals/VC_VerbalsNPC_Hub_Monk_1,C6A262844EA05185C008EF83564587EB,"By the silver of his eye, as the silver of his steel."
Verbals/VC_VerbalsNPC_Hub_Monk_1,85F825D44CAF9B83910B0685A31975DE_cue_0,Cardinal Mathias is at rest.
Verbals/VC_VerbalsNPC_Hub_Monk_1,85F825D44CAF9B83910B0685A31975DE,Cardinal Mathias is at rest. We are encouraged not to speak of him.
Verbals/VC_VerbalsNPC_Hub_Monk_1,2CF605D64C1FEDD369F55C9FABBD6B4D_cue_0,"Carry me through the dark,"
Verbals/VC_VerbalsNPC_Hub_Monk_1,2CF605D64C1FEDD369F55C9FABBD6B4D,"Carry me through the dark, lord of the light that is not the guile sun."
Verbals/VC_VerbalsNPC_Hub_Monk_1,799F00F14CEB75CADBD00F9B2C8DAE4C_cue_1,"Commander these days, Nephilim."
Verbals/VC_VerbalsNPC_Hub_Monk_1,5E3BE1E24A34013B9761E5B4B58F4656_cue_0,Cover the bread three times.
Verbals/VC_VerbalsNPC_Hub_Monk_1,5E3BE1E24A34013B9761E5B4B58F4656,"Cover the bread three times. Once for the eye, once for the hunger, once for the thing that watches the hunger."
Verbals/VC_VerbalsNPC_Hub_Monk_1,4ED8C6044F4B596A09EC79B6EF3EC4B9,Divine watch over you.
Verbals/VC_VerbalsNPC_Hub_Monk_1,332F1E7A495DAD39262CFE8D126281AA_cue_0,Egregore.
Verbals/VC_VerbalsNPC_Hub_Monk_1,332F1E7A495DAD39262CFE8D126281AA,Egregore. I had not had that word in my mouth before. I find I would prefer not to again.
Verbals/VC_VerbalsNPC_Hub_Monk_1,A6C44C52411BF88BCB24779D04C85EB4,Far too many Nephilim have been let out of their coffins for my liking.
Verbals/VC_VerbalsNPC_Hub_Monk_1,C7A8D8FB46A7C7EBFCB92A9A9B6BFBAC,Father of moons!
Verbals/VC_VerbalsNPC_Hub_Monk_1,DFABE724413041BC659A448425DCBC65_cue_0,Felwyl is dead.
Verbals/VC_VerbalsNPC_Hub_Monk_1,DFABE724413041BC659A448425DCBC65,Felwyl is dead. The library where he taught smells of him still. The brothers will not enter that wing.
Verbals/VC_VerbalsNPC_Hub_Monk_1,136E2E1F43F2FFAEED060495A54EEB00_cue_0,Felwyl.
Verbals/VC_VerbalsNPC_Hub_Monk_1,136E2E1F43F2FFAEED060495A54EEB00,Felwyl. The name will not appear in the register. They will not let us print it.
Verbals/VC_VerbalsNPC_Hub_Monk_1,CCC9CE31477B2AE1A459D3BA43C580E8_cue_2,Find the line between.
Verbals/VC_VerbalsNPC_Hub_Monk_1,E4C4CCDC4DE83D4F70C1519A32511922,"For the Dead Gods cry, and the Fallen Lords lie."
Verbals/VC_VerbalsNPC_Hub_Monk_1,CAD2834640CDC21C8A59DF9D9C034622,"For the Dead Gods cry, and the Fallen Lords lie..."
Verbals/VC_VerbalsNPC_Hub_Monk_1,F3B730B146D390B0D202B99DC68F00BF,"Forgive my candles, that I have lit too few of them."
Verbals/VC_VerbalsNPC_Hub_Monk_1,F1F9668E47E4E577216C4DB94A5138F3_cue_1,"Freed to where,"
Verbals/VC_VerbalsNPC_Hub_Monk_1,F3B70545470BD7FE4598C48FF77129EC_cue_0,Gajov bit a Crusader once. He bit several.
Verbals/VC_VerbalsNPC_Hub_Monk_1,F3B70545470BD7FE4598C48FF77129EC,Gajov bit a Crusader once. He bit several. We are told he stopped biting. We are told.
Verbals/VC_VerbalsNPC_Hub_Monk_1,11F6F00640848C3E6B2ABFA13A647604_cue_0,"Gajov saves his best steel for you, Nephilim,"
Verbals/VC_VerbalsNPC_Hub_Monk_1,11F6F00640848C3E6B2ABFA13A647604,"Gajov saves his best steel for you, Nephilim, and the fact is becoming difficult to ignore."
Verbals/VC_VerbalsNPC_Hub_Monk_1,20B1097D4C31546526672C8E74CAAC23_cue_0,"Gallant Alexander is,"
Verbals/VC_VerbalsNPC_Hub_Monk_1,20B1097D4C31546526672C8E74CAAC23,"Gallant Alexander is, by all the proper measures, a great man. He is also the first Nephilim. The two things must be held together."
Verbals/VC_VerbalsNPC_Hub_Monk_1,AA2B8B064FF7FE08B100258C984E48D5_cue_0,Gallant brought the wolf-boy home.
Verbals/VC_VerbalsNPC_Hub_Monk_1,AA2B8B064FF7FE08B100258C984E48D5,Gallant brought the wolf-boy home. The Faith was not consulted.
Verbals/VC_VerbalsNPC_Hub_Monk_1,C072FCD5499BA139254EF0B616073712_cue_0,"Gallant gives you missions others would refuse, Nephilim."
Verbals/VC_VerbalsNPC_Hub_Monk_1,C072FCD5499BA139254EF0B616073712,"Gallant gives you missions others would refuse, Nephilim. There is a reading of this that flatters you, and another that ought to worry you."
Verbals/VC_VerbalsNPC_Hub_Monk_1,FF4DE1874E4B8A0CBC0F12BE8B9E31EE_cue_0,Gallant led the Apostate Hunts.
Verbals/VC_VerbalsNPC_Hub_Monk_1,FF4DE1874E4B8A0CBC0F12BE8B9E31EE,Gallant led the Apostate Hunts. We do not speak of the Apostate Hunts.
Verbals/VC_VerbalsNPC_Hub_Monk_1,1C22E9C6422003923254C6AE07F95961_cue_0,Half the books in that library are not the books
Verbals/VC_VerbalsNPC_Hub_Monk_1,1C22E9C6422003923254C6AE07F95961,"Half the books in that library are not the books we tell the Faith they are. By now, Nephilim, I expect you have learned which is which."
Verbals/VC_VerbalsNPC_Hub_Monk_1,A2DB88A84FCB75DF6181348A31973B58_cue_1,He frightens none tonight.
Verbals/VC_VerbalsNPC_Hub_Monk_1,FBFA6C8C4595506209C265BB0BEF9EC5_cue_2,He had a name.
Verbals/VC_VerbalsNPC_Hub_Monk_1,E6E304E948252991347496A9FA7767A2_cue_4,He has been dying for some years.
Verbals/VC_VerbalsNPC_Hub_Monk_1,20B1097D4C31546526672C8E74CAAC23_cue_2,He is also the first Nephilim.
Verbals/VC_VerbalsNPC_Hub_Monk_1,E55A46D64F68A764FBDD7FBC44D8495F_cue_1,"He knelt for an hour, though he did not pray."
Verbals/VC_VerbalsNPC_Hub_Monk_1,B8BBF68D49715C0007DCACB84846167A_cue_2,He was working anyway.
Verbals/VC_VerbalsNPC_Hub_Monk_1,3D9BC4E840A728CD6A6A459AFDA7A0C0,Hh-- I felt the wind of that.
Verbals/VC_VerbalsNPC_Hub_Monk_1,7AFADB3D4391E771F97149BA2ADB8643_cue_1,"His prices are not, as a rule, written on his receipts,"
Verbals/VC_VerbalsNPC_Hub_Monk_1,64E8DE5347B692F8C4512D89C0656B51_cue_1,I am bothered by that.
Verbals/VC_VerbalsNPC_Hub_Monk_1,F1F9668E47E4E577216C4DB94A5138F3_cue_2,I am not told.
Verbals/VC_VerbalsNPC_Hub_Monk_1,826CF4534B459E85BA672F9332F9304C_cue_1,I am told I am imagining it.
Verbals/VC_VerbalsNPC_Hub_Monk_1,41829248467067170B1CEDA0D08A820F_cue_0,I am told the Concordat is a kindness.
Verbals/VC_VerbalsNPC_Hub_Monk_1,41829248467067170B1CEDA0D08A820F,I am told the Concordat is a kindness. Is this truly so?
Verbals/VC_VerbalsNPC_Hub_Monk_1,EF819F854B0DF92FB69ADFB9C0D05712_cue_1,I am told this is for our comfort.
Verbals/VC_VerbalsNPC_Hub_Monk_1,969CE08E481F989CCC571BBB9E3CB1C6_cue_1,I am told this is the Order's business and not the Faith's.
Verbals/VC_VerbalsNPC_Hub_Monk_1,6A6BE9A944F725A399EAB59660F2CFD5_cue_3,I am told.
Verbals/VC_VerbalsNPC_Hub_Monk_1,6A6BE9A944F725A399EAB59660F2CFD5_cue_1,I am told...
Verbals/VC_VerbalsNPC_Hub_Monk_1,D59A998641F61AB3C1C2B497FD7500E5_cue_2,I cannot find the comfort in it.
Verbals/VC_VerbalsNPC_Hub_Monk_1,FBFA6C8C4595506209C265BB0BEF9EC5_cue_0,I cannot remember the name of the brother who walked beside me
Verbals/VC_VerbalsNPC_Hub_Monk_1,FBFA6C8C4595506209C265BB0BEF9EC5,I cannot remember the name of the brother who walked beside me at evening prayer last week. He had a name. I know it not now.
Verbals/VC_VerbalsNPC_Hub_Monk_1,B626C0B942ED819BF98E71AA1B134605,I counted my fingers. I counted them twice.
Verbals/VC_VerbalsNPC_Hub_Monk_1,E32923494CE730E66FCC54BAE83348DD_cue_0,I crossed the Merchant's path at vigil last night.
Verbals/VC_VerbalsNPC_Hub_Monk_1,E32923494CE730E66FCC54BAE83348DD,I crossed the Merchant's path at vigil last night. I will just say this. Be wary.
Verbals/VC_VerbalsNPC_Hub_Monk_1,D7C3217D4AD962DDD8E1B394E68C08E7_cue_1,I did not look.
Verbals/VC_VerbalsNPC_Hub_Monk_1,99B1E73F41AF6670C613868B28C2A1D8_cue_1,I did not refill it.
Verbals/VC_VerbalsNPC_Hub_Monk_1,A0FA97E245A054297F8C1087047B28FF_cue_0,"I do not call the smith, ""brother""."
Verbals/VC_VerbalsNPC_Hub_Monk_1,A0FA97E245A054297F8C1087047B28FF,"I do not call the smith, ""brother"". I have not been told to."
Verbals/VC_VerbalsNPC_Hub_Monk_1,5D55C15E42B12ABA59D441A14EFBEDAD_cue_1,I do not know how.
Verbals/VC_VerbalsNPC_Hub_Monk_1,64648D814C2DC1BC3A32B695D38154C2_cue_0,I dreamt of the moon.
Verbals/VC_VerbalsNPC_Hub_Monk_1,64648D814C2DC1BC3A32B695D38154C2,I dreamt of the moon. It was the right color. I take what comfort I can.
Verbals/VC_VerbalsNPC_Hub_Monk_1,ACB463B1416F2F586B8A448B34ECDEB8,I fear the end is near
Verbals/VC_VerbalsNPC_Hub_Monk_1,F1F9668E47E4E577216C4DB94A5138F3_cue_3,I fear to ask.
Verbals/VC_VerbalsNPC_Hub_Monk_1,78A2F22A42B8023B67239AA62C93ADCA_cue_1,I felt watched.
Verbals/VC_VerbalsNPC_Hub_Monk_1,E8C4E237421C83B409B0D591B18B065A_cue_3,I find I am not surprised by this.
Verbals/VC_VerbalsNPC_Hub_Monk_1,52D2740149B17FFF576B0A8CBC96C660,I find I trust Gallant. I am told the Faith permits trust.
Verbals/VC_VerbalsNPC_Hub_Monk_1,332F1E7A495DAD39262CFE8D126281AA_cue_2,I find I would prefer not to again.
Verbals/VC_VerbalsNPC_Hub_Monk_1,69E8893B4C21B5FF82A76BAB1893419A,"I had a system, Nephilim."
Verbals/VC_VerbalsNPC_Hub_Monk_1,68DAEDC049D28ED05E53358D3CA18D02_cue_2,I had not believed it could be colder.
Verbals/VC_VerbalsNPC_Hub_Monk_1,7167C02542675D6E48B8ADB5E17D4C42_cue_1,I had not believed stronger was something
Verbals/VC_VerbalsNPC_Hub_Monk_1,332F1E7A495DAD39262CFE8D126281AA_cue_1,I had not had that word in my mouth before.
Verbals/VC_VerbalsNPC_Hub_Monk_1,42DCC2AA4F8E893AB0FC039BBB61527F_cue_1,I had not noticed there was old steel.
Verbals/VC_VerbalsNPC_Hub_Monk_1,E423ADF742E808395883C6966446A719_cue_1,"I had not understood, until tonight,"
Verbals/VC_VerbalsNPC_Hub_Monk_1,4FECC41848E7A55411B26D867917DD4E_cue_1,"I had not, in my life,"
Verbals/VC_VerbalsNPC_Hub_Monk_1,846D60E14840082FB9993F85F05ED67D_cue_0,"I had not, until this morning, considered my own neck"
Verbals/VC_VerbalsNPC_Hub_Monk_1,846D60E14840082FB9993F85F05ED67D,"I had not, until this morning, considered my own neck to be the most interesting feature of my person."
Verbals/VC_VerbalsNPC_Hub_Monk_1,407B67414D7EA85AAA8B34B717185487_cue_0,"I had stacked those plates by weight,"
Verbals/VC_VerbalsNPC_Hub_Monk_1,407B67414D7EA85AAA8B34B717185487,"I had stacked those plates by weight, then by century, then by the names on the cuffs. I shall stack them again. I should very much like you to know I am thinking of you while I do it, Nephilim."
Verbals/VC_VerbalsNPC_Hub_Monk_1,7398A8E64144F8EC5962DC86CC900A0E_cue_1,I have begun to count the times the Knight returned... different.
Verbals/VC_VerbalsNPC_Hub_Monk_1,556B79F74EF22CE57411D5951EE0B345_cue_0,I have begun to hear my own prayers in another voice.
Verbals/VC_VerbalsNPC_Hub_Monk_1,556B79F74EF22CE57411D5951EE0B345,I have begun to hear my own prayers in another voice. The voice does not quiet.
Verbals/VC_VerbalsNPC_Hub_Monk_1,27FB512F47E9F7D6314249901DDF8EB4_cue_2,I have lit a candle for myself.
Verbals/VC_VerbalsNPC_Hub_Monk_1,27FB512F47E9F7D6314249901DDF8EB4_cue_1,I have lit a candle for the Knight.
Verbals/VC_VerbalsNPC_Hub_Monk_1,BFFE662748B029D590E48D93363E2EB8_cue_2,I have not been shown the other book.
Verbals/VC_VerbalsNPC_Hub_Monk_1,A0FA97E245A054297F8C1087047B28FF_cue_1,I have not been told to.
Verbals/VC_VerbalsNPC_Hub_Monk_1,D7C3217D4AD962DDD8E1B394E68C08E7_cue_2,I have not opened that door since.
Verbals/VC_VerbalsNPC_Hub_Monk_1,47D3641C4B7660246DEF30AB4D0F1478_cue_2,I have not slept since they told me three.
Verbals/VC_VerbalsNPC_Hub_Monk_1,B0566E0C4D5927F86B78188A7FCEA7DE_cue_2,I have not the word.
Verbals/VC_VerbalsNPC_Hub_Monk_1,9D16B80E4066FC81658B559D04C3E80A_cue_2,I have praised the Faith.
Verbals/VC_VerbalsNPC_Hub_Monk_1,9D16B80E4066FC81658B559D04C3E80A_cue_3,"I have praised, also, the Knight."
Verbals/VC_VerbalsNPC_Hub_Monk_1,9A9597E7466B241B8209D5A0654A7872_cue_1,I have wondered what she reads by it.
Verbals/VC_VerbalsNPC_Hub_Monk_1,58FD9E2C47967CA4A1C76D9863444871_cue_3,I keep my mouth where the mouth belongs.
Verbals/VC_VerbalsNPC_Hub_Monk_1,FBFA6C8C4595506209C265BB0BEF9EC5_cue_3,I know it not now.
Verbals/VC_VerbalsNPC_Hub_Monk_1,9ADC960A4B4A16F8E2BC58A60B8CD82F_cue_1,I know what is bought. I do not know what is paid.
Verbals/VC_VerbalsNPC_Hub_Monk_1,E717DCAB47F81DE9D357DBA41305E963_cue_1,I observe the sin and let it sit.
Verbals/VC_VerbalsNPC_Hub_Monk_1,78A2F22A42B8023B67239AA62C93ADCA_cue_0,I prayed for one of them this morning.
Verbals/VC_VerbalsNPC_Hub_Monk_1,78A2F22A42B8023B67239AA62C93ADCA,I prayed for one of them this morning. I felt watched.
Verbals/VC_VerbalsNPC_Hub_Monk_1,BC6987E84319E2AA6FE5C383C4DC87E0_cue_0,I saw the Nephilim at evening prayer.
Verbals/VC_VerbalsNPC_Hub_Monk_1,BC6987E84319E2AA6FE5C383C4DC87E0,"I saw the Nephilim at evening prayer. The Nephilim was not at evening prayer. The Nephilim was, at that hour, abroad."
Verbals/VC_VerbalsNPC_Hub_Monk_1,AE9001CB47EDAAB36004028851DA3070_cue_0,I served as a novice under Gallant's command
Verbals/VC_VerbalsNPC_Hub_Monk_1,AE9001CB47EDAAB36004028851DA3070,I served as a novice under Gallant's command in the last days of the Crusade.
Verbals/VC_VerbalsNPC_Hub_Monk_1,407B67414D7EA85AAA8B34B717185487_cue_2,I shall stack them again.
Verbals/VC_VerbalsNPC_Hub_Monk_1,602A35AC46455D7F70B98A8C3ABEE3A5,I should not feel relieved when they fall. But... I feel relieved.
Verbals/VC_VerbalsNPC_Hub_Monk_1,407B67414D7EA85AAA8B34B717185487_cue_3,I should very much like you to know I am
Verbals/VC_VerbalsNPC_Hub_Monk_1,64648D814C2DC1BC3A32B695D38154C2_cue_2,I take what comfort I can.
Verbals/VC_VerbalsNPC_Hub_Monk_1,3789E419432743FDA87BA9B8C0963A26_cue_0,I touched the Knight's gauntlet at vigil last night.
Verbals/VC_VerbalsNPC_Hub_Monk_1,3789E419432743FDA87BA9B8C0963A26,I touched the Knight's gauntlet at vigil last night. By accident. My hand has been cold since.
Verbals/VC_VerbalsNPC_Hub_Monk_1,B8BBF68D49715C0007DCACB84846167A_cue_0,I went past the forge at the second hour of the morning.
Verbals/VC_VerbalsNPC_Hub_Monk_1,B8BBF68D49715C0007DCACB84846167A,I went past the forge at the second hour of the morning. The smith was awake. The forge was cold. He was working anyway.
Verbals/VC_VerbalsNPC_Hub_Monk_1,E32923494CE730E66FCC54BAE83348DD_cue_1,I will just say this. Be wary.
Verbals/VC_VerbalsNPC_Hub_Monk_1,3F30D93B405B8E0D98C864AE811A99E1_cue_1,"I would ask what she has you reading,"
Verbals/VC_VerbalsNPC_Hub_Monk_1,950387AA44981805C35317937CB223C9_cue_0,"If the Faith intended my dismemberment by the Knights, Nephilim,"
Verbals/VC_VerbalsNPC_Hub_Monk_1,950387AA44981805C35317937CB223C9,"If the Faith intended my dismemberment by the Knights, Nephilim, the Faith would have informed me."
Verbals/VC_VerbalsNPC_Hub_Monk_1,FCA03DEF4274FB4F86521289A8507392_cue_0,"If you must look at the moon, block it with your palm."
Verbals/VC_VerbalsNPC_Hub_Monk_1,FCA03DEF4274FB4F86521289A8507392,"If you must look at the moon, block it with your palm. The Faith permits this."
Verbals/VC_VerbalsNPC_Hub_Monk_1,41829248467067170B1CEDA0D08A820F_cue_1,Is this truly so?
Verbals/VC_VerbalsNPC_Hub_Monk_1,87062FB14B9D63FB22A0D5994CC3625F_cue_0,"It is not heresy for the Librarian to keep heretical books,"
Verbals/VC_VerbalsNPC_Hub_Monk_1,87062FB14B9D63FB22A0D5994CC3625F,"It is not heresy for the Librarian to keep heretical books, the Faith holds, if one is keeping them safely."
Verbals/VC_VerbalsNPC_Hub_Monk_1,E717DCAB47F81DE9D357DBA41305E963_cue_0,"It is sin to fear the Knights, of course. "
Verbals/VC_VerbalsNPC_Hub_Monk_1,E717DCAB47F81DE9D357DBA41305E963,"It is sin to fear the Knights, of course. I observe the sin and let it sit."
Verbals/VC_VerbalsNPC_Hub_Monk_1,64648D814C2DC1BC3A32B695D38154C2_cue_1,It was the right color.
Verbals/VC_VerbalsNPC_Hub_Monk_1,FD42604B4EBD8783697EF995E0A760EC_cue_0,Karsivites do not worship Lunarin.
Verbals/VC_VerbalsNPC_Hub_Monk_1,FD42604B4EBD8783697EF995E0A760EC,Karsivites do not worship Lunarin. The smith is Karsivite.
Verbals/VC_VerbalsNPC_Hub_Monk_1,5D55C15E42B12ABA59D441A14EFBEDAD_cue_0,"Lotte cannot leave his chair, but his spirit can."
Verbals/VC_VerbalsNPC_Hub_Monk_1,5D55C15E42B12ABA59D441A14EFBEDAD,"Lotte cannot leave his chair, but his spirit can. I do not know how."
Verbals/VC_VerbalsNPC_Hub_Monk_1,47F91B93426AB33A96B4DAB23719B880_cue_1,Lunarin does not enter rooms he was not invited to.
Verbals/VC_VerbalsNPC_Hub_Monk_1,615EDCD44BDC7D5E9A691699FA2CDDDC_cue_0,Lunarin loves the half-light.
Verbals/VC_VerbalsNPC_Hub_Monk_1,615EDCD44BDC7D5E9A691699FA2CDDDC,Lunarin loves the half-light. The full dark is for things that have nothing left to hide.
Verbals/VC_VerbalsNPC_Hub_Monk_1,17B3A3DE496B58759BB4ED9A1F37A7E7,"Lunarin protect us both, Nephilim."
Verbals/VC_VerbalsNPC_Hub_Monk_1,D9C78E424B7EB79CA7BF50A868A2B434,Lunarin watches. Lunarin keeps. Lunarin remembers.
Verbals/VC_VerbalsNPC_Hub_Monk_1,E640DE334811880C1E784BA7E44FCC03,"Lunarin, The Divine himself, sits upon the Throne."
Verbals/VC_VerbalsNPC_Hub_Monk_1,5B89C8884DE786878B9D09A03593BFB4_cue_0,Mahkteah is at rest.
Verbals/VC_VerbalsNPC_Hub_Monk_1,5B89C8884DE786878B9D09A03593BFB4,Mahkteah is at rest. Mahkteah was the Lord of Perdition. The brothers do not speak of this.
Verbals/VC_VerbalsNPC_Hub_Monk_1,5B89C8884DE786878B9D09A03593BFB4_cue_1,Mahkteah was the Lord of Perdition.
Verbals/VC_VerbalsNPC_Hub_Monk_1,A84F2EA249BA897F63306BB2413A7819_cue_0,Mereda has the trust of the Order.
Verbals/VC_VerbalsNPC_Hub_Monk_1,A84F2EA249BA897F63306BB2413A7819,Mereda has the trust of the Order. The Faith holds its peace with the Order.
Verbals/VC_VerbalsNPC_Hub_Monk_1,9A9597E7466B241B8209D5A0654A7872_cue_0,Mereda keeps a lamp lit later than any of us.
Verbals/VC_VerbalsNPC_Hub_Monk_1,9A9597E7466B241B8209D5A0654A7872,Mereda keeps a lamp lit later than any of us. I have wondered what she reads by it.
Verbals/VC_VerbalsNPC_Hub_Monk_1,AD9D971D4241EF1C5163C3AF07B41123_cue_0,Mereda was conscripted.
Verbals/VC_VerbalsNPC_Hub_Monk_1,AD9D971D4241EF1C5163C3AF07B41123,Mereda was conscripted. The Faith was generous with the word.
Verbals/VC_VerbalsNPC_Hub_Monk_1,C2A385874F6564CD12A93BAA2B61FE63_cue_0,My candles burn longer this season.
Verbals/VC_VerbalsNPC_Hub_Monk_1,C2A385874F6564CD12A93BAA2B61FE63,"My candles burn longer this season. Some of them, the wick gives out before the wax."
Verbals/VC_VerbalsNPC_Hub_Monk_1,3789E419432743FDA87BA9B8C0963A26_cue_2,My hand has been cold since.
Verbals/VC_VerbalsNPC_Hub_Monk_1,F613CE1141472D5C490721BD0DDAAE5F_cue_2,No one rang the second peal.
Verbals/VC_VerbalsNPC_Hub_Monk_1,03EE9AD9479D0C0A868E8583051D22C3_cue_2,Not from anything that was done.
Verbals/VC_VerbalsNPC_Hub_Monk_1,03EE9AD9479D0C0A868E8583051D22C3_cue_3,Not from anything we know.
Verbals/VC_VerbalsNPC_Hub_Monk_1,B84F99444D102C5F2B1854BBB31609CA,Of course.
Verbals/VC_VerbalsNPC_Hub_Monk_1,440CE28946740C7FF61C6A87A7A5BAC5_cue_1,Older than he can be. We do not ask.
Verbals/VC_VerbalsNPC_Hub_Monk_1,5E3BE1E24A34013B9761E5B4B58F4656_cue_1,"Once for the eye,"
Verbals/VC_VerbalsNPC_Hub_Monk_1,47D3641C4B7660246DEF30AB4D0F1478_cue_0,One stone has been tithed.
Verbals/VC_VerbalsNPC_Hub_Monk_1,47D3641C4B7660246DEF30AB4D0F1478,One stone has been tithed. There were three. I have not slept since they told me three.
Verbals/VC_VerbalsNPC_Hub_Monk_1,6C12020D4E37CB55A4987395B2AE1620_cue_0,Our lord bleeds over the cursed city.
Verbals/VC_VerbalsNPC_Hub_Monk_1,6C12020D4E37CB55A4987395B2AE1620,Our lord bleeds over the cursed city. A dire omen to be sure!
Verbals/VC_VerbalsNPC_Hub_Monk_1,1DB798E7411BA0FCF2306E878DD30E9F,Please don't make a mess.
Verbals/VC_VerbalsNPC_Hub_Monk_1,CE5116FA4282E2975B3450B3EBAFDE14_cue_0,Pray as if Lunarin can hear you.
Verbals/VC_VerbalsNPC_Hub_Monk_1,CE5116FA4282E2975B3450B3EBAFDE14,Pray as if Lunarin can hear you. Speak as if your brother can.
Verbals/VC_VerbalsNPC_Hub_Monk_1,4F923C054FC4EAA80721F29465430CD0_cue_2,So that we may transcend the Dragon's Fire and resist the Coil...
Verbals/VC_VerbalsNPC_Hub_Monk_1,EE1D55964955D632C588C2A3E6819EF2_cue_2,So we are taught.
Verbals/VC_VerbalsNPC_Hub_Monk_1,799F00F14CEB75CADBD00F9B2C8DAE4C_cue_3,"Some have begun to ask aloud why their turn is taking so long,"
Verbals/VC_VerbalsNPC_Hub_Monk_1,58FD9E2C47967CA4A1C76D9863444871_cue_2,Some of judgment.
Verbals/VC_VerbalsNPC_Hub_Monk_1,E87ADD574DEB061971529B9F55A6CCF5_cue_2,Some of the brothers are gossips.
Verbals/VC_VerbalsNPC_Hub_Monk_1,E87ADD574DEB061971529B9F55A6CCF5_cue_0,Some of the brothers say the Commander has begun
Verbals/VC_VerbalsNPC_Hub_Monk_1,E87ADD574DEB061971529B9F55A6CCF5,"Some of the brothers say the Commander has begun to speak of you as kin, Nephilim. Some of the brothers are gossips."
Verbals/VC_VerbalsNPC_Hub_Monk_1,C2A385874F6564CD12A93BAA2B61FE63_cue_1,"Some of them, the wick gives out before the wax."
Verbals/VC_VerbalsNPC_Hub_Monk_1,D7C3217D4AD962DDD8E1B394E68C08E7_cue_0,Something walked past the door that night.
Verbals/VC_VerbalsNPC_Hub_Monk_1,D7C3217D4AD962DDD8E1B394E68C08E7,Something walked past the door that night. I did not look. I have not opened that door since.
Verbals/VC_VerbalsNPC_Hub_Monk_1,ACCD32784CDC66E9D3E5BB9BDE871A8E_cue_0,Sometimes the Knight is still in the room after the Knight has left.
Verbals/VC_VerbalsNPC_Hub_Monk_1,ACCD32784CDC66E9D3E5BB9BDE871A8E,Sometimes the Knight is still in the room after the Knight has left. The brothers do not speak of this.
Verbals/VC_VerbalsNPC_Hub_Monk_1,CE5116FA4282E2975B3450B3EBAFDE14_cue_1,Speak as if your brother can.
Verbals/VC_VerbalsNPC_Hub_Monk_1,6CD9417B4A21CA7CE4E84896B45FA4C1,St. Uriel bless you.
Verbals/VC_VerbalsNPC_Hub_Monk_1,7167C02542675D6E48B8ADB5E17D4C42_cue_0,Stronger again.
Verbals/VC_VerbalsNPC_Hub_Monk_1,7167C02542675D6E48B8ADB5E17D4C42,Stronger again. I had not believed stronger was something one could see across a hall.
Verbals/VC_VerbalsNPC_Hub_Monk_1,B4D6A51E416D6FFD97B73BAEBCC00CFF,That Spire gnaws at Eden's veil. Divine protect us.
Verbals/VC_VerbalsNPC_Hub_Monk_1,BEC1EC674C059F03908423A07159D3C4_cue_0,The Angels are Lunarin's children.
Verbals/VC_VerbalsNPC_Hub_Monk_1,BEC1EC674C059F03908423A07159D3C4,The Angels are Lunarin's children. But WE are Lunarin's hands.
Verbals/VC_VerbalsNPC_Hub_Monk_1,E8C4E237421C83B409B0D591B18B065A_cue_2,The Commander gave counsel. The counsel was sound.
Verbals/VC_VerbalsNPC_Hub_Monk_1,AE479430477925027FEA8CB4E89B3D52_cue_0,The Commander has been in this Order
Verbals/VC_VerbalsNPC_Hub_Monk_1,AE479430477925027FEA8CB4E89B3D52,The Commander has been in this Order for one hundred and twenty-six years. We have done the arithmetic.
Verbals/VC_VerbalsNPC_Hub_Monk_1,440CE28946740C7FF61C6A87A7A5BAC5_cue_0,The Commander is old. Older than he looks.
Verbals/VC_VerbalsNPC_Hub_Monk_1,440CE28946740C7FF61C6A87A7A5BAC5,The Commander is old. Older than he looks. Older than he can be. We do not ask.
Verbals/VC_VerbalsNPC_Hub_Monk_1,E55A46D64F68A764FBDD7FBC44D8495F_cue_0,The Commander knelt in chapel last Sunday.
Verbals/VC_VerbalsNPC_Hub_Monk_1,E55A46D64F68A764FBDD7FBC44D8495F,"The Commander knelt in chapel last Sunday. He knelt for an hour, though he did not pray."
Verbals/VC_VerbalsNPC_Hub_Monk_1,B95A5E144B4D69AA587CB69AD25C6E2A_cue_1,The Commander treats the Knight as family.
Verbals/VC_VerbalsNPC_Hub_Monk_1,F1F9668E47E4E577216C4DB94A5138F3_cue_0,The Dry Rot King is freed.
Verbals/VC_VerbalsNPC_Hub_Monk_1,F1F9668E47E4E577216C4DB94A5138F3,"The Dry Rot King is freed. Freed to where, I am not told. I fear to ask."
Verbals/VC_VerbalsNPC_Hub_Monk_1,CCC9CE31477B2AE1A459D3BA43C580E8_cue_1,The Faith does not permit absence.
Verbals/VC_VerbalsNPC_Hub_Monk_1,9CF89D0D42DB057D6D0CBA9C5340820A_cue_1,The Faith encourages this.
Verbals/VC_VerbalsNPC_Hub_Monk_1,22F91EA244EAB01B1551B19221AA7007_cue_1,"The Faith has had its small mercy,"
Verbals/VC_VerbalsNPC_Hub_Monk_1,D59A998641F61AB3C1C2B497FD7500E5_cue_1,The Faith has its silence.
Verbals/VC_VerbalsNPC_Hub_Monk_1,A84F2EA249BA897F63306BB2413A7819_cue_1,The Faith holds its peace with the Order.
Verbals/VC_VerbalsNPC_Hub_Monk_1,E6E304E948252991347496A9FA7767A2_cue_2,The Faith holds the rite is for the dying.
Verbals/VC_VerbalsNPC_Hub_Monk_1,7079EF274FBAF35351C62D933728198B_cue_0,"The Faith holds, Nephilim,"
Verbals/VC_VerbalsNPC_Hub_Monk_1,7079EF274FBAF35351C62D933728198B,"The Faith holds, Nephilim, that all stacked things are eventually unstacked."
Verbals/VC_VerbalsNPC_Hub_Monk_1,096F24574BF44C66062E5783CC79E4F2_cue_0,"The Faith is the State,"
Verbals/VC_VerbalsNPC_Hub_Monk_1,096F24574BF44C66062E5783CC79E4F2,"The Faith is the State, and the State is the Faith. The man who serves one does not betray the other."
Verbals/VC_VerbalsNPC_Hub_Monk_1,9D16B80E4066FC81658B559D04C3E80A_cue_0,"The Faith is to be praised,"
Verbals/VC_VerbalsNPC_Hub_Monk_1,9D16B80E4066FC81658B559D04C3E80A,"The Faith is to be praised, the Knight has returned. I have praised the Faith. I have praised, also, the Knight."
Verbals/VC_VerbalsNPC_Hub_Monk_1,CCC9CE31477B2AE1A459D3BA43C580E8_cue_0,The Faith permits silence.
Verbals/VC_VerbalsNPC_Hub_Monk_1,CCC9CE31477B2AE1A459D3BA43C580E8,The Faith permits silence. The Faith does not permit absence. Find the line between.
Verbals/VC_VerbalsNPC_Hub_Monk_1,FCA03DEF4274FB4F86521289A8507392_cue_1,The Faith permits this.
Verbals/VC_VerbalsNPC_Hub_Monk_1,AD9D971D4241EF1C5163C3AF07B41123_cue_1,The Faith was generous with the word.
Verbals/VC_VerbalsNPC_Hub_Monk_1,AA2B8B064FF7FE08B100258C984E48D5_cue_1,The Faith was not consulted.
Verbals/VC_VerbalsNPC_Hub_Monk_1,E8C4E237421C83B409B0D591B18B065A_cue_0,The Knight asked the Commander for counsel
Verbals/VC_VerbalsNPC_Hub_Monk_1,E8C4E237421C83B409B0D591B18B065A,The Knight asked the Commander for counsel three times this week. The Commander gave counsel. The counsel was sound. I find I am not surprised by this.
Verbals/VC_VerbalsNPC_Hub_Monk_1,9ADC960A4B4A16F8E2BC58A60B8CD82F_cue_0,The Knight buys from the Merchant often.
Verbals/VC_VerbalsNPC_Hub_Monk_1,9ADC960A4B4A16F8E2BC58A60B8CD82F,The Knight buys from the Merchant often. I know what is bought. I do not know what is paid.
Verbals/VC_VerbalsNPC_Hub_Monk_1,8A63400A4B8334A19C70A6BACE5E429D_cue_0,The Knight is back.
Verbals/VC_VerbalsNPC_Hub_Monk_1,8A63400A4B8334A19C70A6BACE5E429D,The Knight is back. The bells were rung. I heard the bells.
Verbals/VC_VerbalsNPC_Hub_Monk_1,9FD6DF844E7EA315DF03399452307115_cue_0,The Knight is heavier on the stone than they were last week.
Verbals/VC_VerbalsNPC_Hub_Monk_1,9FD6DF844E7EA315DF03399452307115,The Knight is heavier on the stone than they were last week. The stones know.
Verbals/VC_VerbalsNPC_Hub_Monk_1,B95A5E144B4D69AA587CB69AD25C6E2A_cue_0,The Knight is much in the Commander's company.
Verbals/VC_VerbalsNPC_Hub_Monk_1,B95A5E144B4D69AA587CB69AD25C6E2A,The Knight is much in the Commander's company. The Commander treats the Knight as family.
Verbals/VC_VerbalsNPC_Hub_Monk_1,7398A8E64144F8EC5962DC86CC900A0E_cue_0,The Knight returned safely.
Verbals/VC_VerbalsNPC_Hub_Monk_1,7398A8E64144F8EC5962DC86CC900A0E,The Knight returned safely. I have begun to count the times the Knight returned... different.
Verbals/VC_VerbalsNPC_Hub_Monk_1,969CE08E481F989CCC571BBB9E3CB1C6_cue_0,The Knight visits the Librarian often.
Verbals/VC_VerbalsNPC_Hub_Monk_1,969CE08E481F989CCC571BBB9E3CB1C6,The Knight visits the Librarian often. I am told this is the Order's business and not the Faith's.
Verbals/VC_VerbalsNPC_Hub_Monk_1,64E8DE5347B692F8C4512D89C0656B51_cue_0,The Merchant has no surname in the register.
Verbals/VC_VerbalsNPC_Hub_Monk_1,64E8DE5347B692F8C4512D89C0656B51,The Merchant has no surname in the register. I am bothered by that.
Verbals/VC_VerbalsNPC_Hub_Monk_1,487B19AD470E06CB4415B6BBE3FA9D1B_cue_0,The Merchant is hard to look at. He is not hard to see.
Verbals/VC_VerbalsNPC_Hub_Monk_1,487B19AD470E06CB4415B6BBE3FA9D1B,The Merchant is hard to look at. He is not hard to see. We have been taught the difference.
Verbals/VC_VerbalsNPC_Hub_Monk_1,90791ECA4B52572EB1CC1D919DF92D8B_cue_0,The Merchant pays for his keep in souls.
Verbals/VC_VerbalsNPC_Hub_Monk_1,90791ECA4B52572EB1CC1D919DF92D8B,The Merchant pays for his keep in souls. We are told this is metaphor. We are told this is metaphor.
Verbals/VC_VerbalsNPC_Hub_Monk_1,258F9E6547AE7E7403FB4F8E5697754E_cue_0,The Nephilim and Librarian are much in each other's company.
Verbals/VC_VerbalsNPC_Hub_Monk_1,258F9E6547AE7E7403FB4F8E5697754E,The Nephilim and Librarian are much in each other's company. Two who do not pray conspiring together.
Verbals/VC_VerbalsNPC_Hub_Monk_1,B0566E0C4D5927F86B78188A7FCEA7DE_cue_0,"The Nephilim came in this morning, and the room..."
Verbals/VC_VerbalsNPC_Hub_Monk_1,B0566E0C4D5927F86B78188A7FCEA7DE,"The Nephilim came in this morning, and the room... settled. I have not the word."
Verbals/VC_VerbalsNPC_Hub_Monk_1,BC6987E84319E2AA6FE5C383C4DC87E0_cue_1,The Nephilim was not at evening prayer.
Verbals/VC_VerbalsNPC_Hub_Monk_1,BC6987E84319E2AA6FE5C383C4DC87E0_cue_2,"The Nephilim was, at that hour, abroad."
Verbals/VC_VerbalsNPC_Hub_Monk_1,68DAEDC049D28ED05E53358D3CA18D02_cue_1,The Sanctus is colder for it.
Verbals/VC_VerbalsNPC_Hub_Monk_1,826CF4534B459E85BA672F9332F9304C_cue_0,The Spire does not lean as it leant yesterday.
Verbals/VC_VerbalsNPC_Hub_Monk_1,826CF4534B459E85BA672F9332F9304C,The Spire does not lean as it leant yesterday. I am told I am imagining it.
Verbals/VC_VerbalsNPC_Hub_Monk_1,799F00F14CEB75CADBD00F9B2C8DAE4C_cue_0,The War Table is rarely free of you and the
Verbals/VC_VerbalsNPC_Hub_Monk_1,799F00F14CEB75CADBD00F9B2C8DAE4C,"The War Table is rarely free of you and the Commander these days, Nephilim. The other Knights wait their turn. Some have begun to ask aloud why their turn is taking so long, and I am running out of comfortable answers."
Verbals/VC_VerbalsNPC_Hub_Monk_1,68DAEDC049D28ED05E53358D3CA18D02_cue_0,The barrier is thin.
Verbals/VC_VerbalsNPC_Hub_Monk_1,68DAEDC049D28ED05E53358D3CA18D02,The barrier is thin. The Sanctus is colder for it. I had not believed it could be colder.
Verbals/VC_VerbalsNPC_Hub_Monk_1,60DFAF2744ECC1C198EB3591D9ECE881_cue_2,The basin's reflection is older.
Verbals/VC_VerbalsNPC_Hub_Monk_1,F613CE1141472D5C490721BD0DDAAE5F_cue_0,The bells rang for the Knight's return.
Verbals/VC_VerbalsNPC_Hub_Monk_1,F613CE1141472D5C490721BD0DDAAE5F,The bells rang for the Knight's return. They rang once more after. No one rang the second peal.
Verbals/VC_VerbalsNPC_Hub_Monk_1,8A63400A4B8334A19C70A6BACE5E429D_cue_1,The bells were rung. I heard the bells.
Verbals/VC_VerbalsNPC_Hub_Monk_1,9E3809D143E220112AEE5BAAFBAF8086,"The blood moon. Divine have mercy, is this the end?"
Verbals/VC_VerbalsNPC_Hub_Monk_1,5B89C8884DE786878B9D09A03593BFB4_cue_2,The brothers do not speak of this.
Verbals/VC_VerbalsNPC_Hub_Monk_1,ACCD32784CDC66E9D3E5BB9BDE871A8E_cue_1,The brothers do not speak of this.
Verbals/VC_VerbalsNPC_Hub_Monk_1,DFABE724413041BC659A448425DCBC65_cue_2,The brothers will not enter that wing.
Verbals/VC_VerbalsNPC_Hub_Monk_1,7ADAFD8C4ECE88CEE4985DBCABA5040A_cue_0,The candles dim when the Knight passes the south corridor now.
Verbals/VC_VerbalsNPC_Hub_Monk_1,7ADAFD8C4ECE88CEE4985DBCABA5040A,The candles dim when the Knight passes the south corridor now. They did not used to.
Verbals/VC_VerbalsNPC_Hub_Monk_1,4FECC41848E7A55411B26D867917DD4E_cue_0,The dragon.
Verbals/VC_VerbalsNPC_Hub_Monk_1,4FECC41848E7A55411B26D867917DD4E,"The dragon. I had not, in my life, expected there would be a dragon."
Verbals/VC_VerbalsNPC_Hub_Monk_1,22F91EA244EAB01B1551B19221AA7007_cue_0,The first Dead God is undone.
Verbals/VC_VerbalsNPC_Hub_Monk_1,22F91EA244EAB01B1551B19221AA7007,"The first Dead God is undone. The Faith has had its small mercy, though it does not feel small."
Verbals/VC_VerbalsNPC_Hub_Monk_1,99B1E73F41AF6670C613868B28C2A1D8_cue_0,The font was dry at vespers and full by matins.
Verbals/VC_VerbalsNPC_Hub_Monk_1,99B1E73F41AF6670C613868B28C2A1D8,The font was dry at vespers and full by matins. I did not refill it.
Verbals/VC_VerbalsNPC_Hub_Monk_1,D59AE6004790B2832000FBAC28B9A9E8_cue_1,The fourth day I was to rest.
Verbals/VC_VerbalsNPC_Hub_Monk_1,615EDCD44BDC7D5E9A691699FA2CDDDC_cue_1,The full dark is for things that have nothing left to hide.
Verbals/VC_VerbalsNPC_Hub_Monk_1,EF819F854B0DF92FB69ADFB9C0D05712_cue_0,The half-bloods take communion separately.
Verbals/VC_VerbalsNPC_Hub_Monk_1,EF819F854B0DF92FB69ADFB9C0D05712,The half-bloods take communion separately. I am told this is for our comfort.
Verbals/VC_VerbalsNPC_Hub_Monk_1,DFABE724413041BC659A448425DCBC65_cue_1,The library where he taught smells of him still.
Verbals/VC_VerbalsNPC_Hub_Monk_1,096F24574BF44C66062E5783CC79E4F2_cue_2,The man who serves one does not betray the other.
Verbals/VC_VerbalsNPC_Hub_Monk_1,136E2E1F43F2FFAEED060495A54EEB00_cue_1,The name will not appear in the register.
Verbals/VC_VerbalsNPC_Hub_Monk_1,799F00F14CEB75CADBD00F9B2C8DAE4C_cue_2,The other Knights wait their turn.
Verbals/VC_VerbalsNPC_Hub_Monk_1,E6E304E948252991347496A9FA7767A2_cue_0,The rite of conscription was invoked on the smith
Verbals/VC_VerbalsNPC_Hub_Monk_1,E6E304E948252991347496A9FA7767A2,"The rite of conscription was invoked on the smith by the Knight Commander. The Faith holds the rite is for the dying. The smith is, technically, dying. He has been dying for some years."
Verbals/VC_VerbalsNPC_Hub_Monk_1,27FB512F47E9F7D6314249901DDF8EB4_cue_0,The second stone is here.
Verbals/VC_VerbalsNPC_Hub_Monk_1,27FB512F47E9F7D6314249901DDF8EB4,The second stone is here. I have lit a candle for the Knight. I have lit a candle for myself.
Verbals/VC_VerbalsNPC_Hub_Monk_1,9CF89D0D42DB057D6D0CBA9C5340820A_cue_0,The sin I confessed this morning is one I have not yet committed.
Verbals/VC_VerbalsNPC_Hub_Monk_1,9CF89D0D42DB057D6D0CBA9C5340820A,The sin I confessed this morning is one I have not yet committed. The Faith encourages this.
Verbals/VC_VerbalsNPC_Hub_Monk_1,FD42604B4EBD8783697EF995E0A760EC_cue_1,The smith is Karsivite.
Verbals/VC_VerbalsNPC_Hub_Monk_1,6CCDA218483E7253872E9D9ADCBA6A61_cue_1,The smith is always loud. The smith likes the noise.
Verbals/VC_VerbalsNPC_Hub_Monk_1,AA111CAF4D596548CAF73690986B042B_cue_1,The smith is good at his work. For a wolf.
Verbals/VC_VerbalsNPC_Hub_Monk_1,6CCDA218483E7253872E9D9ADCBA6A61_cue_0,The smith is loud.
Verbals/VC_VerbalsNPC_Hub_Monk_1,6CCDA218483E7253872E9D9ADCBA6A61,The smith is loud. The smith is always loud. The smith likes the noise.
Verbals/VC_VerbalsNPC_Hub_Monk_1,E6E304E948252991347496A9FA7767A2_cue_3,"The smith is, technically, dying."
Verbals/VC_VerbalsNPC_Hub_Monk_1,BA96EA104B1688B05172B887F3C4FED4,"The smith toasted you with his wine last evening, Nephilim."
Verbals/VC_VerbalsNPC_Hub_Monk_1,B8BBF68D49715C0007DCACB84846167A_cue_1,The smith was awake. The forge was cold.
Verbals/VC_VerbalsNPC_Hub_Monk_1,A95679B44E078774F636ACAC32A7CAA8_cue_3,The stag did not stay.
Verbals/VC_VerbalsNPC_Hub_Monk_1,9FD6DF844E7EA315DF03399452307115_cue_1,The stones know.
Verbals/VC_VerbalsNPC_Hub_Monk_1,EF35F24E4EC5921D9D7DBBAA01FE29C4,The stones welcome them.
Verbals/VC_VerbalsNPC_Hub_Monk_1,20B1097D4C31546526672C8E74CAAC23_cue_3,The two things must be held together.
Verbals/VC_VerbalsNPC_Hub_Monk_1,28B335C4460E1F9945FEC48812C3138E_cue_1,The visor was cut deep for a reason.
Verbals/VC_VerbalsNPC_Hub_Monk_1,556B79F74EF22CE57411D5951EE0B345_cue_1,The voice does not quiet.
Verbals/VC_VerbalsNPC_Hub_Monk_1,DF624B6E4AF7B7826F86D78C2C8728DC_cue_1,The work has not been done before.
Verbals/VC_VerbalsNPC_Hub_Monk_1,DF624B6E4AF7B7826F86D78C2C8728DC_cue_0,The work is not done.
Verbals/VC_VerbalsNPC_Hub_Monk_1,DF624B6E4AF7B7826F86D78C2C8728DC,The work is not done. The work has not been done before. The work will be done.
Verbals/VC_VerbalsNPC_Hub_Monk_1,DF624B6E4AF7B7826F86D78C2C8728DC_cue_2,The work will be done.
Verbals/VC_VerbalsNPC_Hub_Monk_1,BFFE662748B029D590E48D93363E2EB8_cue_0,Their losses do not go in the public register.
Verbals/VC_VerbalsNPC_Hub_Monk_1,BFFE662748B029D590E48D93363E2EB8,Their losses do not go in the public register. They go in another book. I have not been shown the other book.
Verbals/VC_VerbalsNPC_Hub_Monk_1,65425FE74044D9588899B8AA42F9BEF3_cue_0,There are seven nights in the calendar that have no name.
Verbals/VC_VerbalsNPC_Hub_Monk_1,65425FE74044D9588899B8AA42F9BEF3,There are seven nights in the calendar that have no name. We count them anyway.
Verbals/VC_VerbalsNPC_Hub_Monk_1,A95679B44E078774F636ACAC32A7CAA8_cue_1,There has not been a stag in this city in living memory.
Verbals/VC_VerbalsNPC_Hub_Monk_1,C072FCD5499BA139254EF0B616073712_cue_1,"There is a reading of this that flatters you,"
Verbals/VC_VerbalsNPC_Hub_Monk_1,42DCC2AA4F8E893AB0FC039BBB61527F_cue_0,There is new steel where the old steel was.
Verbals/VC_VerbalsNPC_Hub_Monk_1,42DCC2AA4F8E893AB0FC039BBB61527F,There is new steel where the old steel was. I had not noticed there was old steel.
Verbals/VC_VerbalsNPC_Hub_Monk_1,CC1E0AB9422AFBE25B91B5806E733232_cue_2,There is one.
Verbals/VC_VerbalsNPC_Hub_Monk_1,47D3641C4B7660246DEF30AB4D0F1478_cue_1,There were three.
Verbals/VC_VerbalsNPC_Hub_Monk_1,CC1E0AB9422AFBE25B91B5806E733232_cue_1,There were three.
Verbals/VC_VerbalsNPC_Hub_Monk_1,712ECE674716B2C39D57ECA1F551E406_cue_0,"They are knitted now,"
Verbals/VC_VerbalsNPC_Hub_Monk_1,712ECE674716B2C39D57ECA1F551E406,"They are knitted now, somewhere in the lower chambers. We do not ask how."
Verbals/VC_VerbalsNPC_Hub_Monk_1,C097508B4AC00CB8A7ED8DB725CF2DFB_cue_0,They came back whole.
Verbals/VC_VerbalsNPC_Hub_Monk_1,C097508B4AC00CB8A7ED8DB725CF2DFB,They came back whole. They did not look whole. Though I do not know the difference.
Verbals/VC_VerbalsNPC_Hub_Monk_1,C097508B4AC00CB8A7ED8DB725CF2DFB_cue_1,They did not look whole.
Verbals/VC_VerbalsNPC_Hub_Monk_1,7ADAFD8C4ECE88CEE4985DBCABA5040A_cue_1,They did not used to.
Verbals/VC_VerbalsNPC_Hub_Monk_1,1B8ACC204D48EF02C6CA48AABBCF6B29_cue_1,They do not say what was sanctioned.
Verbals/VC_VerbalsNPC_Hub_Monk_1,BFFE662748B029D590E48D93363E2EB8_cue_1,They go in another book.
Verbals/VC_VerbalsNPC_Hub_Monk_1,F613CE1141472D5C490721BD0DDAAE5F_cue_1,They rang once more after.
Verbals/VC_VerbalsNPC_Hub_Monk_1,1B8ACC204D48EF02C6CA48AABBCF6B29_cue_0,They say the Librarian was sanctioned at Quorum.
Verbals/VC_VerbalsNPC_Hub_Monk_1,1B8ACC204D48EF02C6CA48AABBCF6B29,They say the Librarian was sanctioned at Quorum. They do not say what was sanctioned.
Verbals/VC_VerbalsNPC_Hub_Monk_1,7C461EF4497C7B26B05E2D96961A5E9E,They went out. They did not return whole.
Verbals/VC_VerbalsNPC_Hub_Monk_1,136E2E1F43F2FFAEED060495A54EEB00_cue_2,They will not let us print it.
Verbals/VC_VerbalsNPC_Hub_Monk_1,C097508B4AC00CB8A7ED8DB725CF2DFB_cue_2,Though I do not know the difference.
Verbals/VC_VerbalsNPC_Hub_Monk_1,A91D96CB4B1253A9BE12E78ECCD9483E,"Three days the Brothers spent ordering those, Nephilim."
Verbals/VC_VerbalsNPC_Hub_Monk_1,D59AE6004790B2832000FBAC28B9A9E8_cue_0,Three days. Three days of sorting.
Verbals/VC_VerbalsNPC_Hub_Monk_1,D59AE6004790B2832000FBAC28B9A9E8,Three days. Three days of sorting. The fourth day I was to rest.
Verbals/VC_VerbalsNPC_Hub_Monk_1,951E8D634246CFB530C6639256C92E26_cue_0,Three faiths to keep:
Verbals/VC_VerbalsNPC_Hub_Monk_1,951E8D634246CFB530C6639256C92E26,"Three faiths to keep: in the moon, the order, and the dead."
Verbals/VC_VerbalsNPC_Hub_Monk_1,A23D3B4B4F9AEE8BB5A2ED87AAE38B89,Three weeks of sorting. Walk on.
Verbals/VC_VerbalsNPC_Hub_Monk_1,E423ADF742E808395883C6966446A719_cue_0,Three were the wall.
Verbals/VC_VerbalsNPC_Hub_Monk_1,E423ADF742E808395883C6966446A719,"Three were the wall. I had not understood, until tonight, that they were the wall."
Verbals/VC_VerbalsNPC_Hub_Monk_1,47F91B93426AB33A96B4DAB23719B880_cue_0,Touch the doorframe before you cross it.
Verbals/VC_VerbalsNPC_Hub_Monk_1,47F91B93426AB33A96B4DAB23719B880,Touch the doorframe before you cross it. Lunarin does not enter rooms he was not invited to.
Verbals/VC_VerbalsNPC_Hub_Monk_1,78E936CE41A265076F8C8096B53CEE19,"Two inches, Nephilim. Two."
Verbals/VC_VerbalsNPC_Hub_Monk_1,CC1E0AB9422AFBE25B91B5806E733232_cue_0,Two of the dead are gone now.
Verbals/VC_VerbalsNPC_Hub_Monk_1,CC1E0AB9422AFBE25B91B5806E733232,Two of the dead are gone now. There were three. There is one.
Verbals/VC_VerbalsNPC_Hub_Monk_1,258F9E6547AE7E7403FB4F8E5697754E_cue_1,Two who do not pray conspiring together.
Verbals/VC_VerbalsNPC_Hub_Monk_1,A2DB88A84FCB75DF6181348A31973B58_cue_0,Valahk-Nor frightened children once.
Verbals/VC_VerbalsNPC_Hub_Monk_1,A2DB88A84FCB75DF6181348A31973B58,Valahk-Nor frightened children once. He frightens none tonight.
Verbals/VC_VerbalsNPC_Hub_Monk_1,85F825D44CAF9B83910B0685A31975DE_cue_1,We are encouraged not to speak of him.
Verbals/VC_VerbalsNPC_Hub_Monk_1,9141B36642839A02D38465B9EC95651C_cue_1,We are grateful.
Verbals/VC_VerbalsNPC_Hub_Monk_1,F3B70545470BD7FE4598C48FF77129EC_cue_1,We are told he stopped biting. We are told.
Verbals/VC_VerbalsNPC_Hub_Monk_1,90791ECA4B52572EB1CC1D919DF92D8B_cue_1,We are told this is metaphor.
Verbals/VC_VerbalsNPC_Hub_Monk_1,90791ECA4B52572EB1CC1D919DF92D8B_cue_2,We are told this is metaphor.
Verbals/VC_VerbalsNPC_Hub_Monk_1,A95679B44E078774F636ACAC32A7CAA8_cue_2,We came to look.
Verbals/VC_VerbalsNPC_Hub_Monk_1,65425FE74044D9588899B8AA42F9BEF3_cue_1,We count them anyway.
Verbals/VC_VerbalsNPC_Hub_Monk_1,712ECE674716B2C39D57ECA1F551E406_cue_2,We do not ask how.
Verbals/VC_VerbalsNPC_Hub_Monk_1,60DFAF2744ECC1C198EB3591D9ECE881_cue_0,We do not look at the moon directly.
Verbals/VC_VerbalsNPC_Hub_Monk_1,60DFAF2744ECC1C198EB3591D9ECE881,We do not look at the moon directly. We look at its reflection in the basin. The basin's reflection is older.
Verbals/VC_VerbalsNPC_Hub_Monk_1,FF4DE1874E4B8A0CBC0F12BE8B9E31EE_cue_1,We do not speak of the Apostate Hunts.
Verbals/VC_VerbalsNPC_Hub_Monk_1,487B19AD470E06CB4415B6BBE3FA9D1B_cue_1,We have been taught the difference.
Verbals/VC_VerbalsNPC_Hub_Monk_1,AE479430477925027FEA8CB4E89B3D52_cue_2,We have done the arithmetic.
Verbals/VC_VerbalsNPC_Hub_Monk_1,28B49042486FC42B891A10A006097F1F_cue_0,"We have noticed, Nephilim,"
Verbals/VC_VerbalsNPC_Hub_Monk_1,28B49042486FC42B891A10A006097F1F,"We have noticed, Nephilim, that the Merchant is happier on the days you visit."
Verbals/VC_VerbalsNPC_Hub_Monk_1,60DFAF2744ECC1C198EB3591D9ECE881_cue_1,We look at its reflection in the basin.
Verbals/VC_VerbalsNPC_Hub_Monk_1,6A6BE9A944F725A399EAB59660F2CFD5_cue_0,We prayed for E'frae's release.
Verbals/VC_VerbalsNPC_Hub_Monk_1,6A6BE9A944F725A399EAB59660F2CFD5,We prayed for E'frae's release. I am told... that is what we did. I am told.
Verbals/VC_VerbalsNPC_Hub_Monk_1,AA111CAF4D596548CAF73690986B042B_cue_0,We see the Knight visits the smith often.
Verbals/VC_VerbalsNPC_Hub_Monk_1,AA111CAF4D596548CAF73690986B042B,We see the Knight visits the smith often. The smith is good at his work. For a wolf.
Verbals/VC_VerbalsNPC_Hub_Monk_1,CBC189BF47AB2383ED51099E7D59CC36,We who scorn the Dragon's Light embrace the Holy Moonlight.
Verbals/VC_VerbalsNPC_Hub_Monk_1,D881396E41B5F291677897B3DCF5D034,We've many Nephilim and shan't dare breed anymore.
Verbals/VC_VerbalsNPC_Hub_Monk_1,03EE9AD9479D0C0A868E8583051D22C3_cue_0,"When Cardinal Mathias was put down,"
Verbals/VC_VerbalsNPC_Hub_Monk_1,03EE9AD9479D0C0A868E8583051D22C3,"When Cardinal Mathias was put down, the altar of his chapter cracked. Not from anything that was done. Not from anything we know."
Verbals/VC_VerbalsNPC_Hub_Monk_1,58FD9E2C47967CA4A1C76D9863444871_cue_0,"When the Knight falls,"
Verbals/VC_VerbalsNPC_Hub_Monk_1,58FD9E2C47967CA4A1C76D9863444871,"When the Knight falls, some of us speak of mercy. Some of judgment. I keep my mouth where the mouth belongs."
Verbals/VC_VerbalsNPC_Hub_Monk_1,28B335C4460E1F9945FEC48812C3138E_cue_0,"When the Nephilim passes, do not meet the visor."
Verbals/VC_VerbalsNPC_Hub_Monk_1,28B335C4460E1F9945FEC48812C3138E,"When the Nephilim passes, do not meet the visor. The visor was cut deep for a reason."
Verbals/VC_VerbalsNPC_Hub_Monk_1,EE1D55964955D632C588C2A3E6819EF2_cue_0,"When the moon is red,"
Verbals/VC_VerbalsNPC_Hub_Monk_1,EE1D55964955D632C588C2A3E6819EF2,"When the moon is red, the prayers must be louder. So we are taught."
Verbals/VC_VerbalsNPC_Hub_Monk_1,689C22E645A93817C7F39FA82C2B44A7,You are weapons for the faith. Nothing more.
Verbals/VC_VerbalsNPC_Hub_Monk_1,3F30D93B405B8E0D98C864AE811A99E1_cue_0,"You spend long hours with the Librarian, Nephilim."
Verbals/VC_VerbalsNPC_Hub_Monk_1,3F30D93B405B8E0D98C864AE811A99E1,"You spend long hours with the Librarian, Nephilim. I would ask what she has you reading, but you would not tell me, and she would tell me less."
Verbals/VC_VerbalsNPC_Hub_Monk_1,CB02EF2D49EBA7E37293FC965EE6B6F6,"You will, of course, help me put those back."
Verbals/VC_VerbalsNPC_Hub_Monk_1,799F00F14CEB75CADBD00F9B2C8DAE4C_cue_4,and I am running out of comfortable answers.
Verbals/VC_VerbalsNPC_Hub_Monk_1,C072FCD5499BA139254EF0B616073712_cue_2,and another that ought to worry you.
Verbals/VC_VerbalsNPC_Hub_Monk_1,096F24574BF44C66062E5783CC79E4F2_cue_1,and the State is the Faith.
Verbals/VC_VerbalsNPC_Hub_Monk_1,11F6F00640848C3E6B2ABFA13A647604_cue_1,and the fact is becoming difficult to ignore.
Verbals/VC_VerbalsNPC_Hub_Monk_1,7AFADB3D4391E771F97149BA2ADB8643_cue_2,and you have been visiting often enough now
Verbals/VC_VerbalsNPC_Hub_Monk_1,FBFA6C8C4595506209C265BB0BEF9EC5_cue_1,at evening prayer last week.
Verbals/VC_VerbalsNPC_Hub_Monk_1,3F30D93B405B8E0D98C864AE811A99E1_cue_2,"but you would not tell me, and she would tell me less."
Verbals/VC_VerbalsNPC_Hub_Monk_1,20B1097D4C31546526672C8E74CAAC23_cue_1,"by all the proper measures, a great man."
Verbals/VC_VerbalsNPC_Hub_Monk_1,E6E304E948252991347496A9FA7767A2_cue_1,by the Knight Commander.
Verbals/VC_VerbalsNPC_Hub_Monk_1,4F923C054FC4EAA80721F29465430CD0_cue_1,commanding Legions of Angels in service of man's potential.
Verbals/VC_VerbalsNPC_Hub_Monk_1,4FECC41848E7A55411B26D867917DD4E_cue_2,expected there would be a dragon.
Verbals/VC_VerbalsNPC_Hub_Monk_1,AE479430477925027FEA8CB4E89B3D52_cue_1,for one hundred and twenty-six years.
Verbals/VC_VerbalsNPC_Hub_Monk_1,AE9001CB47EDAAB36004028851DA3070_cue_1,in the last days of the Crusade.
Verbals/VC_VerbalsNPC_Hub_Monk_1,951E8D634246CFB530C6639256C92E26_cue_1,"in the moon, the order, and the dead."
Verbals/VC_VerbalsNPC_Hub_Monk_1,2CF605D64C1FEDD369F55C9FABBD6B4D_cue_1,lord of the light 
Verbals/VC_VerbalsNPC_Hub_Monk_1,BC6785564D1A5F693875C9AC02C61119_cue_1,mustn't stop until the demons are finished.
Verbals/VC_VerbalsNPC_Hub_Monk_1,5E3BE1E24A34013B9761E5B4B58F4656_cue_2,"once for the hunger,"
Verbals/VC_VerbalsNPC_Hub_Monk_1,5E3BE1E24A34013B9761E5B4B58F4656_cue_3,once for the thing that watches the hunger.
Verbals/VC_VerbalsNPC_Hub_Monk_1,7167C02542675D6E48B8ADB5E17D4C42_cue_2,one could see across a hall.
Verbals/VC_VerbalsNPC_Hub_Monk_1,B0566E0C4D5927F86B78188A7FCEA7DE_cue_1,settled.
Verbals/VC_VerbalsNPC_Hub_Monk_1,58FD9E2C47967CA4A1C76D9863444871_cue_1,some of us speak of mercy.
Verbals/VC_VerbalsNPC_Hub_Monk_1,712ECE674716B2C39D57ECA1F551E406_cue_1,somewhere in the lower chambers.
Verbals/VC_VerbalsNPC_Hub_Monk_1,7AFADB3D4391E771F97149BA2ADB8643_cue_3,that I suspect you have begun to understand this.
Verbals/VC_VerbalsNPC_Hub_Monk_1,7079EF274FBAF35351C62D933728198B_cue_1,that all stacked things are eventually unstacked.
Verbals/VC_VerbalsNPC_Hub_Monk_1,2CF605D64C1FEDD369F55C9FABBD6B4D_cue_2,that is not the guile sun.
Verbals/VC_VerbalsNPC_Hub_Monk_1,6A6BE9A944F725A399EAB59660F2CFD5_cue_2,that is what we did.
Verbals/VC_VerbalsNPC_Hub_Monk_1,28B49042486FC42B891A10A006097F1F_cue_1,that the Merchant is happier on the days you visit.
Verbals/VC_VerbalsNPC_Hub_Monk_1,E423ADF742E808395883C6966446A719_cue_2,that they were the wall.
Verbals/VC_VerbalsNPC_Hub_Monk_1,87062FB14B9D63FB22A0D5994CC3625F_cue_1,"the Faith holds, if one is keeping them safely."
Verbals/VC_VerbalsNPC_Hub_Monk_1,950387AA44981805C35317937CB223C9_cue_1,the Faith would have informed me.
Verbals/VC_VerbalsNPC_Hub_Monk_1,9D16B80E4066FC81658B559D04C3E80A_cue_1,the Knight has returned.
Verbals/VC_VerbalsNPC_Hub_Monk_1,03EE9AD9479D0C0A868E8583051D22C3_cue_1,the altar of his chapter cracked.
Verbals/VC_VerbalsNPC_Hub_Monk_1,EE1D55964955D632C588C2A3E6819EF2_cue_1,the prayers must be louder.
Verbals/VC_VerbalsNPC_Hub_Monk_1,407B67414D7EA85AAA8B34B717185487_cue_1,"then by century, then by the names on the cuffs."
Verbals/VC_VerbalsNPC_Hub_Monk_1,407B67414D7EA85AAA8B34B717185487_cue_4,"thinking of you while I do it, Nephilim."
Verbals/VC_VerbalsNPC_Hub_Monk_1,22F91EA244EAB01B1551B19221AA7007_cue_2,though it does not feel small.
Verbals/VC_VerbalsNPC_Hub_Monk_1,E8C4E237421C83B409B0D591B18B065A_cue_1,three times this week.
Verbals/VC_VerbalsNPC_Hub_Monk_1,846D60E14840082FB9993F85F05ED67D_cue_1,to be the most interesting feature of my person.
Verbals/VC_VerbalsNPC_Hub_Monk_1,E87ADD574DEB061971529B9F55A6CCF5_cue_1,"to speak of you as kin, Nephilim."
Verbals/VC_VerbalsNPC_Hub_Monk_1,1C22E9C6422003923254C6AE07F95961_cue_1,we tell the Faith they are.
Verbals/VC_VerbalsNPC_Librarian,7813CD664AD6F768C1D24CAB686DD163,"""The Apostate Hunts"". Perhaps our answers lie there."
Verbals/VC_VerbalsNPC_Librarian,A7C9F395483E699514084B8FD3099A1F,"""The Stricken Exegesis""."
Verbals/VC_VerbalsNPC_Librarian,82A1C4CD4ACE22DE4CCBFE86CA32B9FD,"""The one to end the Lunitarian faith."""
Verbals/VC_VerbalsNPC_Librarian,20806E914E47972256A3E8B18B09704E_cue_5,"""an army of undead, demons, and vampires"
Verbals/VC_VerbalsNPC_Librarian,20806E914E47972256A3E8B18B09704E_cue_2,'Tis a story about the Infernal Legion. Myth mainly.
Verbals/VC_VerbalsNPC_Librarian,E7C6BC1B4C8970E4AAAB2B9BF3631FAD_cue_2,'fore all is lost.
Verbals/VC_VerbalsNPC_Librarian,F5BD19224D92F2EBE7214D8A27E51574,*sigh* Not again.
Verbals/VC_VerbalsNPC_Librarian,E2E5318F4CAC85AC178B5AB70F5F52F9_cue_3,...Killed you? Terribly sorry dear. Sorry indeed.
Verbals/VC_VerbalsNPC_Librarian,8BE06CE4415DD56049645BB80BCE2C1A,5162 in the collection. 0 in circulation. Splendid.
Verbals/VC_VerbalsNPC_Librarian,397730FA4E6DD36510BD1BA472E78493,A catalyst for a new age.
Verbals/VC_VerbalsNPC_Librarian,D20BA48D49B6C1D43DFA1FB03AF6AA7D,A cipher! I knew it.
Verbals/VC_VerbalsNPC_Librarian,F931C9BA4C0858C0D84DE9A24843BEC2,A dog-eared page. How troubling.
Verbals/VC_VerbalsNPC_Librarian,CEF1EC2F45C7785B629469836152B311_cue_11,A new age born under the light of a Crimson Moon.
Verbals/VC_VerbalsNPC_Librarian,EE1E7A554A9289DFDD2BE38212CA7C64,A power beyond our world and understanding.
Verbals/VC_VerbalsNPC_Librarian,E77B5B8C441141F2D289AFB0B83224B8_cue_2,A real brute with a mace.
Verbals/VC_VerbalsNPC_Librarian,4708FF2C4755821E5FCFB9B998779E4F,"A request for you, child."
Verbals/VC_VerbalsNPC_Librarian,F366B1CC443FF478A052E68D9B635EEB,A request for you.
Verbals/VC_VerbalsNPC_Librarian,7BFAA1794DDC61AB202EFAB71C3B6FBD,A vampire's bite. Wonder if it's as romantic as the books say.
Verbals/VC_VerbalsNPC_Librarian,BF3D24944B117B0EEA6A5485EEF195E6_cue_3,A way to stop the madness...
Verbals/VC_VerbalsNPC_Librarian,E77B5B8C441141F2D289AFB0B83224B8_cue_3,Absolutely loved smashing.
Verbals/VC_VerbalsNPC_Librarian,C79F3AAB4B81B38CFD191AB164A0A061_cue_0,"According to these records,"
Verbals/VC_VerbalsNPC_Librarian,C79F3AAB4B81B38CFD191AB164A0A061,"According to these records, the Demons are not so different from the Angels."
Verbals/VC_VerbalsNPC_Librarian,A26E3EED4B591EF661EA4FB2A522F502_cue_1,"Aegoroth, Eye of the Abyss, god of forbidden knowledge."
Verbals/VC_VerbalsNPC_Librarian,EFCD2B6A4E3B0E0E17B7B7B5AF6985E9,Aegoroth.
Verbals/VC_VerbalsNPC_Librarian,B5BE93924BFCCBA4238AA8AF774E2ACA_cue_1,After Cain's Crusade 
Verbals/VC_VerbalsNPC_Librarian,585ED4654FC1D0DECD0E1294BAB4DF9C,Again this cult comes up in the notes.
Verbals/VC_VerbalsNPC_Librarian,3A99870E492589A6F30E58867AED2978,"Ah, lost notes on the founding of the Order of the Crimson Moon."
Verbals/VC_VerbalsNPC_Librarian,308E38D64D0E75C992A314A31CC15BB0,"Ah, you are quite good at fetching books."
Verbals/VC_VerbalsNPC_Librarian,43F5BE5F4337CED6044F28AA86E7064C_cue_0,Ah... scrolls from the Southern Ward.
Verbals/VC_VerbalsNPC_Librarian,43F5BE5F4337CED6044F28AA86E7064C,"Ah... scrolls from the Southern Ward. The oldest quarter of Gildeus, settled long ago along the Aemar River. It was there the Church first arrived, claiming to spread the Lunitarian word... Though these records suggest their purpose may have been... something more."
Verbals/VC_VerbalsNPC_Librarian,01F578E84E1D351C6723DCBA1901CC13_cue_1,"Ahh, The Lost Epistles of the Grey Prophet. Hmm."
Verbals/VC_VerbalsNPC_Librarian,93B236984FB8212E1CC53192BB74FD84,"All three stones. And the spire stopped. Well done, Nephilim."
Verbals/VC_VerbalsNPC_Librarian,CEF1EC2F45C7785B629469836152B311_cue_4,An age that ended when fell Lord Cain
Verbals/VC_VerbalsNPC_Librarian,FAB731D141EF72834E5453BE88ECEA8B,Ancient god of forbidden knowledge and prophecy.
Verbals/VC_VerbalsNPC_Librarian,B2F5DB9248CFA79CD7D9978D29907129,And I have stood by Gallant ever since.
Verbals/VC_VerbalsNPC_Librarian,888B02C741C9E8295FAB19AA31888007,"And for the final bloom, they give themselves."
Verbals/VC_VerbalsNPC_Librarian,79F5A3254E2775895FFAB9926A98819A_cue_5,And now the Church speaks of these Abraxas Stones?
Verbals/VC_VerbalsNPC_Librarian,529E1F8D4A4B1A19CBBC08B10B04BBF6,And so the key was split for three.
Verbals/VC_VerbalsNPC_Librarian,BC1EDFF246E00EEBEDA6C9B0F32AFF7F,And so the key was split for three.
Verbals/VC_VerbalsNPC_Librarian,A3343A434193517FA59751A8FA44CFD2,And turned a feral vampire into the finest blacksmith.
Verbals/VC_VerbalsNPC_Librarian,0EE2F7F94C99FA24048AC8A012B6358D,And what's concerning are the words about what's still to come.
Verbals/VC_VerbalsNPC_Librarian,FC6F1E0F4028F2B5285D9788185748E8,"And yes, I'll pay you too. With powerful magic, dear."
Verbals/VC_VerbalsNPC_Librarian,1A2A2F4C499C6C0EEE924480EA99DB63_cue_4,Anyways take this for your trouble.
Verbals/VC_VerbalsNPC_Librarian,4C9FA4674FDAB6B6849CE69ACCEB0C48,"Approach, child."
Verbals/VC_VerbalsNPC_Librarian,9B87222241343F650C243B9A7A56FB3D,"Approach, knight."
Verbals/VC_VerbalsNPC_Librarian,55A3D9C64FB8A4A6A27E8490448D999D,Approach.
Verbals/VC_VerbalsNPC_Librarian,C430156944389F18079ED2AFCFEE5114,Approach.
Verbals/VC_VerbalsNPC_Librarian,D148809B489B4EB711D30BA85C775D67,Are you addled or just stupid?
Verbals/VC_VerbalsNPC_Librarian,032B55B044CE520950487A90BD3E6120,Are you doing that on purpose?
Verbals/VC_VerbalsNPC_Librarian,20806E914E47972256A3E8B18B09704E_cue_8,As I recall Cain lost that war.
Verbals/VC_VerbalsNPC_Librarian,2E97FFF245A402EEEAD328B496D7D655,"As is often the story, the victors became the religion."
Verbals/VC_VerbalsNPC_Librarian,2014865B472D4EAF743EE0A78491562B,Begone.
Verbals/VC_VerbalsNPC_Librarian,55F9CD7F4C3BAA167116259AA24C0F85_cue_1,"Belonged to Valkiel,"
Verbals/VC_VerbalsNPC_Librarian,20806E914E47972256A3E8B18B09704E_cue_7,Bit melodramatic if you ask me.
Verbals/VC_VerbalsNPC_Librarian,F8D78D3A489C72C638DBBABF3B7B5550_cue_2,Books look much like the rectangular objects in this room.
Verbals/VC_VerbalsNPC_Librarian,82A760CB4F8BE33825863CB4E8E0D999,But Gallant being Gallant brought him to the Order.
Verbals/VC_VerbalsNPC_Librarian,BF3D24944B117B0EEA6A5485EEF195E6_cue_4,"But alas, that's where the ink runs dry."
Verbals/VC_VerbalsNPC_Librarian,9F61AC18451F34B47983EBB36EDD9BA7,"But if true, I believe this is far from over."
Verbals/VC_VerbalsNPC_Librarian,3B6015E54F3006F784DEFBAA5C096590,But it reads nonsense!
Verbals/VC_VerbalsNPC_Librarian,01F578E84E1D351C6723DCBA1901CC13_cue_3,"But look, a misprint on the cover."
Verbals/VC_VerbalsNPC_Librarian,DDD8AC1748D45ABF4336D7BE28716139,Can I help you?
Verbals/VC_VerbalsNPC_Librarian,E93F94BA4FADA983E85AD0BF9ABF6C45,Can't you see I'm reading?
Verbals/VC_VerbalsNPC_Librarian,B072E2F044C2560107C169B12722F8ED,Careful with the leatherbounds!
Verbals/VC_VerbalsNPC_Librarian,F84ABEDB4FEB3F42A5A43FA973B7A832,Child.
Verbals/VC_VerbalsNPC_Librarian,DFDDFE6F4541D1AC78C3ACAD25B82BAB,"Come back later, Nephilim."
Verbals/VC_VerbalsNPC_Librarian,3672E860498C9A13A38868B93EB3CAB2,"Come forward, knight."
Verbals/VC_VerbalsNPC_Librarian,964621314A8110BAEEC4D0878F05EB60,Come forward.
Verbals/VC_VerbalsNPC_Librarian,62C36B8F4F183F6ACD54E4A31C2FB85F,Could it be the cause of their feral nature...
Verbals/VC_VerbalsNPC_Librarian,04E3A5A7412E6B28AA1076B0A89B904F,Could it be? A book I've never seen before?!
Verbals/VC_VerbalsNPC_Librarian,55F9CD7F4C3BAA167116259AA24C0F85_cue_4,"Couldn't let a perfectly good coffin go to waste,"
Verbals/VC_VerbalsNPC_Librarian,F7B9E8064B8FD85A3326FA9D0E3A5BF9,Curious.
Verbals/VC_VerbalsNPC_Librarian,DA25A33D4E4855A01C4C3EAB809362D2,Curious. Perhaps Gallant was right about you after all.
Verbals/VC_VerbalsNPC_Librarian,E976242642DD8E8B9408E0B248AD2814,Did you bring me anything?
Verbals/VC_VerbalsNPC_Librarian,55F9CD7F4C3BAA167116259AA24C0F85_cue_3,Died almost immediately.
Verbals/VC_VerbalsNPC_Librarian,83167A6E43032503381FD8893A7638A9,Discover anything new?
Verbals/VC_VerbalsNPC_Librarian,E49ADC004B66170B49B1ADAB8938ABE9_cue_0,Do not be afraid Nephilim.
Verbals/VC_VerbalsNPC_Librarian,E49ADC004B66170B49B1ADAB8938ABE9,Do not be afraid Nephilim. I was there to witness the first of your kind.
Verbals/VC_VerbalsNPC_Librarian,2CB73738442CC612738D2EA4CB6177D4,E'frae was once worshipped as the Lord of the Wild.
Verbals/VC_VerbalsNPC_Librarian,6E6916DF4D1376EE24FECFB38BD758AC_cue_6,Except yours. Remarkable.
Verbals/VC_VerbalsNPC_Librarian,E2E5318F4CAC85AC178B5AB70F5F52F9_cue_6,Explains his attitude.
Verbals/VC_VerbalsNPC_Librarian,33A7C9B74AD23DF8BED89DA34F9C8004,Farewell for now.
Verbals/VC_VerbalsNPC_Librarian,35EEAE404AE45C92DA04B3AF89D2FE87,"Farewell, knight."
Verbals/VC_VerbalsNPC_Librarian,16E7A8B14100F95C36D9FD873E52F2CC,Felled by Lunarin in the War of the Gods.
Verbals/VC_VerbalsNPC_Librarian,D1E8F49A4292723BD5FA7F8F83AD3DCE,Finally its secrets are mine.
Verbals/VC_VerbalsNPC_Librarian,CAC765D345F4E169AE12ED815E5EEFB5,"Find ""The Apostate Hunts"". Perhaps our answers lie there."
Verbals/VC_VerbalsNPC_Librarian,0DA2483E498CA2F7B835B0A4529BAB54,Find any new scrolls?
Verbals/VC_VerbalsNPC_Librarian,20275669433661A02D05198EEB8412A2,"Find the pieces, knight. And bring them to me."
Verbals/VC_VerbalsNPC_Librarian,E0C3A39448EDFDFE12949DA94F2AEEAB_cue_1,Fools who worship malignant flora.
Verbals/VC_VerbalsNPC_Librarian,79F5A3254E2775895FFAB9926A98819A_cue_10,For a Nephilim.
Verbals/VC_VerbalsNPC_Librarian,7520D44E4C8B03640A8A4A877CE5BE60,"For him, the Rite of Desolation never truly ended."
Verbals/VC_VerbalsNPC_Librarian,D460EABC4FEFD0F21713A3B2E4AC3B93_cue_4,"For the final bloom, they give themselves."
Verbals/VC_VerbalsNPC_Librarian,A8835E274EDB7B29087997A8234CEC3F,Gallant told me Solomon spoke to you. Impossible.
Verbals/VC_VerbalsNPC_Librarian,79EA27DA48547988DDB00FA60F1B2100,Give me some time to study it.
Verbals/VC_VerbalsNPC_Librarian,7C9225574BB7687FEA0703B602F5B40F,"Go kill something, will you?"
Verbals/VC_VerbalsNPC_Librarian,83C1D6AF4B47B4C002DB988BA5743A90,"Go on, then."
Verbals/VC_VerbalsNPC_Librarian,CEF1A8D9470A9EC2F857248899E06329,"Go on, then."
Verbals/VC_VerbalsNPC_Librarian,0BFCF06245C6A23C7794D682750EB6C6,Good show. Taught those books a lesson did we?
Verbals/VC_VerbalsNPC_Librarian,ADF67E41477129317019FEBC437F79D8_cue_0,Good you have it!
Verbals/VC_VerbalsNPC_Librarian,ADF67E41477129317019FEBC437F79D8,Good you have it! This will do. Hmmm. Hmmm. Yes alright this should suffice. Hurry get this to Gajov!
Verbals/VC_VerbalsNPC_Librarian,CBB0B9C64F9242214E407AAC6297B089,"Greetings, Nephilim."
Verbals/VC_VerbalsNPC_Librarian,63E8817B4E91A4F5FEEFD1886E1015AE,"Greetings, child."
Verbals/VC_VerbalsNPC_Librarian,911AFA8646ADD796D5CAD1BC724203D8,Greetings.
Verbals/VC_VerbalsNPC_Librarian,9B6F6C4A4AFE97730973D3A59525E8DA,Greetings.
Verbals/VC_VerbalsNPC_Librarian,0E621B8A48D9AE8A9384DCAFB6016A1B_cue_0,Grimhaven was once the city's industrial heart.
Verbals/VC_VerbalsNPC_Librarian,B5BE93924BFCCBA4238AA8AF774E2ACA_cue_0,Grimhaven was once the city's industrial heart.
Verbals/VC_VerbalsNPC_Librarian,B5BE93924BFCCBA4238AA8AF774E2ACA,"Grimhaven was once the city's industrial heart.
After Cain's Crusade and the fall of the Velchorian Empire, the western enterprises withdrew.
Only the Nachtstahl Steel Mill returned industry to the district.
And with it, it seems... the beginning of Gildenarch's demise."
Verbals/VC_VerbalsNPC_Librarian,0E621B8A48D9AE8A9384DCAFB6016A1B,Grimhaven was once the city's industrial heart. I wonder what secrets are buried beneath the steel mill.
Verbals/VC_VerbalsNPC_Librarian,5AE548DB4D67D9B6A9C8CE8AC30921C4,Hail child.
Verbals/VC_VerbalsNPC_Librarian,9DB23C804A778FA0D98456BD0684272B,"Hail, Nephilim."
Verbals/VC_VerbalsNPC_Librarian,65B1D9F4481F81D527B3F29C005DF760,"Hail, brute."
Verbals/VC_VerbalsNPC_Librarian,8683160E414F7BCE25B1C38B8A993B6E,"Hail, knight."
Verbals/VC_VerbalsNPC_Librarian,2EB86079480E4CB7BE9623801638F851,Hail.
Verbals/VC_VerbalsNPC_Librarian,5CE64A72472E53E639C9B6BACB241C6A,Hail.
Verbals/VC_VerbalsNPC_Librarian,55F9CD7F4C3BAA167116259AA24C0F85_cue_0,Have you ever heard the story of your coffin?
Verbals/VC_VerbalsNPC_Librarian,55F9CD7F4C3BAA167116259AA24C0F85,"Have you ever heard the story of your coffin? Belonged to Valkiel, one of the earliest Nephilim. Died almost immediately. Couldn't let a perfectly good coffin go to waste, so now its yours."
Verbals/VC_VerbalsNPC_Librarian,F8D78D3A489C72C638DBBABF3B7B5550_cue_0,Having trouble finding that tome?
Verbals/VC_VerbalsNPC_Librarian,F8D78D3A489C72C638DBBABF3B7B5550,Having trouble finding that tome? Hmm... Look around. Books look much like the rectangular objects in this room. Just search the dungeons for... books. Does that help?
Verbals/VC_VerbalsNPC_Librarian,0F475AF041C08DF8D61E9BB977F42329,He has a habit of seeing potential where others see trouble. 
Verbals/VC_VerbalsNPC_Librarian,A3311A9A4E914468F807F3B2A4199F01_cue_5,He's one himself.
Verbals/VC_VerbalsNPC_Librarian,D460EABC4FEFD0F21713A3B2E4AC3B93_cue_2,Hellgrowth they call it.
Verbals/VC_VerbalsNPC_Librarian,E0C3A39448EDFDFE12949DA94F2AEEAB_cue_2,Hellgrowth.
Verbals/VC_VerbalsNPC_Librarian,CEF1EC2F45C7785B629469836152B311_cue_6,"Helpless and outnumbered against an army of dead,"
Verbals/VC_VerbalsNPC_Librarian,19DEE4FC4F40D1910951ED80FA521433,Here for a book?
Verbals/VC_VerbalsNPC_Librarian,06BF55BD4DB4C019E94F98BF706346D7,Here to read?
Verbals/VC_VerbalsNPC_Librarian,01F578E84E1D351C6723DCBA1901CC13_cue_6,"Here, get rid of it for me, will you?"
Verbals/VC_VerbalsNPC_Librarian,40784DC7424DEA82B06263B46112CE39,"Here, take this."
Verbals/VC_VerbalsNPC_Librarian,CDF5B7074EE45955115F1FBD0EB8F99A,"Here. For your trouble, knight."
Verbals/VC_VerbalsNPC_Librarian,F661B4EC4EE213BF9F5E69B0695C19D3_cue_0,"Heretics, inquisitors, and frightened citizens"
Verbals/VC_VerbalsNPC_Librarian,F661B4EC4EE213BF9F5E69B0695C19D3,"Heretics, inquisitors, and frightened citizens all saw enemies in the dark."
Verbals/VC_VerbalsNPC_Librarian,F3BBA790453464B152477AB2E2ACE484,His followers gave their eyes for a glimpse at the truth he carried.
Verbals/VC_VerbalsNPC_Librarian,A3311A9A4E914468F807F3B2A4199F01_cue_2,Hm? They killed you?
Verbals/VC_VerbalsNPC_Librarian,F8D78D3A489C72C638DBBABF3B7B5550_cue_1,Hmm... Look around.
Verbals/VC_VerbalsNPC_Librarian,742BD32546045B610B25DDB6E629A65A,Hmm?
Verbals/VC_VerbalsNPC_Librarian,A92A5FAD4F5B09A245FDBD9C60CE2576,Hmm?
Verbals/VC_VerbalsNPC_Librarian,7309BDAE4A8DB7B322E898BE914B9A0B,Hmm? Oh it's you.
Verbals/VC_VerbalsNPC_Librarian,01F578E84E1D351C6723DCBA1901CC13_cue_5,Hmm? Something stuck in the pages.
Verbals/VC_VerbalsNPC_Librarian,3914555D479637A6443912B0F46D378C,Hmmm.
Verbals/VC_VerbalsNPC_Librarian,ADF67E41477129317019FEBC437F79D8_cue_2,Hmmm. Hmmm.
Verbals/VC_VerbalsNPC_Librarian,EFC4ADF34C422F7178DAAFA72E9DD4DE_cue_1,Hold on to that. It keeps you strong.
Verbals/VC_VerbalsNPC_Librarian,15416AA349CC96391F29FE8A2625A037,How goes the war?
Verbals/VC_VerbalsNPC_Librarian,E718C7134D69E49EA5DA6996720DDC08,"However, the authors reference another text."
Verbals/VC_VerbalsNPC_Librarian,08A966034A2C2473DCE2C3B9FF301A03,Hurry along.
Verbals/VC_VerbalsNPC_Librarian,F11353774D4D6592BEC8D79CDA7DE96B,"Hurry back, Nephilim."
Verbals/VC_VerbalsNPC_Librarian,ADF67E41477129317019FEBC437F79D8_cue_4,Hurry get this to Gajov!
Verbals/VC_VerbalsNPC_Librarian,33D5F0AC40E7591DFC7D59B9B6BA2DAD,I believe this text is a stricken record from the Lunitarian Canon.
Verbals/VC_VerbalsNPC_Librarian,D0CFA9B349226B01CD030AAB3DF7D3A4_cue_2,I can create something to hold Gajov over.
Verbals/VC_VerbalsNPC_Librarian,3C9315C349B0E69217F2FEBCB1B1B0C0,I can't read with you watching.
Verbals/VC_VerbalsNPC_Librarian,3FA6A5C4460DC6C41F2762A3787A3978,I fear one day you'll need it.
Verbals/VC_VerbalsNPC_Librarian,ADD212C843356EE4F9CBE487DE05C4A1,"I have a task for you, brute."
Verbals/VC_VerbalsNPC_Librarian,E2E5318F4CAC85AC178B5AB70F5F52F9_cue_2,I hear they're gloriously feral. Is it true?
Verbals/VC_VerbalsNPC_Librarian,005B0CB54EB8E7E73BFDAD8A067CBD1B,I just hope you weren't too late...
Verbals/VC_VerbalsNPC_Librarian,53622E104C46336BA2B032A16AD5A030,I knew you'd return.
Verbals/VC_VerbalsNPC_Librarian,2C0D80B14332F92979E8348079FF719D,I really must get a ladder for these top shelves.
Verbals/VC_VerbalsNPC_Librarian,038F75E3438A80BE8DD12C932C7AB329_cue_2,I remember him a true servant of the church.
Verbals/VC_VerbalsNPC_Librarian,349C2AA449E3FFFD31FBFE8B22A83B50,I see another Abraxas Stone has entered our collection.
Verbals/VC_VerbalsNPC_Librarian,EFC4ADF34C422F7178DAAFA72E9DD4DE_cue_0,"I see the ire in you, Knight."
Verbals/VC_VerbalsNPC_Librarian,EFC4ADF34C422F7178DAAFA72E9DD4DE,"I see the ire in you, Knight. Hold on to that. It keeps you strong."
Verbals/VC_VerbalsNPC_Librarian,CA7480DF4E7726FB41FF0A90C921F832_cue_3,I suggest you bring demon blood.
Verbals/VC_VerbalsNPC_Librarian,E49ADC004B66170B49B1ADAB8938ABE9_cue_1,I was there to witness the first of your kind.
Verbals/VC_VerbalsNPC_Librarian,498F58524440A52C313959A5AF7EDA29,I wonder if they knew what they were truly building.
Verbals/VC_VerbalsNPC_Librarian,0E621B8A48D9AE8A9384DCAFB6016A1B_cue_1,I wonder what secrets are buried beneath the steel mill.
Verbals/VC_VerbalsNPC_Librarian,75B6071E429ADA6D42861498E7B8D9B7,I wonder who benefited most from their confusion.
Verbals/VC_VerbalsNPC_Librarian,2717A964403A5E5549E680ADF1A1C32F_cue_3,I'll help you make sense of the words.
Verbals/VC_VerbalsNPC_Librarian,339AE6514A3755D1813407A82B78F579,I'll help you make sense of the words.
Verbals/VC_VerbalsNPC_Librarian,5D58F5174674A1C1D6AA139787E2A58F,I've been reading our little book.
Verbals/VC_VerbalsNPC_Librarian,4C8AA1254E240D86157C07AA11D1950F,"I've been waiting, Nephilim."
Verbals/VC_VerbalsNPC_Librarian,BB73D2244F770D09F8ADD89B18706EFA,"I've finished my research, Nephilim."
Verbals/VC_VerbalsNPC_Librarian,D460EABC4FEFD0F21713A3B2E4AC3B93_cue_6,"If the Reborn are in Gildenarch,"
Verbals/VC_VerbalsNPC_Librarian,49EAAE68409D8D8E0EB2819A8022D0E1,"If there's nothing else, I have books to read."
Verbals/VC_VerbalsNPC_Librarian,A3311A9A4E914468F807F3B2A4199F01_cue_4,"If you need help with them, see the Blacksmith."
Verbals/VC_VerbalsNPC_Librarian,E2E5318F4CAC85AC178B5AB70F5F52F9_cue_4,"If you need help with them, see the Blacksmith."
Verbals/VC_VerbalsNPC_Librarian,15DCF2154AE9F4B7A6394C804B8B2706_cue_0,"In the lost realm of Akyreon,"
Verbals/VC_VerbalsNPC_Librarian,15DCF2154AE9F4B7A6394C804B8B2706,"In the lost realm of Akyreon, a sibling species to the Angels took material form."
Verbals/VC_VerbalsNPC_Librarian,CA7480DF4E7726FB41FF0A90C921F832_cue_0,In the mean time I need your help.
Verbals/VC_VerbalsNPC_Librarian,CA7480DF4E7726FB41FF0A90C921F832,In the mean time I need your help. You're the only one who can obtain blood but alas you won't find any clean humans in Gildenarch. I suggest you bring demon blood.
Verbals/VC_VerbalsNPC_Librarian,410E2F0C439C66FB6032CBBA9AEB7F1C,"In truth, he was a disciple of Cain."
Verbals/VC_VerbalsNPC_Librarian,BC342C9149ABB58D3A78D4AA8D4962A3_cue_0,"Industrialist, philantropist, man of faith..."
Verbals/VC_VerbalsNPC_Librarian,BC342C9149ABB58D3A78D4AA8D4962A3,"Industrialist, philantropist, man of faith... all convenient disguises."
Verbals/VC_VerbalsNPC_Librarian,E77B5B8C441141F2D289AFB0B83224B8_cue_4,"Ironic, that's also how he met his end."
Verbals/VC_VerbalsNPC_Librarian,F861CD5F4AFE19072E4A6AB9578928E9,Is that you?
Verbals/VC_VerbalsNPC_Librarian,2066D2CC47768237576FAAAF37C3E281_cue_2,It seems Gajov's supply of blood has gone missing.
Verbals/VC_VerbalsNPC_Librarian,97F63E714BDA4FEA772C238FF628D6EE,It seems even the divine may answer to something greater.
Verbals/VC_VerbalsNPC_Librarian,252B3B344360EAEBF9A7DDADA53BA343_cue_0,It seems the Dry Rot King 
Verbals/VC_VerbalsNPC_Librarian,252B3B344360EAEBF9A7DDADA53BA343,It seems the Dry Rot King was not always the creature you encountered.
Verbals/VC_VerbalsNPC_Librarian,9BB830FA41C003F986CF91AF4094D90C_cue_0,It tells of a figure 
Verbals/VC_VerbalsNPC_Librarian,9BB830FA41C003F986CF91AF4094D90C,It tells of a figure destined to bring about the end of the Lunitarian faith.
Verbals/VC_VerbalsNPC_Librarian,D517FD92462F0E53E46BC7A4E5BD1841,It was Gallant who chose mercy over judgement.
Verbals/VC_VerbalsNPC_Librarian,8F739B1A4A977BED00E8DA9FE20D684C,It was from there that the demon general prepared for war.
Verbals/VC_VerbalsNPC_Librarian,43F5BE5F4337CED6044F28AA86E7064C_cue_3,"It was there the Church first arrived,"
Verbals/VC_VerbalsNPC_Librarian,2066D2CC47768237576FAAAF37C3E281_cue_1,Its a delicate matter.
Verbals/VC_VerbalsNPC_Librarian,1A2A2F4C499C6C0EEE924480EA99DB63_cue_1,Its good to know there's at least 
Verbals/VC_VerbalsNPC_Librarian,F8D78D3A489C72C638DBBABF3B7B5550_cue_3,Just search the dungeons for...
Verbals/VC_VerbalsNPC_Librarian,2066D2CC47768237576FAAAF37C3E281_cue_0,Knight I have of you.
Verbals/VC_VerbalsNPC_Librarian,2066D2CC47768237576FAAAF37C3E281,Knight I have of you. Its a delicate matter.  It seems Gajov's supply of blood has gone missing. The Church is unwilling to help so I am forced to send word in search of donors.
Verbals/VC_VerbalsNPC_Librarian,B7B541164C009222D5E3809BFFC3EF12,"Knight, if you have a moment."
Verbals/VC_VerbalsNPC_Librarian,14D5DF6A41EBBF8EE676FBB6A2E4A0F1,"Knight, listen to this:"
Verbals/VC_VerbalsNPC_Librarian,72E0BF4740D1F603A01EA2A44E9681A4,"Knight, what bringith?"
Verbals/VC_VerbalsNPC_Librarian,40CFA5F74F5D32EC9C80D9928D223E46,Knight.
Verbals/VC_VerbalsNPC_Librarian,9F88C302435E72315B3C0793E077635A,Knight.
Verbals/VC_VerbalsNPC_Librarian,A4763FE44EA0D9ADEE0F92BE044224BD,Knight. What is that you found?
Verbals/VC_VerbalsNPC_Librarian,C0B8243A4DB78B3FB9A4CE862A947018,Leave now.
Verbals/VC_VerbalsNPC_Librarian,C7C855BB44F899EEAA39008849F87595,Letters from Elk Grove Academy.
Verbals/VC_VerbalsNPC_Librarian,BF3D24944B117B0EEA6A5485EEF195E6_cue_1,"Like Nephilim,"
Verbals/VC_VerbalsNPC_Librarian,CEF1EC2F45C7785B629469836152B311_cue_3,"Long ago, we lived under a Golden Age."
Verbals/VC_VerbalsNPC_Librarian,E9FAF54842EDCB06E5C8658AEEEB6EE4,Lotte. One of the most wanted thieves in Eden.
Verbals/VC_VerbalsNPC_Librarian,2E766135410F3B2FE54BA098AA8290EA,"Lunarin put an end to that, and made him what he is now."
Verbals/VC_VerbalsNPC_Librarian,038F75E3438A80BE8DD12C932C7AB329_cue_0,Mathias...
Verbals/VC_VerbalsNPC_Librarian,038F75E3438A80BE8DD12C932C7AB329,"Mathias... so this is what became of our great cardinal. I remember him a true servant of the church. To think... a vampire. This one may not be so easy, knight. Prepare for the challenge ahead."
Verbals/VC_VerbalsNPC_Librarian,D6B8C63642C353A296E13099C6C502EF,My private collection!
Verbals/VC_VerbalsNPC_Librarian,4F1463664B35E5195CE85590E28C1B06,"Nephilim, here for another story?"
Verbals/VC_VerbalsNPC_Librarian,E77B5B8C441141F2D289AFB0B83224B8_cue_0,"Nephilim, this book tells the story of a great knight."
Verbals/VC_VerbalsNPC_Librarian,E77B5B8C441141F2D289AFB0B83224B8,"Nephilim, this book tells the story of a great knight. You would have liked him. A real brute with a mace. Absolutely loved smashing. Ironic, that's also how he met his end."
Verbals/VC_VerbalsNPC_Librarian,A7175EC34B92E1568557FE84E8791EDC,"Nephilim, you're back."
Verbals/VC_VerbalsNPC_Librarian,499CAC604CC511AA16C7528CC8CD2F4B,"Nephilim, you're here."
Verbals/VC_VerbalsNPC_Librarian,0C41AC1C4D6029D07A2EB3A95FD7D76B,Nephilim.
Verbals/VC_VerbalsNPC_Librarian,8E3CA5634EF7D68A4D0B739A312CA1EB,Nephilim.
Verbals/VC_VerbalsNPC_Librarian,CB520E084170E4EEADFEBC855A910175,Nephilim.
Verbals/VC_VerbalsNPC_Librarian,52EA548B4DE35AD26A393693AE437437,News from the field?
Verbals/VC_VerbalsNPC_Librarian,01F578E84E1D351C6723DCBA1901CC13_cue_2,No this won't change the war.
Verbals/VC_VerbalsNPC_Librarian,3CD6C43C453A20FBB9CDF9B1784A9894,"No. I believe that figure, Nephilim, was you."
Verbals/VC_VerbalsNPC_Librarian,1C1610C443D1121A961A4DAE8DE442DA,"Not gods, but servants of something called ""The Throne."""
Verbals/VC_VerbalsNPC_Librarian,98FAF5E046C34B0F3FB95FA1CD1776C4,Now only rot remains.
Verbals/VC_VerbalsNPC_Librarian,40B05C064F8EC7BCB9B7F9B1277D647E,Now where did I leave that... hmm...
Verbals/VC_VerbalsNPC_Librarian,31B39ABB4958C977A5C56AA582797E74,Off with you.
Verbals/VC_VerbalsNPC_Librarian,9BDBC16B44CE7D739A24B99F87470802,"Oh good, you're here."
Verbals/VC_VerbalsNPC_Librarian,0E78DDA942797D0CE25C7FB8F4880D68,Oh.
Verbals/VC_VerbalsNPC_Librarian,8ECC53804791CA90304881B6F3FCAFED,Oh.
Verbals/VC_VerbalsNPC_Librarian,906E57694F5E4A55050FBB9A6455DB22,"Oh. Dear, Gajov."
Verbals/VC_VerbalsNPC_Librarian,6E6916DF4D1376EE24FECFB38BD758AC_cue_3,Oh. Of course it's very sad what happened
Verbals/VC_VerbalsNPC_Librarian,D0CFA9B349226B01CD030AAB3DF7D3A4_cue_0,"Once you have it,"
Verbals/VC_VerbalsNPC_Librarian,D0CFA9B349226B01CD030AAB3DF7D3A4,"Once you have it, find some holy water and bring them to me. I can create something to hold Gajov over."
Verbals/VC_VerbalsNPC_Librarian,6494E72C48F6E49B63864690438BCD02,One in the Cathedral. One in the Crypt.
Verbals/VC_VerbalsNPC_Librarian,AF64090E48C12C92B0D8FAA677829809,One in the Cathedral. One in the Crypt.
Verbals/VC_VerbalsNPC_Librarian,B5BE93924BFCCBA4238AA8AF774E2ACA_cue_4,Only the Nachtstahl Steel Mill returned industry 
Verbals/VC_VerbalsNPC_Librarian,DC4CE9FC4377E103D28E3CA07670DE74,Or Cain.
Verbals/VC_VerbalsNPC_Librarian,FC11B97046289FFD3153D6BD7894B4BC,Or any dead god.
Verbals/VC_VerbalsNPC_Librarian,D460EABC4FEFD0F21713A3B2E4AC3B93_cue_5,Or so I've heard.
Verbals/VC_VerbalsNPC_Librarian,9E40F5094F7FDCEEE48A30BA19E8C20C,"Or, could there be a hidden meaning?"
Verbals/VC_VerbalsNPC_Librarian,CEF1EC2F45C7785B629469836152B311_cue_14,Others say 'tis an omen. A red hue of apocalypse.
Verbals/VC_VerbalsNPC_Librarian,BD4F3740438AA6C8B6D8F4B33FBDBE88,Out with it.
Verbals/VC_VerbalsNPC_Librarian,6E6916DF4D1376EE24FECFB38BD758AC_cue_7,Perhaps you can be of use.
Verbals/VC_VerbalsNPC_Librarian,F00D94DF4E4F82F34DE34C8BF82E2A6A,"Prepare Knight, he is far older and more powerful than the others."
Verbals/VC_VerbalsNPC_Librarian,038F75E3438A80BE8DD12C932C7AB329_cue_5,Prepare for the challenge ahead.
Verbals/VC_VerbalsNPC_Librarian,5D1BE89647BDC57075B366B973D16DD4,"Put those back when you're done, dear."
Verbals/VC_VerbalsNPC_Librarian,30AC430D4C23E98E3AA08D9218E35326,Puzzling.
Verbals/VC_VerbalsNPC_Librarian,C9F99AD64517AE2822A33EB46798179E,Quickly now.
Verbals/VC_VerbalsNPC_Librarian,1BD9C31348E5A442C5C1069D750FCA9E,Ramshorn Keep was once a bastion of Gildenarch.
Verbals/VC_VerbalsNPC_Librarian,79F5A3254E2775895FFAB9926A98819A_cue_1,Remarkable.
Verbals/VC_VerbalsNPC_Librarian,47E23701476D201598B524B07A655434,"Sadly, the surviving pages offer little more."
Verbals/VC_VerbalsNPC_Librarian,CEF1EC2F45C7785B629469836152B311_cue_0,Shall I tell you the story of the Crimson Moon?
Verbals/VC_VerbalsNPC_Librarian,CEF1EC2F45C7785B629469836152B311,"Shall I tell you the story of the Crimson Moon? Yes, you Nephilim love this story. Your story. Long ago, we lived under a Golden Age. An age that ended when fell Lord Cain rose against the church. Helpless and outnumbered against an army of dead, the church made you: Nephilim. With divine grace and angelic fury, you razed the dead and ended Cain's crusade. That's when it happened. A new age born under the light of a Crimson Moon. Some say it brought strange blessings: extended life and harvests that bloom. Others say 'tis an omen. A red hue of apocalypse. That's how the story goes. The namesake of your Order. The story of the Crimson Moon."
Verbals/VC_VerbalsNPC_Librarian,153217824DC459E8A95642906B142300_cue_0,"Should you find any old notes or records of the past,"
Verbals/VC_VerbalsNPC_Librarian,2717A964403A5E5549E680ADF1A1C32F_cue_1,"Should you find any old notes or records of the past,"
Verbals/VC_VerbalsNPC_Librarian,153217824DC459E8A95642906B142300,"Should you find any old notes or records of the past, bring them here."
Verbals/VC_VerbalsNPC_Librarian,6E6916DF4D1376EE24FECFB38BD758AC_cue_12,"Should you find anything of note, bring it here."
Verbals/VC_VerbalsNPC_Librarian,79F5A3254E2775895FFAB9926A98819A_cue_8,"Should you find anything of note, bring it here."
Verbals/VC_VerbalsNPC_Librarian,AA2312CB442D6B527E4E3391BEFB5DD5,Shouldn't you be in the field?
Verbals/VC_VerbalsNPC_Librarian,850CDCCA4D5F78DAF3FCB7863186F5B4,So much for peace and quiet.
Verbals/VC_VerbalsNPC_Librarian,DCC3D6954CFCA9EDE51D7ABC235F7AC9,So you've retrieved the Stone of Rot.
Verbals/VC_VerbalsNPC_Librarian,56BEC4ED42A8D88EEABEF9898FC7FB29,Solomon's Gala marked the beginning of the Hellgrowth's outbreak.
Verbals/VC_VerbalsNPC_Librarian,79F5A3254E2775895FFAB9926A98819A_cue_3,Some of the old texts would call it a sign.
Verbals/VC_VerbalsNPC_Librarian,CEF1EC2F45C7785B629469836152B311_cue_12,Some say it brought strange blessings:
Verbals/VC_VerbalsNPC_Librarian,6E6916DF4D1376EE24FECFB38BD758AC_cue_11,Something only a proper scholar could deduce.
Verbals/VC_VerbalsNPC_Librarian,6248E64B4A8524F1D3686C988852044A,Speak.
Verbals/VC_VerbalsNPC_Librarian,A3311A9A4E914468F807F3B2A4199F01_cue_6,Tell him I sent ye. Not that he likes me.
Verbals/VC_VerbalsNPC_Librarian,B9B118C241FE33CC0FA227A3C72A22EE,Tell me what you've seen.
Verbals/VC_VerbalsNPC_Librarian,A3311A9A4E914468F807F3B2A4199F01_cue_3,Terribly sorry dear. Sorry indeed.
Verbals/VC_VerbalsNPC_Librarian,A26E3EED4B591EF661EA4FB2A522F502_cue_0,That leaves one:
Verbals/VC_VerbalsNPC_Librarian,A26E3EED4B591EF661EA4FB2A522F502,"That leaves one: Aegoroth, Eye of the Abyss, god of forbidden knowledge."
Verbals/VC_VerbalsNPC_Librarian,6E6916DF4D1376EE24FECFB38BD758AC_cue_5,That tower... it siphoned the souls of all the living.
Verbals/VC_VerbalsNPC_Librarian,822F37E74533CF46623F61959507A81B,"That you, child?"
Verbals/VC_VerbalsNPC_Librarian,CEF1EC2F45C7785B629469836152B311_cue_15,That's how the story goes.
Verbals/VC_VerbalsNPC_Librarian,CEF1EC2F45C7785B629469836152B311_cue_10,That's when it happened.
Verbals/VC_VerbalsNPC_Librarian,17A5C90C49B070C760A0A29F61B0F8C1,The Chronicles of Gallant the Brave. A tired old tome.
Verbals/VC_VerbalsNPC_Librarian,CED615B24431A0A45473E3BEBDD57C9A,The Church feared the Nephilim almost as much as it feared Cain.
Verbals/VC_VerbalsNPC_Librarian,0F9814C94B7259CD78A147929CCFA20A,The Church funded the Godsreach Spire by request of Solomon.
Verbals/VC_VerbalsNPC_Librarian,91D2AE634A908DA1D37F718341BA42D1_cue_0,"The Church hunted him as a monster,"
Verbals/VC_VerbalsNPC_Librarian,91D2AE634A908DA1D37F718341BA42D1,"The Church hunted him as a monster, though it played no small part in creating him."
Verbals/VC_VerbalsNPC_Librarian,2066D2CC47768237576FAAAF37C3E281_cue_3,The Church is unwilling to help
Verbals/VC_VerbalsNPC_Librarian,9B2222CF4A7F7FCCFC78599FD4BB67E1,The Church wanted him imprisoned.
Verbals/VC_VerbalsNPC_Librarian,27A8EAAA43CFD721004343A1F90F4CB1,The Crimson Concordat ensured neither would ever rule unchecked.
Verbals/VC_VerbalsNPC_Librarian,A5076DE040E7E82DE29D36B3A81F6B75,The Godsreach Spire... who awaits us there?
Verbals/VC_VerbalsNPC_Librarian,794F411946E615E1571E07BA90C815EC,The Knight Gallant Alexander.
Verbals/VC_VerbalsNPC_Librarian,A9C109604EB77CE1D1A520AC90D491E7,The Lord of Perdition was once known as the God of War.
Verbals/VC_VerbalsNPC_Librarian,A5CEBA0B4222097B9611DA8F1E4E3D52,The Lunitarian faithful once fought a bitter war amongst themselves.
Verbals/VC_VerbalsNPC_Librarian,658D0B154DE07B06291870955127FA32,The Marauder's Almanac... this should be in the archives.
Verbals/VC_VerbalsNPC_Librarian,53498A9F4629D055A0287C8C01876A23,The Order was his answer to that injustice.
Verbals/VC_VerbalsNPC_Librarian,729B69A74AEBB31F70CC8D95A2BEB9AF_cue_0,The Reborn transformed it 
Verbals/VC_VerbalsNPC_Librarian,729B69A74AEBB31F70CC8D95A2BEB9AF,The Reborn transformed it into a staging ground for the Infernal Legion.
Verbals/VC_VerbalsNPC_Librarian,E0C3A39448EDFDFE12949DA94F2AEEAB_cue_0,The Reborn.
Verbals/VC_VerbalsNPC_Librarian,D460EABC4FEFD0F21713A3B2E4AC3B93_cue_1,The Reborn. Fools who worship malignant flora.
Verbals/VC_VerbalsNPC_Librarian,E0C3A39448EDFDFE12949DA94F2AEEAB,The Reborn. Fools who worship malignant flora. Hellgrowth.
Verbals/VC_VerbalsNPC_Librarian,3C042EBE4A37D0D76FEC1089DAD68DE7,The cipher! You found it.
Verbals/VC_VerbalsNPC_Librarian,DA8E64704C809C3EA9174A89EC59D742_cue_0,The city's brightest minds never realized
Verbals/VC_VerbalsNPC_Librarian,DA8E64704C809C3EA9174A89EC59D742,The city's brightest minds never realized they would be the first sacrifice.
Verbals/VC_VerbalsNPC_Librarian,79F5A3254E2775895FFAB9926A98819A_cue_4,The dead gods stirring again...
Verbals/VC_VerbalsNPC_Librarian,A08FBE0747B6897500FAC8B63287D6D5,The end times... fascinating
Verbals/VC_VerbalsNPC_Librarian,A1E9CEE949AE46E7536713A78957B659_cue_0,The figure foretold to end the Lunitarian world order 
Verbals/VC_VerbalsNPC_Librarian,A1E9CEE949AE46E7536713A78957B659,The figure foretold to end the Lunitarian world order was never Gallant.
Verbals/VC_VerbalsNPC_Librarian,A9A21BB84F081DD9AA429BA10C5FC5C9,The first Nephilim was nearly executed by the very Church he saved.
Verbals/VC_VerbalsNPC_Librarian,CEF1EC2F45C7785B629469836152B311_cue_16,The namesake of your Order.
Verbals/VC_VerbalsNPC_Librarian,043C24724917199D72051693B54DDFAE,The old gods of Gildenarch...
Verbals/VC_VerbalsNPC_Librarian,43F5BE5F4337CED6044F28AA86E7064C_cue_1,"The oldest quarter of Gildeus,"
Verbals/VC_VerbalsNPC_Librarian,F00C04644A56DE1B5BD53B9915A210BC,The scripture claims a fallen order. But which one?
Verbals/VC_VerbalsNPC_Librarian,EF81B24047E9CB62D21A9C96722027EB,The story is finally clear.
Verbals/VC_VerbalsNPC_Librarian,CEF1EC2F45C7785B629469836152B311_cue_17,The story of the Crimson Moon.
Verbals/VC_VerbalsNPC_Librarian,5F0ABE134F1E91F0D755EF9D2DF831FC,The text reads:
Verbals/VC_VerbalsNPC_Librarian,1E2AD34144E18215A4862DAAF754FDDC,Their descendants are the demons we face today.
Verbals/VC_VerbalsNPC_Librarian,99B2E25041DA90BC3926C282906D5357,"Then it's true. E'frae, The Dry Rot King, is no more."
Verbals/VC_VerbalsNPC_Librarian,B7276649477FB37570A147BDD7682EC2,"Then the Academy to unlock the script."""
Verbals/VC_VerbalsNPC_Librarian,D54C88A3498B3F3E52558B9165EB49F0,"Then the Academy to unlock the script."""
Verbals/VC_VerbalsNPC_Librarian,79F5A3254E2775895FFAB9926A98819A_cue_7,There is more to this story.
Verbals/VC_VerbalsNPC_Librarian,34DC85054779D7404FFAEBA7580724E0,"There is much to unpack here, Nephilim."
Verbals/VC_VerbalsNPC_Librarian,1290D2E84A9E9FBFC325FA8A2E2CCCCC,There you are.
Verbals/VC_VerbalsNPC_Librarian,6E6916DF4D1376EE24FECFB38BD758AC_cue_10,There's more to this story.
Verbals/VC_VerbalsNPC_Librarian,9B0AE93B41DEAFE7EAD82187B368CFC0,These letters tell a tale of madness in the Forsaken Streets.
Verbals/VC_VerbalsNPC_Librarian,ED0F190D4753B54CF67A0E9D96C675BB,These notes concern Shoreditch prison.
Verbals/VC_VerbalsNPC_Librarian,D77384A849BD9D6DCEB88E85DCF8D309,These notes concern... me.
Verbals/VC_VerbalsNPC_Librarian,FC4A8AB74CCA0179CA306B8792EF822B,These notes tell the story of Mahkteah before his fall.
Verbals/VC_VerbalsNPC_Librarian,2E25470C458D37DB9D39978B97190704,"These notes you found, they speak of a cult."
Verbals/VC_VerbalsNPC_Librarian,D460EABC4FEFD0F21713A3B2E4AC3B93_cue_0,"These notes you found, they speak of a cult."
Verbals/VC_VerbalsNPC_Librarian,D460EABC4FEFD0F21713A3B2E4AC3B93,"These notes you found, they speak of a cult. The Reborn. Fools who worship malignant flora. Hellgrowth they call it. They tend the red flowers and fertilize with the dead. For the final bloom, they give themselves. Or so I've heard. If the Reborn are in Gildenarch, that explains the Hellgrowth, but... what business does the cult have here?"
Verbals/VC_VerbalsNPC_Librarian,FBD2AC3240B14217B225F19AEB5F448C,These records paint Solomon in a different light.
Verbals/VC_VerbalsNPC_Librarian,5706C3D246520E94ED2EB2827829FDF2,These records predate the modern Church.
Verbals/VC_VerbalsNPC_Librarian,0ABE0E284EAC42A44DCDF3AE578598C2,These writings concern the Angels.
Verbals/VC_VerbalsNPC_Librarian,6E6916DF4D1376EE24FECFB38BD758AC_cue_8,"They say the church knew nothing about that tower,"
Verbals/VC_VerbalsNPC_Librarian,2D6CF50042BF5E591E0750BA07EAB7EA,They tend the crimson flowers. Fertilize with the dead.
Verbals/VC_VerbalsNPC_Librarian,D460EABC4FEFD0F21713A3B2E4AC3B93_cue_3,They tend the red flowers and fertilize with the dead.
Verbals/VC_VerbalsNPC_Librarian,AFACCAFC4A550A366B64B7BE43E39B0C_cue_1,"This 'philanthropist' had his hands in everything, it seems."
Verbals/VC_VerbalsNPC_Librarian,88F1F74A4FE3A6E53FE38DA5B97A0C00,This is troubling... a dog-eared page.
Verbals/VC_VerbalsNPC_Librarian,2717A964403A5E5549E680ADF1A1C32F_cue_0,"This land is full of secrets, written in fading hands."
Verbals/VC_VerbalsNPC_Librarian,2717A964403A5E5549E680ADF1A1C32F,"This land is full of secrets, written in fading hands. Should you find any old notes or records of the past, bring them here. 
I'll help you make sense of the words."
Verbals/VC_VerbalsNPC_Librarian,3B448C8B486BB4D71F5DBCBB79CE681E,This land is full of secrets.
Verbals/VC_VerbalsNPC_Librarian,038F75E3438A80BE8DD12C932C7AB329_cue_4,"This one may not be so easy, knight."
Verbals/VC_VerbalsNPC_Librarian,20806E914E47972256A3E8B18B09704E_cue_4,This reads:
Verbals/VC_VerbalsNPC_Librarian,ADF67E41477129317019FEBC437F79D8_cue_1,This will do.
Verbals/VC_VerbalsNPC_Librarian,54D58ABB40BF68A1231053A97353D381,"Those are tomes, not a sparing dummy!"
Verbals/VC_VerbalsNPC_Librarian,1A2A2F4C499C6C0EEE924480EA99DB63_cue_3,Those monks have been getting bolder over the years.
Verbals/VC_VerbalsNPC_Librarian,B30942C14CAFA0E20428F69A55871CE8,Those were arranged methodically!
Verbals/VC_VerbalsNPC_Librarian,43F5BE5F4337CED6044F28AA86E7064C_cue_5,Though these records suggest their purpose may have been...
Verbals/VC_VerbalsNPC_Librarian,F49307A54C4E768069A7E9821A7E2D61,Time to start cataloging again.
Verbals/VC_VerbalsNPC_Librarian,E7C6BC1B4C8970E4AAAB2B9BF3631FAD_cue_1,"To Gildenarch with you. Make haste,"
Verbals/VC_VerbalsNPC_Librarian,A3311A9A4E914468F807F3B2A4199F01_cue_1,To think what the world must be like beyond these walls.
Verbals/VC_VerbalsNPC_Librarian,6E6916DF4D1376EE24FECFB38BD758AC_cue_0,"To think, you spend your whole life reading"
Verbals/VC_VerbalsNPC_Librarian,6E6916DF4D1376EE24FECFB38BD758AC,"To think, you spend your whole life reading about apocalyptic events and never do you dream you might get to live during them! Oh. Of course it's very sad what happened to your brothers out there. Very sad indeed. That tower... it siphoned the souls of all the living. Except yours. Remarkable. Perhaps you can be of use. They say the church knew nothing about that tower, yet now they know all about these... stones. There's more to this story. Something only a proper scholar could deduce. Should you find anything of note, bring it here."
Verbals/VC_VerbalsNPC_Librarian,038F75E3438A80BE8DD12C932C7AB329_cue_3,To think... a vampire.
Verbals/VC_VerbalsNPC_Librarian,999BCA304864CB66C795E9B24B3B9698,"To war, dog."
Verbals/VC_VerbalsNPC_Librarian,20806E914E47972256A3E8B18B09704E_cue_3,"Truth be told, little is known about Cain's forces."
Verbals/VC_VerbalsNPC_Librarian,675F5883443ED50CD695F49F12FA3D01,Until we meet again.
Verbals/VC_VerbalsNPC_Librarian,99C2942349316818E06F24B34EF439B7_cue_0,"Valahk-Nor made it a place of sacrifice,"
Verbals/VC_VerbalsNPC_Librarian,99C2942349316818E06F24B34EF439B7,"Valahk-Nor made it a place of sacrifice, experimentation, and summoning."
Verbals/VC_VerbalsNPC_Librarian,BF3D24944B117B0EEA6A5485EEF195E6_cue_0,Vampires. Quite feral. But not all.
Verbals/VC_VerbalsNPC_Librarian,BF3D24944B117B0EEA6A5485EEF195E6,"Vampires. Quite feral. But not all. Like Nephilim, there's rumor of a way to control the ferocity. A way to stop the madness... But alas, that's where the ink runs dry."
Verbals/VC_VerbalsNPC_Librarian,01F578E84E1D351C6723DCBA1901CC13_cue_4,"Very rare. Very rare, indeed."
Verbals/VC_VerbalsNPC_Librarian,E7C6BC1B4C8970E4AAAB2B9BF3631FAD_cue_0,"We need more information, knight."
Verbals/VC_VerbalsNPC_Librarian,E7C6BC1B4C8970E4AAAB2B9BF3631FAD,"We need more information, knight. To Gildenarch with you. Make haste, 'fore all is lost."
Verbals/VC_VerbalsNPC_Librarian,B72553184C4F314BA635F1A37C26D82F,"We need that cipher, knight."
Verbals/VC_VerbalsNPC_Librarian,1A2415F142FA57F21006D48A618E95F5,"Welcome back, knight."
Verbals/VC_VerbalsNPC_Librarian,0964E16A46BEAC91EF9A01BE6E0EE334,"Welcome home, child."
Verbals/VC_VerbalsNPC_Librarian,52475A52417725B782AA418B1438AD75,"Welcome, child."
Verbals/VC_VerbalsNPC_Librarian,1A2A2F4C499C6C0EEE924480EA99DB63_cue_0,Well done dear.
Verbals/VC_VerbalsNPC_Librarian,1A2A2F4C499C6C0EEE924480EA99DB63,Well done dear. Its good to know there's at least someone we can trust in these halls. Those monks have been getting bolder over the years. Anyways take this for your trouble.
Verbals/VC_VerbalsNPC_Librarian,20806E914E47972256A3E8B18B09704E_cue_0,What am I reading?
Verbals/VC_VerbalsNPC_Librarian,20806E914E47972256A3E8B18B09704E,"What am I reading? You're curious for a Nephilim. 'Tis a story about the Infernal Legion. Myth mainly. Truth be told, little is known about Cain's forces. This reads: ""an army of undead, demons, and vampires washed the streets with a river of blood."" Bit melodramatic if you ask me. As I recall Cain lost that war. Yes, his little ""Rite of Desolation"". Pft."
Verbals/VC_VerbalsNPC_Librarian,E2E5318F4CAC85AC178B5AB70F5F52F9_cue_1,What are they like? Do they bite?
Verbals/VC_VerbalsNPC_Librarian,61952F6541145879AF1DE08C3C7151CA,What does the church want with these Abraxas Stones?
Verbals/VC_VerbalsNPC_Librarian,79F5A3254E2775895FFAB9926A98819A_cue_2,"What happened in Gildenarch, it's not natural."
Verbals/VC_VerbalsNPC_Librarian,DD64E08A4666BADE8644BA9281586776,What have you learned?
Verbals/VC_VerbalsNPC_Librarian,BBBBA70147FC20C4713402B4D2817898,"What is it, knight."
Verbals/VC_VerbalsNPC_Librarian,3EBA051346C5248C3D20418266DAF1F3,What is it?
Verbals/VC_VerbalsNPC_Librarian,67FBD6174A07AED6FFF970B3D5249F6F,What secrets do you hold?
Verbals/VC_VerbalsNPC_Librarian,595A132148B11DC19F9EC5BD3586DA7E,What troubles you?
Verbals/VC_VerbalsNPC_Librarian,AFACCAFC4A550A366B64B7BE43E39B0C_cue_2,What was he really after?
Verbals/VC_VerbalsNPC_Librarian,D64450254D8E94E456DCCAB386084B36,What?
Verbals/VC_VerbalsNPC_Librarian,6306E3884C83A06F43CD90BF659BB812_cue_1,When I was still mortal.
Verbals/VC_VerbalsNPC_Librarian,3B407F9F456914A7BCEEE78E528CFD5B,"Where have you been, knight?"
Verbals/VC_VerbalsNPC_Librarian,79F5A3254E2775895FFAB9926A98819A_cue_6,Why not before?
Verbals/VC_VerbalsNPC_Librarian,CEF1EC2F45C7785B629469836152B311_cue_8,"With divine grace and angelic fury,"
Verbals/VC_VerbalsNPC_Librarian,6306E3884C83A06F43CD90BF659BB812_cue_0,Written over one hundred years ago.
Verbals/VC_VerbalsNPC_Librarian,6306E3884C83A06F43CD90BF659BB812,Written over one hundred years ago. When I was still mortal. 
Verbals/VC_VerbalsNPC_Librarian,ADF67E41477129317019FEBC437F79D8_cue_3,Yes alright this should suffice.
Verbals/VC_VerbalsNPC_Librarian,20806E914E47972256A3E8B18B09704E_cue_9,"Yes, his little ""Rite of Desolation"". Pft."
Verbals/VC_VerbalsNPC_Librarian,11A5900649F362A3A5256FB649643433,"Yes, just like the old days--the true war is yet to begin."
Verbals/VC_VerbalsNPC_Librarian,AFC56AD643691C3AFFB49E9F1C4A62FD,"Yes, knight?"
Verbals/VC_VerbalsNPC_Librarian,CEF1EC2F45C7785B629469836152B311_cue_1,"Yes, you Nephilim love this story."
Verbals/VC_VerbalsNPC_Librarian,81E06C9641A026865991649ECEEB3579,Yes?
Verbals/VC_VerbalsNPC_Librarian,1985B5B74A08EE2567F0A4814526C3CA,You again.
Verbals/VC_VerbalsNPC_Librarian,2103E0C94AF78F51F12E5C91A2FD8A52,You again.
Verbals/VC_VerbalsNPC_Librarian,AFACCAFC4A550A366B64B7BE43E39B0C_cue_0,You bring more letters from Solomon Moore.
Verbals/VC_VerbalsNPC_Librarian,AFACCAFC4A550A366B64B7BE43E39B0C,"You bring more letters from Solomon Moore. This 'philanthropist' had his hands in everything, it seems. What was he really after?"
Verbals/VC_VerbalsNPC_Librarian,346CD81A4AFA21D684733B8EB107C714,You brute.
Verbals/VC_VerbalsNPC_Librarian,01F578E84E1D351C6723DCBA1901CC13_cue_0,"You found it! Quick, quick give it here."
Verbals/VC_VerbalsNPC_Librarian,01F578E84E1D351C6723DCBA1901CC13,"You found it! Quick, quick give it here. Ahh, The Lost Epistles of the Grey Prophet. Hmm. No this won't change the war. But look, a misprint on the cover. Very rare. Very rare, indeed. Hmm? Something stuck in the pages. Here, get rid of it for me, will you?"
Verbals/VC_VerbalsNPC_Librarian,E2E5318F4CAC85AC178B5AB70F5F52F9_cue_5,You know he's one himself.
Verbals/VC_VerbalsNPC_Librarian,5B608287452F4A1864F8379352585F41,You may go.
Verbals/VC_VerbalsNPC_Librarian,6DC8BB3C455EA4E1DFD8B28747724815,You may leave now.
Verbals/VC_VerbalsNPC_Librarian,79F5A3254E2775895FFAB9926A98819A_cue_9,You may prove useful.
Verbals/VC_VerbalsNPC_Librarian,A3311A9A4E914468F807F3B2A4199F01_cue_0,You saw vampires!?
Verbals/VC_VerbalsNPC_Librarian,A3311A9A4E914468F807F3B2A4199F01,"You saw vampires!? To think what the world must be like beyond these walls. Hm? They killed you? Terribly sorry dear. Sorry indeed. If you need help with them, see the Blacksmith. He's one himself. Tell him I sent ye. Not that he likes me."
Verbals/VC_VerbalsNPC_Librarian,E2E5318F4CAC85AC178B5AB70F5F52F9_cue_0,You saw vampires?
Verbals/VC_VerbalsNPC_Librarian,E2E5318F4CAC85AC178B5AB70F5F52F9,"You saw vampires? What are they like? Do they bite? I hear they're gloriously feral. Is it true? ...Killed you? Terribly sorry dear. Sorry indeed. If you need help with them, see the Blacksmith. You know he's one himself. Explains his attitude."
Verbals/VC_VerbalsNPC_Librarian,E77B5B8C441141F2D289AFB0B83224B8_cue_1,You would have liked him.
Verbals/VC_VerbalsNPC_Librarian,5B0C6E434E1BA233CC68E3925BBDE647,You're back.
Verbals/VC_VerbalsNPC_Librarian,20806E914E47972256A3E8B18B09704E_cue_1,You're curious for a Nephilim.
Verbals/VC_VerbalsNPC_Librarian,79F5A3254E2775895FFAB9926A98819A_cue_0,You're the one who survived the spire's Soul Siphon.
Verbals/VC_VerbalsNPC_Librarian,79F5A3254E2775895FFAB9926A98819A,"You're the one who survived the spire's Soul Siphon. Remarkable. What happened in Gildenarch, it's not natural. Some of the old texts would call it a sign. The dead gods stirring again... And now the Church speaks of these Abraxas Stones? Why not before? There is more to this story. Should you find anything of note, bring it here. You may prove useful. For a Nephilim."
Verbals/VC_VerbalsNPC_Librarian,CA7480DF4E7726FB41FF0A90C921F832_cue_1,You're the only one who can obtain blood but alas
Verbals/VC_VerbalsNPC_Librarian,C1728197471D58F453ADB9898BBF25AF,"You, leave it here. I shall uncover its secrets."
Verbals/VC_VerbalsNPC_Librarian,CEF1EC2F45C7785B629469836152B311_cue_2,Your story.
Verbals/VC_VerbalsNPC_Librarian,15DCF2154AE9F4B7A6394C804B8B2706_cue_1,a sibling species to the Angels took material form.
Verbals/VC_VerbalsNPC_Librarian,6E6916DF4D1376EE24FECFB38BD758AC_cue_1,about apocalyptic events and never do you dream
Verbals/VC_VerbalsNPC_Librarian,BC342C9149ABB58D3A78D4AA8D4962A3_cue_1,all convenient disguises.
Verbals/VC_VerbalsNPC_Librarian,F661B4EC4EE213BF9F5E69B0695C19D3_cue_1,all saw enemies in the dark.
Verbals/VC_VerbalsNPC_Librarian,B5BE93924BFCCBA4238AA8AF774E2ACA_cue_2,"and the fall of the Velchorian Empire, "
Verbals/VC_VerbalsNPC_Librarian,F8D78D3A489C72C638DBBABF3B7B5550_cue_4,books. Does that help?
Verbals/VC_VerbalsNPC_Librarian,153217824DC459E8A95642906B142300_cue_1,bring them here.
Verbals/VC_VerbalsNPC_Librarian,2717A964403A5E5549E680ADF1A1C32F_cue_2,bring them here.
Verbals/VC_VerbalsNPC_Librarian,43F5BE5F4337CED6044F28AA86E7064C_cue_4,claiming to spread the Lunitarian word...
Verbals/VC_VerbalsNPC_Librarian,9BB830FA41C003F986CF91AF4094D90C_cue_1,destined to bring about the end of the Lunitarian faith.
Verbals/VC_VerbalsNPC_Librarian,99C2942349316818E06F24B34EF439B7_cue_1,"experimentation, and summoning."
Verbals/VC_VerbalsNPC_Librarian,CEF1EC2F45C7785B629469836152B311_cue_13,extended life and harvests that bloom.
Verbals/VC_VerbalsNPC_Librarian,D0CFA9B349226B01CD030AAB3DF7D3A4_cue_1,find some holy water and bring them to me.
Verbals/VC_VerbalsNPC_Librarian,729B69A74AEBB31F70CC8D95A2BEB9AF_cue_1,into a staging ground for the Infernal Legion.
Verbals/VC_VerbalsNPC_Librarian,55F9CD7F4C3BAA167116259AA24C0F85_cue_2,one of the earliest Nephilim.
Verbals/VC_VerbalsNPC_Librarian,CEF1EC2F45C7785B629469836152B311_cue_5,rose against the church.
Verbals/VC_VerbalsNPC_Librarian,43F5BE5F4337CED6044F28AA86E7064C_cue_2,settled long ago along the Aemar River.
Verbals/VC_VerbalsNPC_Librarian,2066D2CC47768237576FAAAF37C3E281_cue_4,so I am forced to send word in search of donors.
Verbals/VC_VerbalsNPC_Librarian,55F9CD7F4C3BAA167116259AA24C0F85_cue_5,so now its yours.
Verbals/VC_VerbalsNPC_Librarian,038F75E3438A80BE8DD12C932C7AB329_cue_1,so this is what became of our great cardinal.
Verbals/VC_VerbalsNPC_Librarian,1A2A2F4C499C6C0EEE924480EA99DB63_cue_2,someone we can trust in these halls.
Verbals/VC_VerbalsNPC_Librarian,43F5BE5F4337CED6044F28AA86E7064C_cue_6,something more.
Verbals/VC_VerbalsNPC_Librarian,D460EABC4FEFD0F21713A3B2E4AC3B93_cue_7,"that explains the Hellgrowth, but..."
Verbals/VC_VerbalsNPC_Librarian,C79F3AAB4B81B38CFD191AB164A0A061_cue_1,the Demons are not so different from the Angels.
Verbals/VC_VerbalsNPC_Librarian,B5BE93924BFCCBA4238AA8AF774E2ACA_cue_6,the beginning of Gildenarch's demise.
Verbals/VC_VerbalsNPC_Librarian,CEF1EC2F45C7785B629469836152B311_cue_7,the church made you: Nephilim.
Verbals/VC_VerbalsNPC_Librarian,B5BE93924BFCCBA4238AA8AF774E2ACA_cue_3,the western enterprises withdrew.  
Verbals/VC_VerbalsNPC_Librarian,BF3D24944B117B0EEA6A5485EEF195E6_cue_2,there's rumor of a way to control the ferocity.
Verbals/VC_VerbalsNPC_Librarian,DA8E64704C809C3EA9174A89EC59D742_cue_1,they would be the first sacrifice.
Verbals/VC_VerbalsNPC_Librarian,91D2AE634A908DA1D37F718341BA42D1_cue_1,though it played no small part in creating him.
Verbals/VC_VerbalsNPC_Librarian,B5BE93924BFCCBA4238AA8AF774E2ACA_cue_5,"to the district. And with it, it seems..."
Verbals/VC_VerbalsNPC_Librarian,6E6916DF4D1376EE24FECFB38BD758AC_cue_4,to your brothers out there. Very sad indeed.
Verbals/VC_VerbalsNPC_Librarian,A1E9CEE949AE46E7536713A78957B659_cue_1,was never Gallant.
Verbals/VC_VerbalsNPC_Librarian,252B3B344360EAEBF9A7DDADA53BA343_cue_1,was not always the creature you encountered.
Verbals/VC_VerbalsNPC_Librarian,20806E914E47972256A3E8B18B09704E_cue_6,"washed the streets with a river of blood."""
Verbals/VC_VerbalsNPC_Librarian,D460EABC4FEFD0F21713A3B2E4AC3B93_cue_8,what business does the cult have here?
Verbals/VC_VerbalsNPC_Librarian,6E6916DF4D1376EE24FECFB38BD758AC_cue_9,yet now they know all about these... stones.
Verbals/VC_VerbalsNPC_Librarian,6E6916DF4D1376EE24FECFB38BD758AC_cue_2,you might get to live during them!
Verbals/VC_VerbalsNPC_Librarian,CEF1EC2F45C7785B629469836152B311_cue_9,you razed the dead and ended Cain's crusade.
Verbals/VC_VerbalsNPC_Librarian,CA7480DF4E7726FB41FF0A90C921F832_cue_2,you won't find any clean humans in Gildenarch.
Verbals/VC_VerbalsNPC_Merchant,B6A0BC404F1A89D2207E9BA115249B8F_cue_1,5 percent discount!
Verbals/VC_VerbalsNPC_Merchant,2627A4524FB76BA1F14A30BFCAD03611_cue_3,A DEAD GOD?
Verbals/VC_VerbalsNPC_Merchant,E0708FE84EA0138B6CE82996DB59FE05_cue_1,A DEAD GOD?
Verbals/VC_VerbalsNPC_Merchant,54723D8C40B98BBEE58176BD60BDC409_cue_1,A god.
Verbals/VC_VerbalsNPC_Merchant,9E8F16C6456E7A7B34991389B6F1CD2F,"A little liquid salvation, that."
Verbals/VC_VerbalsNPC_Merchant,321075D24522E9BC5F8FAC847590938F_cue_4,"A locket with a dame in it,"
Verbals/VC_VerbalsNPC_Merchant,B51D76864B6B7939F4B1F9A08A3C4176,A lovely little piece. Lovely.
Verbals/VC_VerbalsNPC_Merchant,D7FD533A4833AE373C31AEAD5B6334F5,A profit a day keeps the Divine away.
Verbals/VC_VerbalsNPC_Merchant,0F0EC14E464B4AABA8CE8A9C11F199D5_cue_0,"A word,"
Verbals/VC_VerbalsNPC_Merchant,180EC69942CA18369D0FBABF78F5B4B7,"A word, friend — if ya can spare one."
Verbals/VC_VerbalsNPC_Merchant,0F0EC14E464B4AABA8CE8A9C11F199D5,"A word, friend. One more favor — and it's a heavy one. Back in Shoreditch there should be records. Prisoner intake, jailer's books, that sort."
Verbals/VC_VerbalsNPC_Merchant,3154C5C449C55502F1B5428B11FD6B73_cue_1,About time somethin' spooked THEM.
Verbals/VC_VerbalsNPC_Merchant,2627A4524FB76BA1F14A30BFCAD03611_cue_5,Absolutely mental.
Verbals/VC_VerbalsNPC_Merchant,E0708FE84EA0138B6CE82996DB59FE05_cue_5,Absolutely metal.
Verbals/VC_VerbalsNPC_Merchant,F33862FE4D922FE22147D99E6B50E644,"Ah, I liked that?"
Verbals/VC_VerbalsNPC_Merchant,06BDD24849D0555165FD0D9345713C8A,"Ah, my favorite customer. Don't tell the others."
Verbals/VC_VerbalsNPC_Merchant,EBFAF1A345D8511A1BA878A0E5265DCE,"Aha! Excellent taste, friend."
Verbals/VC_VerbalsNPC_Merchant,5E64FC9B406AEB3663A257862D479341_cue_3,Aha! Funny how that works out.
Verbals/VC_VerbalsNPC_Merchant,516DAD62404EDB7CFB9482888844D0C9_cue_0,Ain't no charity 'ere sir.
Verbals/VC_VerbalsNPC_Merchant,516DAD62404EDB7CFB9482888844D0C9,Ain't no charity 'ere sir. We've nuff to worry about without Lotte running out of the good stuff. That won't do. Nope!
Verbals/VC_VerbalsNPC_Merchant,F7CC9FA04A1911ED83A83DAC88D86C1A_cue_1,Ain't that somethin'.
Verbals/VC_VerbalsNPC_Merchant,4B72B33746C58DF4AA8A3DA9B0424BFF_cue_0,Ain’t no charity ‘ere sir.
Verbals/VC_VerbalsNPC_Merchant,4B72B33746C58DF4AA8A3DA9B0424BFF,"Ain’t no charity ‘ere sir. We‘ave nuff to worry about without Lotte running out of the good stuff. That won’t do. Nope! But remember, I AM your friend, and friends look out for one another, ya?"
Verbals/VC_VerbalsNPC_Merchant,77E571CE49B45DCAB0CA7B890C028B8C_cue_1,Aleria's ALIVE.
Verbals/VC_VerbalsNPC_Merchant,77E571CE49B45DCAB0CA7B890C028B8C_cue_0,Aleria's alive.
Verbals/VC_VerbalsNPC_Merchant,77E571CE49B45DCAB0CA7B890C028B8C,"Aleria's alive. Aleria's ALIVE. Ya gave me that, friend. That's a debt ol' Lotte can't repay."
Verbals/VC_VerbalsNPC_Merchant,1C38603F44E018BEF971AE827E281620,"All sales final, friend. Don't come cryin'."
Verbals/VC_VerbalsNPC_Merchant,98B5426C47F83003B96946BEF3E86284_cue_4,"All three,"
Verbals/VC_VerbalsNPC_Merchant,F2660D874D41839A3FD44B86AA3D7A12,Always lookin' for interestin' bits.
Verbals/VC_VerbalsNPC_Merchant,B5309169497035B68B0420B071247F74_cue_5,"And Hux,"
Verbals/VC_VerbalsNPC_Merchant,024223D74A9C4620FC3D09BAF0B9CBAE_cue_2,And coin.
Verbals/VC_VerbalsNPC_Merchant,54723D8C40B98BBEE58176BD60BDC409_cue_2,And he still ain't gonna best you.
Verbals/VC_VerbalsNPC_Merchant,10158B5549AFBAB5C68B1E95B8106192_cue_1,And the mark?
Verbals/VC_VerbalsNPC_Merchant,B11B075544C266B6A1F62AA9D4378DFC_cue_2,And ya still shop here.
Verbals/VC_VerbalsNPC_Merchant,AD028ADA4325CB0CB762FBBC1E167BC7,"And — discreet, yeah? Discreet."
Verbals/VC_VerbalsNPC_Merchant,3EF8945F4E3A817D1D1F62BEFA62EE5D_cue_2,Any with the seal.
Verbals/VC_VerbalsNPC_Merchant,C03FBE98475B775A906CB9BAFCCFFDD8,Appreciate the restock.
Verbals/VC_VerbalsNPC_Merchant,3EF8945F4E3A817D1D1F62BEFA62EE5D_cue_0,"Archspire documents,"
Verbals/VC_VerbalsNPC_Merchant,3EF8945F4E3A817D1D1F62BEFA62EE5D,"Archspire documents, friend. Any with the seal. Mereda needs somethin' to reference."
Verbals/VC_VerbalsNPC_Merchant,33373FC345C3FEFFE079D795ED58A1B0_cue_0,Archspire's got a set of official documents.
Verbals/VC_VerbalsNPC_Merchant,9C31ECB345A70C0F224513B7DB477CC1_cue_0,Archspire's got a set of official documents.
Verbals/VC_VerbalsNPC_Merchant,33373FC345C3FEFFE079D795ED58A1B0,Archspire's got a set of official documents. Seal-bearin' parchments they use to commission magick works from their own forges. Sanctioned-like.
Verbals/VC_VerbalsNPC_Merchant,9C31ECB345A70C0F224513B7DB477CC1,Archspire's got a set of official documents. Seal-bearin' parchments they use to commission magick works from their own forges. Sanctioned-like.
Verbals/VC_VerbalsNPC_Merchant,D19A3CCE403B408C714822A330F86F5E_cue_1,Archspire's own enchanters laid blessings into that ring
Verbals/VC_VerbalsNPC_Merchant,493E1B354E7385B798C53AA8C8A34261,Back for more I see.
Verbals/VC_VerbalsNPC_Merchant,0F0EC14E464B4AABA8CE8A9C11F199D5_cue_3,Back in Shoreditch there should be records.
Verbals/VC_VerbalsNPC_Merchant,3C0733B44A834284E041B3A91FDC801C_cue_1,"Bad for the city,"
Verbals/VC_VerbalsNPC_Merchant,CE82C8EF4DE20F4B55B2D4B73CBB4F51_cue_2,Be a shame to lose ya before the big finish.
Verbals/VC_VerbalsNPC_Merchant,7633A2654B4FD538AE096FA14FD97A36_cue_0,Beautiful. Absolutely beautiful.
Verbals/VC_VerbalsNPC_Merchant,7633A2654B4FD538AE096FA14FD97A36,Beautiful. Absolutely beautiful. Mereda's already scratchin' at 'em.
Verbals/VC_VerbalsNPC_Merchant,4DFA911649D47471A6CB88BBBE4696BC,Best potion in the city.
Verbals/VC_VerbalsNPC_Merchant,A6001A524A49530710E9F5A930C201D7,Between us proper — got a delicate matter.
Verbals/VC_VerbalsNPC_Merchant,8FFCD5D24E1F03042A660C89342C7FAD_cue_2,"Bloody hell,"
Verbals/VC_VerbalsNPC_Merchant,269B721F485CFDA1D0388ABFBB0F239A_cue_2,Bolted with the amulet while they were still inside.
Verbals/VC_VerbalsNPC_Merchant,A0919A3B421B96AD6C3E418EB1117729,"Brewed it meself. {pause} I'm jokin'. God, no."
Verbals/VC_VerbalsNPC_Merchant,A0422D5145D5EB4CDFAB78AEAC9CBF6D_cue_2,Bring back anythin' that ain't tryin' to eat ya.
Verbals/VC_VerbalsNPC_Merchant,C982E8774300A6C6350AA5B30CB9E026,Bring it back to ol' Lotte when it's done.
Verbals/VC_VerbalsNPC_Merchant,9F72CF7F443D3A844B032CB8F89A6160_cue_0,"Bring me a proper set — blank or used,"
Verbals/VC_VerbalsNPC_Merchant,F2683C0148D2F404AE7D498FE7CC0FDD_cue_0,"Bring me a proper set — blank or used,"
Verbals/VC_VerbalsNPC_Merchant,9F72CF7F443D3A844B032CB8F89A6160,"Bring me a proper set — blank or used, don't matter — and Mereda can work her magic. She's in on it. Don't act surprised, lass has been waitin' for a reason to stick it to that Cathedral."
Verbals/VC_VerbalsNPC_Merchant,F2683C0148D2F404AE7D498FE7CC0FDD,"Bring me a proper set — blank or used, don't matter — and Mereda can work her magic. She's in on it. Don't act surprised, lass has been waitin' for a reason to stick it to that Cathedral."
Verbals/VC_VerbalsNPC_Merchant,BDB027CF4EF719DA8B120DBE9EB201C3,"Bring more next time, eh?"
Verbals/VC_VerbalsNPC_Merchant,3151C41C4D83225BDD2E76A6598E9C1B_cue_4,But look at you!
Verbals/VC_VerbalsNPC_Merchant,4B72B33746C58DF4AA8A3DA9B0424BFF_cue_5,"But remember,"
Verbals/VC_VerbalsNPC_Merchant,DFD701E440F47B59B5A5FF8E6F9DE4ED_cue_3,"Carrick,"
Verbals/VC_VerbalsNPC_Merchant,21DC6CBF441B54BDCCC65DB1DCE71FCE_cue_3,Cathedral's got that smell again.
Verbals/VC_VerbalsNPC_Merchant,21FB800A41647DF74C7542AAD771802E,"Change ya mind, eh?"
Verbals/VC_VerbalsNPC_Merchant,F180D032437C66C9A964D981145CB040_cue_0,Church paid for it. Church enchanted it.
Verbals/VC_VerbalsNPC_Merchant,F180D032437C66C9A964D981145CB040,"Church paid for it. Church enchanted it. Church'll never know. Beautiful, innit?"
Verbals/VC_VerbalsNPC_Merchant,F180D032437C66C9A964D981145CB040_cue_1,"Church'll never know. Beautiful, innit?"
Verbals/VC_VerbalsNPC_Merchant,1D148CCD4157497F8118E0A31C7FEAA3_cue_0,"Come back alive, friend."
Verbals/VC_VerbalsNPC_Merchant,1D148CCD4157497F8118E0A31C7FEAA3,"Come back alive, friend. With gold, preferably. But alive'll do."
Verbals/VC_VerbalsNPC_Merchant,EA157B794B9597F9189AF380C59EE7B9,Come back when you have some gold to spend.
Verbals/VC_VerbalsNPC_Merchant,52F1C9074FAA163A28464D986CA6852F,"Come back with coin, eh?"
Verbals/VC_VerbalsNPC_Merchant,D7CEFC4143DC4FC79F9B7CB58ADA9847,Come back with more next time.
Verbals/VC_VerbalsNPC_Merchant,5559B07A4CFE368E507A3383124AA67D,"Come on, spend some gold ‘ere."
Verbals/VC_VerbalsNPC_Merchant,3A52830F459D791404915ABD6DE73E18_cue_1,"Cor,"
Verbals/VC_VerbalsNPC_Merchant,FEC1BE284E47AE0760DF1CABB559BD43,Could feel it hummin' when I picked it up.
Verbals/VC_VerbalsNPC_Merchant,E65CF84F4210C69B2EF8FE9E0216C4DC_cue_4,Course he did.
Verbals/VC_VerbalsNPC_Merchant,93D49BB14F61960791B1268AA5CC07A3_cue_4,Courtesy of ol' Lotte.
Verbals/VC_VerbalsNPC_Merchant,42087AA94345D4A1644D9E8094278037_cue_1,"Daft, innit."
Verbals/VC_VerbalsNPC_Merchant,7A1C4A1048E0CFE3A6E135922767445B,Damn lookeeloos
Verbals/VC_VerbalsNPC_Merchant,B11B075544C266B6A1F62AA9D4378DFC_cue_5,"Deeply,"
Verbals/VC_VerbalsNPC_Merchant,4FB8AADD460FDFA9095BE6B897451D1F,Didn't ask questions with this one.
Verbals/VC_VerbalsNPC_Merchant,2AFDE02643C1F7A4D8876D8DEBAEF722_cue_2,Didn't think I'd live to see it.
Verbals/VC_VerbalsNPC_Merchant,DE2705DB4796D37CF559C8BA0EF7C41C,Discounts for god slayers!
Verbals/VC_VerbalsNPC_Merchant,321075D24522E9BC5F8FAC847590938F_cue_1,"Do me a favor,"
Verbals/VC_VerbalsNPC_Merchant,3C8243F7495A3995069E7384024447D7_cue_0,"Do this,"
Verbals/VC_VerbalsNPC_Merchant,5DADE43F421C96178E8423BA8BC19CEF_cue_0,"Do this,"
Verbals/VC_VerbalsNPC_Merchant,3C8243F7495A3995069E7384024447D7,"Do this, and I give ya the ring. THE ring. The one keepin' ol' Lotte from bursting like a bad sausage."
Verbals/VC_VerbalsNPC_Merchant,5DADE43F421C96178E8423BA8BC19CEF,"Do this, and I give ya the ring. THE ring. The one keepin' ol' Lotte from bursting like a bad sausage."
Verbals/VC_VerbalsNPC_Merchant,9F72CF7F443D3A844B032CB8F89A6160_cue_3,"Don't act surprised,"
Verbals/VC_VerbalsNPC_Merchant,F2683C0148D2F404AE7D498FE7CC0FDD_cue_3,"Don't act surprised,"
Verbals/VC_VerbalsNPC_Merchant,3EC47D404782C77CB28F6991C5ED687B,"Don't come back empty-handed, friend."
Verbals/VC_VerbalsNPC_Merchant,0E54258C4674D8F568074BB05A5AE4A3_cue_1,Don't die too quick. Bad for repeat business.
Verbals/VC_VerbalsNPC_Merchant,BED789FE4A233F5E75594A8EA69EC86B,"Don't drink it all at once, eh?"
Verbals/VC_VerbalsNPC_Merchant,729985E343FBA61ECEEC979B097C30DC_cue_4,Don't get used to me sayin' so.
Verbals/VC_VerbalsNPC_Merchant,CE82C8EF4DE20F4B55B2D4B73CBB4F51_cue_0,"Don't let the monks catch ya nickin' 'em,"
Verbals/VC_VerbalsNPC_Merchant,CE82C8EF4DE20F4B55B2D4B73CBB4F51,"Don't let the monks catch ya nickin' 'em, eh? Be a shame to lose ya before the big finish."
Verbals/VC_VerbalsNPC_Merchant,5CCAFEDE46D947D2B4571693F6EC9CAD_cue_2,"Don't look at me like that,"
Verbals/VC_VerbalsNPC_Merchant,100DC65F406BC61DE88A3FA8BD1F8C50,Don't waste ol' Lotte's time then.
Verbals/VC_VerbalsNPC_Merchant,D00669074BC0193A24A9869CC651BDE8_cue_3,"Don't worry,"
Verbals/VC_VerbalsNPC_Merchant,D570240242EBAA1BDC07B6864295F9FF_cue_3,Don’t know what ya got til it's gone.
Verbals/VC_VerbalsNPC_Merchant,8755C4B94026029EBD48B1968780551B,"Enough of that. Here’s some coin, now scram."
Verbals/VC_VerbalsNPC_Merchant,83EE3FC84BED4F6523B682A050F60496,Every Nephilim needs a few.
Verbals/VC_VerbalsNPC_Merchant,F948A6CB460326602E134F8F11530D6C,Fancy earnin' a bit on the side?
Verbals/VC_VerbalsNPC_Merchant,61A74BF44079392992C308B072755152_cue_1,"Feel the mana,"
Verbals/VC_VerbalsNPC_Merchant,7A0AF9064C794832B9BF028C7DF5FC50,"Felwyl the Withered. Lich. Wanker. Good luck, friend."
Verbals/VC_VerbalsNPC_Merchant,2AFDE02643C1F7A4D8876D8DEBAEF722_cue_0,Felwyl's gone.
Verbals/VC_VerbalsNPC_Merchant,2AFDE02643C1F7A4D8876D8DEBAEF722,"Felwyl's gone. Proper gone. Didn't think I'd live to see it. Well — ""live."""
Verbals/VC_VerbalsNPC_Merchant,D00669074BC0193A24A9869CC651BDE8_cue_0,First Abraxas Stone in the bag.
Verbals/VC_VerbalsNPC_Merchant,D00669074BC0193A24A9869CC651BDE8,"First Abraxas Stone in the bag. Ol' Lotte'd pay good coin to get his hands on a rock like that. Don't worry, I won't."
Verbals/VC_VerbalsNPC_Merchant,022E54B444FB3D05DC50F79AA954E61A,"Fresh stock, friend."
Verbals/VC_VerbalsNPC_Merchant,0FAF292D47AAD7B2D58B70AA043AEBAC_cue_0,"Friend,"
Verbals/VC_VerbalsNPC_Merchant,0FAF292D47AAD7B2D58B70AA043AEBAC,"Friend, and I mean it this time. I consider you a dear friend. There’s one last piece of myself in that city."
Verbals/VC_VerbalsNPC_Merchant,1BA8AEFE4D80F28110C8078740A24D19_cue_3,"Friend, you’ve done a rotten,"
Verbals/VC_VerbalsNPC_Merchant,676096E742CD8F636E1DEDB3C6D9550F,Friend. Last favor. Pinky promise.
Verbals/VC_VerbalsNPC_Merchant,C03F8BEA4A7871522EF8A2B64B48DB44,Friend. Last favor. Pinky promise.
Verbals/VC_VerbalsNPC_Merchant,FA30523249C4A9E94C3339A116E0887F_cue_3,Funny how that turned out.
Verbals/VC_VerbalsNPC_Merchant,4FA49F1547F5EA6A7285DDACC01E6109_cue_3,Funny how that works out.
Verbals/VC_VerbalsNPC_Merchant,8B502B594001689806E145AF6748BF31_cue_0,Funny thing — I trust ya.
Verbals/VC_VerbalsNPC_Merchant,8B502B594001689806E145AF6748BF31,"Funny thing — I trust ya. Hasn't happened in... cor, I can't count the years."
Verbals/VC_VerbalsNPC_Merchant,91F2245F433CE454D37702B48F1868F5,"Gajov, mate — could ya hammer a little quieter?"
Verbals/VC_VerbalsNPC_Merchant,AE0E21464364CBE6F01033B4831E37F9_cue_2,"Get us out of that city, onto brighter pastures..."
Verbals/VC_VerbalsNPC_Merchant,FA30523249C4A9E94C3339A116E0887F_cue_0,Gilded Ward.
Verbals/VC_VerbalsNPC_Merchant,FA30523249C4A9E94C3339A116E0887F,Gilded Ward. That's where all the rich bastards used to sip wine and pretend they weren't cursed. Funny how that turned out.
Verbals/VC_VerbalsNPC_Merchant,D19A3CCE403B408C714822A330F86F5E_cue_0,Go finish it.
Verbals/VC_VerbalsNPC_Merchant,D19A3CCE403B408C714822A330F86F5E,Go finish it. Archspire's own enchanters laid blessings into that ring thinkin' they were patchin' up a cursed merchant.
Verbals/VC_VerbalsNPC_Merchant,6B8B32914D7FBC852DF63F9D9326F9E7,Go turn up somethin' good out there.
Verbals/VC_VerbalsNPC_Merchant,ECE031474F9294687B36DA8001D20564,Good eye.
Verbals/VC_VerbalsNPC_Merchant,D6AC409A4C038CAEF3622CA5F7BB9F9E,Got a little somethin' for ya. Don't tell Gallant.
Verbals/VC_VerbalsNPC_Merchant,4A5AF5E9463AA3F8AF59C898EB82360E,"Got a task for ya, friend. Up for the challenge?"
Verbals/VC_VerbalsNPC_Merchant,211DEFA34E438B5FBDE826B9F09D0B0F,Guess you wanted it back.
Verbals/VC_VerbalsNPC_Merchant,B9BA6DF94FD6A8BACFE0AC8E0D93A2C7,Had an idea you'd want it back.
Verbals/VC_VerbalsNPC_Merchant,1BA8AEFE4D80F28110C8078740A24D19_cue_2,Haha haha bloody excellent!
Verbals/VC_VerbalsNPC_Merchant,B6A0BC404F1A89D2207E9BA115249B8F_cue_6,"Haha,"
Verbals/VC_VerbalsNPC_Merchant,8B502B594001689806E145AF6748BF31_cue_1,Hasn't happened in...
Verbals/VC_VerbalsNPC_Merchant,3154C5C449C55502F1B5428B11FD6B73_cue_0,Heard the Legion's proper spooked now.
Verbals/VC_VerbalsNPC_Merchant,3154C5C449C55502F1B5428B11FD6B73,Heard the Legion's proper spooked now. About time somethin' spooked THEM.
Verbals/VC_VerbalsNPC_Merchant,5CCAFEDE46D947D2B4571693F6EC9CAD_cue_0,Here.
Verbals/VC_VerbalsNPC_Merchant,5CCAFEDE46D947D2B4571693F6EC9CAD,"Here. Take it. Don't look at me like that, I've a backup plan. Ol' Lotte always has a backup plan."
Verbals/VC_VerbalsNPC_Merchant,4079810F49C106C16E11278C0AFC5BFF_cue_0,"Hey Chap,"
Verbals/VC_VerbalsNPC_Merchant,4079810F49C106C16E11278C0AFC5BFF,"Hey Chap, you’ve done me a nice turn with that Locket. Perhaps I’ll trouble you again? I was a real piece of work back in the day. Remember Ol’ Archy? Well, that’s why I’m here."
Verbals/VC_VerbalsNPC_Merchant,E66E22364FB5FF520907BAA094C0ACAC,"Hey chap, watcha buyin?"
Verbals/VC_VerbalsNPC_Merchant,E6C1764A445B9925669A2D89D8093355,"Hey friend, why dontcha come on by."
Verbals/VC_VerbalsNPC_Merchant,9B4663AB48379C0785CDBD9EAB1EC07C,Hm. Decent.
Verbals/VC_VerbalsNPC_Merchant,0320554F48859DB4F43561A784AA4E54,Hmph. Off with ya.
Verbals/VC_VerbalsNPC_Merchant,321075D24522E9BC5F8FAC847590938F_cue_0,How else did you think I got all plump and lovely?
Verbals/VC_VerbalsNPC_Merchant,321075D24522E9BC5F8FAC847590938F,"How else did you think I got all plump and lovely? Do me a favor, I lost something there, something important. A locket with a dame in it, find it and bring it back to me."
Verbals/VC_VerbalsNPC_Merchant,E65CF84F4210C69B2EF8FE9E0216C4DC_cue_3,Hux lasted longest.
Verbals/VC_VerbalsNPC_Merchant,98B5426C47F83003B96946BEF3E86284_cue_3,Hux.
Verbals/VC_VerbalsNPC_Merchant,DFD701E440F47B59B5A5FF8E6F9DE4ED_cue_2,Hux.
Verbals/VC_VerbalsNPC_Merchant,4B72B33746C58DF4AA8A3DA9B0424BFF_cue_6,"I AM your friend,"
Verbals/VC_VerbalsNPC_Merchant,36CBF7D9454620077C62929886ACF3C7_cue_2,I bloated to the size of the moon.
Verbals/VC_VerbalsNPC_Merchant,671E1C7E4284AD0CFA93F9974470F8C9_cue_2,I can help with that.
Verbals/VC_VerbalsNPC_Merchant,5E64FC9B406AEB3663A257862D479341_cue_5,"I can tell you're skint, mate, git."
Verbals/VC_VerbalsNPC_Merchant,0FAF292D47AAD7B2D58B70AA043AEBAC_cue_2,I consider you a dear friend.
Verbals/VC_VerbalsNPC_Merchant,82966E024EB359FA1870E4B8C8A06D2F_cue_8,I didn’t always have these bags of sand.
Verbals/VC_VerbalsNPC_Merchant,74FB8D9F44D75623DD65CD9B23388584_cue_1,I feel it.
Verbals/VC_VerbalsNPC_Merchant,B5309169497035B68B0420B071247F74_cue_0,I had a crew.
Verbals/VC_VerbalsNPC_Merchant,B5309169497035B68B0420B071247F74,"I had a crew. Three of 'em. Toby — couldn't of been more than sixteen. Magda, she taught me everythin'. And Hux, big bastard, heart of gold buried under six feet of muscle."
Verbals/VC_VerbalsNPC_Merchant,ADF3ABBA4C49D47C89F70B8CE4494020_cue_0,"I heard you’re heading to ol’ Archy,"
Verbals/VC_VerbalsNPC_Merchant,ADF3ABBA4C49D47C89F70B8CE4494020,"I heard you’re heading to ol’ Archy, s’what we called the Cathedral in Gildenarch back in the day. That Cathedral there’s got secrets, one of them’s the archives."
Verbals/VC_VerbalsNPC_Merchant,8604B5074F6BC79AC2394AB48FAEF348_cue_4,I just need to know what happened to her.
Verbals/VC_VerbalsNPC_Merchant,5FFCD77D4FD3E3DEEFBEF9BC84EDD31B_cue_2,I know I would've.
Verbals/VC_VerbalsNPC_Merchant,269B721F485CFDA1D0388ABFBB0F239A_cue_0,"I left 'em in that vault,"
Verbals/VC_VerbalsNPC_Merchant,269B721F485CFDA1D0388ABFBB0F239A,"I left 'em in that vault, mate. Bolted with the amulet while they were still inside. Never knew if they made it out or if the Church got 'em. I need to know."
Verbals/VC_VerbalsNPC_Merchant,321075D24522E9BC5F8FAC847590938F_cue_2,"I lost something there,"
Verbals/VC_VerbalsNPC_Merchant,269B721F485CFDA1D0388ABFBB0F239A_cue_4,I need to know.
Verbals/VC_VerbalsNPC_Merchant,B6A0BC404F1A89D2207E9BA115249B8F_cue_0,I offer you the greatest gift I can give anyone a
Verbals/VC_VerbalsNPC_Merchant,B6A0BC404F1A89D2207E9BA115249B8F,"I offer you the greatest gift I can give anyone a 5 percent discount! Haha, just for you! Screw me, I’m joking, mate, yeeesh. Take this trinket. I’ve no use for it anymore."
Verbals/VC_VerbalsNPC_Merchant,3FF76BEC4D18F615FE9599B564780B4E_cue_3,"I put my crew in a bind to save my own skin for a chalice,"
Verbals/VC_VerbalsNPC_Merchant,36CBF7D9454620077C62929886ACF3C7_cue_0,I took a risk and got the short end of the stick
Verbals/VC_VerbalsNPC_Merchant,36CBF7D9454620077C62929886ACF3C7,I took a risk and got the short end of the stick with a cursed item instead. I bloated to the size of the moon. The guards couldn’t even arrest me properly. Kinda funny innit? They tried hauling me off to Shoreditch; they took the chalice there at least.
Verbals/VC_VerbalsNPC_Merchant,4079810F49C106C16E11278C0AFC5BFF_cue_3,I was a real piece of work back in the day.
Verbals/VC_VerbalsNPC_Merchant,6DE1619545E3C8872A50EE89F09842FF_cue_1,"I was an alley cat,"
Verbals/VC_VerbalsNPC_Merchant,6DE1619545E3C8872A50EE89F09842FF_cue_5,I was in the big leagues.
Verbals/VC_VerbalsNPC_Merchant,D00669074BC0193A24A9869CC651BDE8_cue_4,I won't.
Verbals/VC_VerbalsNPC_Merchant,7C2BD2CB4AC19A63B521A8B613D681EC_cue_0,"I'd been tellin' myself,"
Verbals/VC_VerbalsNPC_Merchant,7C2BD2CB4AC19A63B521A8B613D681EC,"I'd been tellin' myself, maybe — maybe they got out. Maybe they're in Nachtendale, drinkin' on my name. Stupid, innit. Stupid, stupid, stupid."
Verbals/VC_VerbalsNPC_Merchant,DFD701E440F47B59B5A5FF8E6F9DE4ED_cue_7,I'd understand.
Verbals/VC_VerbalsNPC_Merchant,B297B8EA4C9FA4441AEE7481EB014160_cue_1,I'll be right here.
Verbals/VC_VerbalsNPC_Merchant,5DFE29D544BEC2899C0B7D8660864F80,I'll find a home for it.
Verbals/VC_VerbalsNPC_Merchant,5E82766B4511E9988AC9B580D870229A_cue_4,I'll have to start chargin' ya for autographs.
Verbals/VC_VerbalsNPC_Merchant,024223D74A9C4620FC3D09BAF0B9CBAE_cue_1,I'm gonna run out of potions.
Verbals/VC_VerbalsNPC_Merchant,B11B075544C266B6A1F62AA9D4378DFC_cue_3,"I'm honored,"
Verbals/VC_VerbalsNPC_Merchant,6B7E2A4D4E94D0A6CD76199BAEDBF40C,"I'm not a trashcan, friend. But alright."
Verbals/VC_VerbalsNPC_Merchant,5CCAFEDE46D947D2B4571693F6EC9CAD_cue_3,I've a backup plan.
Verbals/VC_VerbalsNPC_Merchant,11F6A943421354B53D87C09439630A4E_cue_0,"I've had my closure,"
Verbals/VC_VerbalsNPC_Merchant,817522BE4302C3B7ABF4229628318ACD_cue_0,"I've had my closure,"
Verbals/VC_VerbalsNPC_Merchant,11F6A943421354B53D87C09439630A4E,"I've had my closure, friend. 
Time to pass the ring on to someone it'll do some good. 
Mana like that in Nephilim hands? Proper terrifying."
Verbals/VC_VerbalsNPC_Merchant,817522BE4302C3B7ABF4229628318ACD,"I've had my closure, friend. 
Time to pass the ring on to someone it'll do some good. 
Mana like that in Nephilim hands? Proper terrifying."
Verbals/VC_VerbalsNPC_Merchant,3493DEFA401E34CB42CA12B85C67B637,"If I had a soul left to swear on, I'd swear on it for ya."
Verbals/VC_VerbalsNPC_Merchant,37F0DB464EE2E2F12EF6BD9F1B9B41FD,"If it ain’t my favorite Nephilim, come over ‘ere."
Verbals/VC_VerbalsNPC_Merchant,8604B5074F6BC79AC2394AB48FAEF348_cue_0,In Shoreditch there should be some information on
Verbals/VC_VerbalsNPC_Merchant,8604B5074F6BC79AC2394AB48FAEF348,"In Shoreditch there should be some information on where a woman named Aleria Hawthorn was taken. This is the final sin I must confront, the love I sold out. I just need to know what happened to her."
Verbals/VC_VerbalsNPC_Merchant,5E82766B4511E9988AC9B580D870229A_cue_1,In the DIRT.
Verbals/VC_VerbalsNPC_Merchant,9B6C3CBD4DC929D545C4F9811EA73FEF,"Indecisive, eh?"
Verbals/VC_VerbalsNPC_Merchant,C75DD3374CA6940438639A889DB26C2B,"Information's currency, y'know. Like gold. Never rusts."
Verbals/VC_VerbalsNPC_Merchant,4FA49F1547F5EA6A7285DDACC01E6109_cue_0,"It just would happen, I need materials,"
Verbals/VC_VerbalsNPC_Merchant,4FA49F1547F5EA6A7285DDACC01E6109,"It just would happen, I need materials, and there’s a whole city just waitin’ to be plundered now, would you believe it? Aha! Funny how that works out. Now off you go! I can tell you’re skint, mate, git."
Verbals/VC_VerbalsNPC_Merchant,5E64FC9B406AEB3663A257862D479341_cue_0,"It just would happen, I need treasures,"
Verbals/VC_VerbalsNPC_Merchant,5E64FC9B406AEB3663A257862D479341,"It just would happen, I need treasures, and there's a whole city just waitin' to be plundered now, would you believe it? Aha! Funny how that works out. Now off you go! I can tell you're skint, mate, git."
Verbals/VC_VerbalsNPC_Merchant,3FF76BEC4D18F615FE9599B564780B4E_cue_5,Its Rumor is some Toffs Elk Grove last had it.
Verbals/VC_VerbalsNPC_Merchant,AE0E21464364CBE6F01033B4831E37F9_cue_5,I’ll bother you later.
Verbals/VC_VerbalsNPC_Merchant,82966E024EB359FA1870E4B8C8A06D2F_cue_1,"I’m a local,"
Verbals/VC_VerbalsNPC_Merchant,B6A0BC404F1A89D2207E9BA115249B8F_cue_4,"I’m joking,"
Verbals/VC_VerbalsNPC_Merchant,3FF76BEC4D18F615FE9599B564780B4E_cue_4,I’ve need of it.
Verbals/VC_VerbalsNPC_Merchant,B6A0BC404F1A89D2207E9BA115249B8F_cue_9,I’ve no use for it anymore.
Verbals/VC_VerbalsNPC_Merchant,82966E024EB359FA1870E4B8C8A06D2F_cue_4,"Judging by my looks,"
Verbals/VC_VerbalsNPC_Merchant,D8C725754C5E2F9DF3BDDDB48A59C956,"Keep one in the pocket, friend. Trust ol' Lotte."
Verbals/VC_VerbalsNPC_Merchant,5E82766B4511E9988AC9B580D870229A_cue_2,"Keep this up,"
Verbals/VC_VerbalsNPC_Merchant,36CBF7D9454620077C62929886ACF3C7_cue_4,Kinda funny innit?
Verbals/VC_VerbalsNPC_Merchant,197D6DFB41A2C248392149B0C0D6EDF3_cue_2,"Ledger office,"
Verbals/VC_VerbalsNPC_Merchant,98B5426C47F83003B96946BEF3E86284_cue_0,Let's see it.
Verbals/VC_VerbalsNPC_Merchant,98B5426C47F83003B96946BEF3E86284,"Let's see it. {a long silence} Toby. Magda. Hux. All three, processed the same day. Shoreditch, cell block D."
Verbals/VC_VerbalsNPC_Merchant,74FB8D9F44D75623DD65CD9B23388584_cue_3,Like the REAL mark just showed his hand.
Verbals/VC_VerbalsNPC_Merchant,74FB8D9F44D75623DD65CD9B23388584_cue_2,Like the job ain't done.
Verbals/VC_VerbalsNPC_Merchant,9452D6FA442730A6E4579C923659E21B_cue_2,Literally and otherwise.
Verbals/VC_VerbalsNPC_Merchant,E2CB79B54F77F0059C8F43877344A095,Little helpers for the big fights.
Verbals/VC_VerbalsNPC_Merchant,3151C41C4D83225BDD2E76A6598E9C1B_cue_5,Lookin' a bit worse ain't ya.
Verbals/VC_VerbalsNPC_Merchant,82824EB04503394E8254E09B5B544AE5,Lost its last owner. Hopefully you'll be a bit stickier.
Verbals/VC_VerbalsNPC_Merchant,937D44B4453CD60553FEEFBA42C35FD3,Lotte always delivers the goods.
Verbals/VC_VerbalsNPC_Merchant,B5309169497035B68B0420B071247F74_cue_3,"Magda,"
Verbals/VC_VerbalsNPC_Merchant,DFD701E440F47B59B5A5FF8E6F9DE4ED_cue_1,"Magda,"
Verbals/VC_VerbalsNPC_Merchant,98B5426C47F83003B96946BEF3E86284_cue_2,Magda.
Verbals/VC_VerbalsNPC_Merchant,11F6A943421354B53D87C09439630A4E_cue_3,Mana like that in Nephilim hands?
Verbals/VC_VerbalsNPC_Merchant,817522BE4302C3B7ABF4229628318ACD_cue_3,Mana like that in Nephilim hands?
Verbals/VC_VerbalsNPC_Merchant,2627A4524FB76BA1F14A30BFCAD03611_cue_1,Mate.
Verbals/VC_VerbalsNPC_Merchant,E0708FE84EA0138B6CE82996DB59FE05_cue_2,Mate.
Verbals/VC_VerbalsNPC_Merchant,671E1C7E4284AD0CFA93F9974470F8C9_cue_0,"Maybe if you were better equipped,"
Verbals/VC_VerbalsNPC_Merchant,671E1C7E4284AD0CFA93F9974470F8C9,"Maybe if you were better equipped, you’d have done it by now. I can help with that."
Verbals/VC_VerbalsNPC_Merchant,7C2BD2CB4AC19A63B521A8B613D681EC_cue_2,"Maybe they're in Nachtendale,"
Verbals/VC_VerbalsNPC_Merchant,2627A4524FB76BA1F14A30BFCAD03611_cue_2,"Mental,"
Verbals/VC_VerbalsNPC_Merchant,3EF8945F4E3A817D1D1F62BEFA62EE5D_cue_3,Mereda needs somethin' to reference.
Verbals/VC_VerbalsNPC_Merchant,7633A2654B4FD538AE096FA14FD97A36_cue_1,Mereda's already scratchin' at 'em.
Verbals/VC_VerbalsNPC_Merchant,C60BD95D4E1196D9978C7D8BCE9BCB5C,"Mereda's eyein' my ledger again. Sharp one, that."
Verbals/VC_VerbalsNPC_Merchant,E0708FE84EA0138B6CE82996DB59FE05_cue_3,"Metal,"
Verbals/VC_VerbalsNPC_Merchant,5FFCD77D4FD3E3DEEFBEF9BC84EDD31B_cue_1,Most would've pawned it.
Verbals/VC_VerbalsNPC_Merchant,024223D74A9C4620FC3D09BAF0B9CBAE_cue_3,Mostly coin.
Verbals/VC_VerbalsNPC_Merchant,6DE1619545E3C8872A50EE89F09842FF_cue_0,"Nah,"
Verbals/VC_VerbalsNPC_Merchant,6DE1619545E3C8872A50EE89F09842FF,"Nah, I was an alley cat, quite a few pounds lighter, and no ordinary crankman, no sir. I was in the big leagues. "
Verbals/VC_VerbalsNPC_Merchant,3151C41C4D83225BDD2E76A6598E9C1B_cue_3,"Nasty business that, innit?"
Verbals/VC_VerbalsNPC_Merchant,269B721F485CFDA1D0388ABFBB0F239A_cue_3,Never knew if they made it out or if the Church got 'em.
Verbals/VC_VerbalsNPC_Merchant,E2DA7A154B5B640345AA409A1F50A896,Nice Potion!
Verbals/VC_VerbalsNPC_Merchant,10A319E442A6B9BD8619188F7490972D,Nice Trinket!
Verbals/VC_VerbalsNPC_Merchant,D0751A014710F740E349B9B0339CBB32,Nice choice!
Verbals/VC_VerbalsNPC_Merchant,AE0E21464364CBE6F01033B4831E37F9_cue_3,"No more crime, just the good life."
Verbals/VC_VerbalsNPC_Merchant,191EA58D43DD75203C1E24AE4054C97C_cue_1,Nobody knows their names but me.
Verbals/VC_VerbalsNPC_Merchant,E65CF84F4210C69B2EF8FE9E0216C4DC_cue_0,None of 'em came out.
Verbals/VC_VerbalsNPC_Merchant,E65CF84F4210C69B2EF8FE9E0216C4DC,None of 'em came out. Says here Magda lasted three years. Toby — eight months. Hux lasted longest. Course he did. Stubborn sod.
Verbals/VC_VerbalsNPC_Merchant,4B72B33746C58DF4AA8A3DA9B0424BFF_cue_4,Nope!
Verbals/VC_VerbalsNPC_Merchant,EC2BDE43474BB4C5EC788E9531CD6887,Not bad for a dead man. All things considered.
Verbals/VC_VerbalsNPC_Merchant,61A74BF44079392992C308B072755152_cue_4,Not bad for a thief's goodbye gift.
Verbals/VC_VerbalsNPC_Merchant,5FFCD77D4FD3E3DEEFBEF9BC84EDD31B_cue_0,Not many would've fetched it.
Verbals/VC_VerbalsNPC_Merchant,5FFCD77D4FD3E3DEEFBEF9BC84EDD31B,Not many would've fetched it. Most would've pawned it. I know I would've.
Verbals/VC_VerbalsNPC_Merchant,5E64FC9B406AEB3663A257862D479341_cue_4,Now off you go!
Verbals/VC_VerbalsNPC_Merchant,4FA49F1547F5EA6A7285DDACC01E6109_cue_4,"Now off you go! I can tell you’re skint, mate, git."
Verbals/VC_VerbalsNPC_Merchant,0060CBC9435FB3FF3AB8CB88D4B62DFE,Now where'd ya turn THIS up?
Verbals/VC_VerbalsNPC_Merchant,82966E024EB359FA1870E4B8C8A06D2F_cue_6,"Now,"
Verbals/VC_VerbalsNPC_Merchant,3151C41C4D83225BDD2E76A6598E9C1B_cue_6,"Now, that's a prospective customer haha!"
Verbals/VC_VerbalsNPC_Merchant,B297B8EA4C9FA4441AEE7481EB014160_cue_2,Obviously.
Verbals/VC_VerbalsNPC_Merchant,B297B8EA4C9FA4441AEE7481EB014160_cue_0,Off with ya then.
Verbals/VC_VerbalsNPC_Merchant,B297B8EA4C9FA4441AEE7481EB014160,Off with ya then. I'll be right here. [gestures at his bulk] Obviously.
Verbals/VC_VerbalsNPC_Merchant,E87E61E4481A3246E7C6AD8EC9847D83,Off ya go now. Try not to die
Verbals/VC_VerbalsNPC_Merchant,601FE3B745EDE905A5D3519804547C18,Oh that one's got a history. Don't ask.
Verbals/VC_VerbalsNPC_Merchant,3151C41C4D83225BDD2E76A6598E9C1B_cue_0,"Oh, hoho! Ello there!"
Verbals/VC_VerbalsNPC_Merchant,3151C41C4D83225BDD2E76A6598E9C1B,"Oh, hoho! Ello there! You're the one swept up from the streets there in the city, right? Nasty business that, innit? But look at you! Lookin' a bit worse ain't ya. Now, that's a prospective customer haha!"
Verbals/VC_VerbalsNPC_Merchant,477BF70042270EA041138CA408A2BE7C,"Oh, very nice. Very nice."
Verbals/VC_VerbalsNPC_Merchant,D570240242EBAA1BDC07B6864295F9FF_cue_0,Oh.
Verbals/VC_VerbalsNPC_Merchant,D570240242EBAA1BDC07B6864295F9FF,Oh. you have it. {somber silence} Y’know it's true. Don’t know what ya got til it's gone.
Verbals/VC_VerbalsNPC_Merchant,EDD618844CFE534747A7A28ACEDF3A47,"Oi friend, a word!"
Verbals/VC_VerbalsNPC_Merchant,96D2212448FC6845607BCD84BE3805C3,Oi — that piece there's got a story. Ask me after.
Verbals/VC_VerbalsNPC_Merchant,D6ABC37646CDAEC1C15996ACB5931EA9,Oi. Friend. Got a minute?
Verbals/VC_VerbalsNPC_Merchant,5CCAFEDE46D947D2B4571693F6EC9CAD_cue_4,Ol' Lotte always has a backup plan.
Verbals/VC_VerbalsNPC_Merchant,D00669074BC0193A24A9869CC651BDE8_cue_1,Ol' Lotte'd pay good coin to get his hands on a
Verbals/VC_VerbalsNPC_Merchant,C1BA4E9D430019DD4351AB9A8C77E621,On the house. {pause} Kidding. That's coin.
Verbals/VC_VerbalsNPC_Merchant,068A98B44E429049983D708CC8360F90_cue_2,One Nephilim.
Verbals/VC_VerbalsNPC_Merchant,10158B5549AFBAB5C68B1E95B8106192_cue_0,"One last heist, friend."
Verbals/VC_VerbalsNPC_Merchant,10158B5549AFBAB5C68B1E95B8106192,"One last heist, friend. And the mark? The mark was the Cathedral that cursed me."
Verbals/VC_VerbalsNPC_Merchant,0F0EC14E464B4AABA8CE8A9C11F199D5_cue_2,One more favor — and it's a heavy one.
Verbals/VC_VerbalsNPC_Merchant,3A52830F459D791404915ABD6DE73E18_cue_3,Or — y'know.
Verbals/VC_VerbalsNPC_Merchant,3FF76BEC4D18F615FE9599B564780B4E_cue_0,"Paying for the debt of my sins,"
Verbals/VC_VerbalsNPC_Merchant,3FF76BEC4D18F615FE9599B564780B4E,"Paying for the debt of my sins, a tab to big to bother lookin’ at... To make a long story short, I put my crew in a bind to save my own skin for a chalice, I’ve need of it. Its Rumor is some Toffs Elk Grove last had it."
Verbals/VC_VerbalsNPC_Merchant,DFD701E440F47B59B5A5FF8E6F9DE4ED_cue_5,Pennant.
Verbals/VC_VerbalsNPC_Merchant,4079810F49C106C16E11278C0AFC5BFF_cue_2,Perhaps I’ll trouble you again?
Verbals/VC_VerbalsNPC_Merchant,5AEE3F1348473D1C086A0A96313239AE,Pleasure doin' business.
Verbals/VC_VerbalsNPC_Merchant,94718EB748992FBEE70F16BB0FD7FBAF,Pleasure doin' business.
Verbals/VC_VerbalsNPC_Merchant,23FA26B84D2A9B52580EA6BF9A004078,"Potions, poultices, the lot."
Verbals/VC_VerbalsNPC_Merchant,2ECA7FA24497AD9B88838289458FBE00,"Pretty AND useful. Rare combo, that."
Verbals/VC_VerbalsNPC_Merchant,0F0EC14E464B4AABA8CE8A9C11F199D5_cue_4,"Prisoner intake,"
Verbals/VC_VerbalsNPC_Merchant,2AFDE02643C1F7A4D8876D8DEBAEF722_cue_1,Proper gone.
Verbals/VC_VerbalsNPC_Merchant,11F6A943421354B53D87C09439630A4E_cue_4,Proper terrifying.
Verbals/VC_VerbalsNPC_Merchant,817522BE4302C3B7ABF4229628318ACD_cue_4,Proper terrifying.
Verbals/VC_VerbalsNPC_Merchant,620EB54F4541B6FF06A3C4ACD139D764,"Quality goods, all of it. Scout's honor."
Verbals/VC_VerbalsNPC_Merchant,5024272F46BA8468E3F3AB8F98B11943,Refills for ya
Verbals/VC_VerbalsNPC_Merchant,4079810F49C106C16E11278C0AFC5BFF_cue_4,Remember Ol’ Archy?
Verbals/VC_VerbalsNPC_Merchant,D8E48D974A64D4C0B3211C869C9DE725,Right then — what's it to be?
Verbals/VC_VerbalsNPC_Merchant,DFD701E440F47B59B5A5FF8E6F9DE4ED_cue_4,"Rooke,"
Verbals/VC_VerbalsNPC_Merchant,742A71764F36AC652FE4B19122E0B625,"Rot King's done. One down. How many to go, d'ya reckon?"
Verbals/VC_VerbalsNPC_Merchant,33373FC345C3FEFFE079D795ED58A1B0_cue_3,Sanctioned-like.
Verbals/VC_VerbalsNPC_Merchant,9C31ECB345A70C0F224513B7DB477CC1_cue_3,Sanctioned-like.
Verbals/VC_VerbalsNPC_Merchant,E65CF84F4210C69B2EF8FE9E0216C4DC_cue_1,Says here Magda lasted three years.
Verbals/VC_VerbalsNPC_Merchant,B6A0BC404F1A89D2207E9BA115249B8F_cue_3,"Screw me,"
Verbals/VC_VerbalsNPC_Merchant,33373FC345C3FEFFE079D795ED58A1B0_cue_1,Seal-bearin' parchments they use to commission
Verbals/VC_VerbalsNPC_Merchant,9C31ECB345A70C0F224513B7DB477CC1_cue_1,Seal-bearin' parchments they use to commission
Verbals/VC_VerbalsNPC_Merchant,6891E5CA4D7B0AE7589A8F9108CF1F55_cue_0,"See, when Mereda forged the requisition,"
Verbals/VC_VerbalsNPC_Merchant,6891E5CA4D7B0AE7589A8F9108CF1F55,"See, when Mereda forged the requisition, we didn't order a replacement. We ordered a WEAPON."
Verbals/VC_VerbalsNPC_Merchant,1BA8AEFE4D80F28110C8078740A24D19_cue_1,She escaped!
Verbals/VC_VerbalsNPC_Merchant,1BA8AEFE4D80F28110C8078740A24D19_cue_0,She left the city?
Verbals/VC_VerbalsNPC_Merchant,1BA8AEFE4D80F28110C8078740A24D19,"She left the city? She escaped! Haha haha bloody excellent! Friend, you’ve done a rotten, bloated soul a grand turn."
Verbals/VC_VerbalsNPC_Merchant,9F72CF7F443D3A844B032CB8F89A6160_cue_2,She's in on it.
Verbals/VC_VerbalsNPC_Merchant,F2683C0148D2F404AE7D498FE7CC0FDD_cue_2,She's in on it.
Verbals/VC_VerbalsNPC_Merchant,197D6DFB41A2C248392149B0C0D6EDF3_cue_1,Shoreditch intake books.
Verbals/VC_VerbalsNPC_Merchant,98B5426C47F83003B96946BEF3E86284_cue_6,"Shoreditch,"
Verbals/VC_VerbalsNPC_Merchant,1C62ABBF4FED134175F102B36DE87B18,"Should work perfectly, guarentee"
Verbals/VC_VerbalsNPC_Merchant,F142A4524BDE0F7981AF26B3CF107520,Smart. Smart.
Verbals/VC_VerbalsNPC_Merchant,40CD9D704293BA3D51C98CB6518A429C,Smells Rotten. Works like a treat
Verbals/VC_VerbalsNPC_Merchant,650DDEBF471196BE290620B84D8D8E4D_cue_0,So. Small confession.
Verbals/VC_VerbalsNPC_Merchant,650DDEBF471196BE290620B84D8D8E4D,So. Small confession. The ring I gave ya? That wasn't the backup plan. THAT was the plan.
Verbals/VC_VerbalsNPC_Merchant,5AB17A024E622612615AA68AF8E59992,"Solid pick, that."
Verbals/VC_VerbalsNPC_Merchant,0556FE7D40D0B82F3B9D1ABF6E68B862,"Somethin' catchin' yer eye, friend?"
Verbals/VC_VerbalsNPC_Merchant,21DC6CBF441B54BDCCC65DB1DCE71FCE_cue_2,Somethin' wrong.
Verbals/VC_VerbalsNPC_Merchant,3A52830F459D791404915ABD6DE73E18_cue_0,Souls bein' siphoned out of Nephilim to feed a tower.
Verbals/VC_VerbalsNPC_Merchant,3A52830F459D791404915ABD6DE73E18,"Souls bein' siphoned out of Nephilim to feed a tower. Cor, what a time to be alive. Or — y'know. Whatever it is I'm doin'."
Verbals/VC_VerbalsNPC_Merchant,013AF7D04B4F4F50D8C13AAA710899C6,"Speak up friend, time's coin."
Verbals/VC_VerbalsNPC_Merchant,875784A04E50344BD345E8B3CE023714,"Spend it well, friend. Or spend it foolish. Either way."
Verbals/VC_VerbalsNPC_Merchant,A0422D5145D5EB4CDFAB78AEAC9CBF6D_cue_0,"Spendin' a lot of time in Hellrifts,"
Verbals/VC_VerbalsNPC_Merchant,A0422D5145D5EB4CDFAB78AEAC9CBF6D,"Spendin' a lot of time in Hellrifts, eh? Bring back anythin' that ain't tryin' to eat ya."
Verbals/VC_VerbalsNPC_Merchant,8FFCD5D24E1F03042A660C89342C7FAD_cue_0,"Step right up,"
Verbals/VC_VerbalsNPC_Merchant,8FFCD5D24E1F03042A660C89342C7FAD,"Step right up, get your potions ‘ere. Bloody hell, it’s a dry day. Where else you alf breeds buyin from?"
Verbals/VC_VerbalsNPC_Merchant,197D6DFB41A2C248392149B0C0D6EDF3_cue_0,Still lookin' for those records?
Verbals/VC_VerbalsNPC_Merchant,197D6DFB41A2C248392149B0C0D6EDF3,"Still lookin' for those records? Shoreditch intake books. Ledger office, most likely."
Verbals/VC_VerbalsNPC_Merchant,156395694A9DE0B578563AB50E101933,"Stock up, friend. Never enough."
Verbals/VC_VerbalsNPC_Merchant,E65CF84F4210C69B2EF8FE9E0216C4DC_cue_5,Stubborn sod.
Verbals/VC_VerbalsNPC_Merchant,7C2BD2CB4AC19A63B521A8B613D681EC_cue_4,"Stupid,"
Verbals/VC_VerbalsNPC_Merchant,7C2BD2CB4AC19A63B521A8B613D681EC_cue_6,"Stupid,"
Verbals/VC_VerbalsNPC_Merchant,650DDEBF471196BE290620B84D8D8E4D_cue_3,THAT was the plan.
Verbals/VC_VerbalsNPC_Merchant,3C8243F7495A3995069E7384024447D7_cue_2,THE ring.
Verbals/VC_VerbalsNPC_Merchant,5DADE43F421C96178E8423BA8BC19CEF_cue_2,THE ring.
Verbals/VC_VerbalsNPC_Merchant,1D5B1556473F84DAFD242AA494FF6E14,"Take a look at the wares, lots new in stock!"
Verbals/VC_VerbalsNPC_Merchant,5CCAFEDE46D947D2B4571693F6EC9CAD_cue_1,Take it.
Verbals/VC_VerbalsNPC_Merchant,AE0E21464364CBE6F01033B4831E37F9_cue_4,"Take this coin, and go."
Verbals/VC_VerbalsNPC_Merchant,B6A0BC404F1A89D2207E9BA115249B8F_cue_8,Take this trinket.
Verbals/VC_VerbalsNPC_Merchant,1E7E69294B188F3EF17577B89E3E7AD8,"Take yer time, no rush."
Verbals/VC_VerbalsNPC_Merchant,C91098004C14B9B812D15AA5860416A6,Tastes awful. Works lovely.
Verbals/VC_VerbalsNPC_Merchant,FA93B2EF4682C6E0832839BF5ED08FE7,"Tata friend, till we meet again"
Verbals/VC_VerbalsNPC_Merchant,191EA58D43DD75203C1E24AE4054C97C_cue_2,Thanks for carryin' 'em a bit.
Verbals/VC_VerbalsNPC_Merchant,9452D6FA442730A6E4579C923659E21B_cue_1,Thanks for liftin' it.
Verbals/VC_VerbalsNPC_Merchant,ADF3ABBA4C49D47C89F70B8CE4494020_cue_3,"That Cathedral there’s got secrets,"
Verbals/VC_VerbalsNPC_Merchant,3C0733B44A834284E041B3A91FDC801C_cue_0,That Spire's still up.
Verbals/VC_VerbalsNPC_Merchant,3C0733B44A834284E041B3A91FDC801C,"That Spire's still up. Bad for the city, bad for the soul, bad for business."
Verbals/VC_VerbalsNPC_Merchant,9452D6FA442730A6E4579C923659E21B_cue_0,That chalice sat in my head for years.
Verbals/VC_VerbalsNPC_Merchant,9452D6FA442730A6E4579C923659E21B,That chalice sat in my head for years. Thanks for liftin' it. Literally and otherwise.
Verbals/VC_VerbalsNPC_Merchant,C350C9954CE78A228EBE12B38247CE90,That one came a long way to end up in your hands.
Verbals/VC_VerbalsNPC_Merchant,35CE3B45474ADD598BF03CA177882846,That one chose YOU if you ask ol' Lotte.
Verbals/VC_VerbalsNPC_Merchant,7FECF68E457990183DBA95A3C954D9AE,That one'll keep the lights on a bit longer.
Verbals/VC_VerbalsNPC_Merchant,9900C84C4E14AF89D98007A5014D913A,That smith still ain't covered his last shipment of ore.
Verbals/VC_VerbalsNPC_Merchant,650DDEBF471196BE290620B84D8D8E4D_cue_2,That wasn't the backup plan.
Verbals/VC_VerbalsNPC_Merchant,516DAD62404EDB7CFB9482888844D0C9_cue_3,That won't do. Nope!
Verbals/VC_VerbalsNPC_Merchant,4B72B33746C58DF4AA8A3DA9B0424BFF_cue_3,That won’t do.
Verbals/VC_VerbalsNPC_Merchant,61A74BF44079392992C308B072755152_cue_3,That's Archspire-grade work right there.
Verbals/VC_VerbalsNPC_Merchant,77E571CE49B45DCAB0CA7B890C028B8C_cue_4,That's a debt ol' Lotte can't repay.
Verbals/VC_VerbalsNPC_Merchant,FA30523249C4A9E94C3339A116E0887F_cue_1,That's where all the rich bastards used to sip
Verbals/VC_VerbalsNPC_Merchant,729985E343FBA61ECEEC979B097C30DC_cue_1,That...
Verbals/VC_VerbalsNPC_Merchant,5E82766B4511E9988AC9B580D870229A_cue_0,The Lord of Perdition.
Verbals/VC_VerbalsNPC_Merchant,5E82766B4511E9988AC9B580D870229A,"The Lord of Perdition. In the DIRT. Keep this up, friend, I'll have to start chargin' ya for autographs."
Verbals/VC_VerbalsNPC_Merchant,54723D8C40B98BBEE58176BD60BDC409_cue_0,The Withered bastard ATE a god.
Verbals/VC_VerbalsNPC_Merchant,54723D8C40B98BBEE58176BD60BDC409,The Withered bastard ATE a god. A god. And he still ain't gonna best you.
Verbals/VC_VerbalsNPC_Merchant,36CBF7D9454620077C62929886ACF3C7_cue_3,The guards couldn’t even arrest me properly.
Verbals/VC_VerbalsNPC_Merchant,10158B5549AFBAB5C68B1E95B8106192_cue_2,The mark was the Cathedral that cursed me.
Verbals/VC_VerbalsNPC_Merchant,3C8243F7495A3995069E7384024447D7_cue_3,The one keepin' ol' Lotte from bursting like a bad sausage.
Verbals/VC_VerbalsNPC_Merchant,5DADE43F421C96178E8423BA8BC19CEF_cue_3,The one keepin' ol' Lotte from bursting like a bad sausage.
Verbals/VC_VerbalsNPC_Merchant,650DDEBF471196BE290620B84D8D8E4D_cue_1,The ring I gave ya?
Verbals/VC_VerbalsNPC_Merchant,861A26CA4533E8E6E4E56A9265C14D0C,There ya are. All sorted.
Verbals/VC_VerbalsNPC_Merchant,21DC6CBF441B54BDCCC65DB1DCE71FCE_cue_0,"There's somethin' in the wind,"
Verbals/VC_VerbalsNPC_Merchant,21DC6CBF441B54BDCCC65DB1DCE71FCE,"There's somethin' in the wind, friend. Somethin' wrong. Cathedral's got that smell again."
Verbals/VC_VerbalsNPC_Merchant,0FAF292D47AAD7B2D58B70AA043AEBAC_cue_3,There’s one last piece of myself in that city.
Verbals/VC_VerbalsNPC_Merchant,2BDF346143864B266D8FA28C24721DE9,These'll keep ya standing.
Verbals/VC_VerbalsNPC_Merchant,8B374BAE48923EB9874530B3BF28623D_cue_0,"They said no one could get into them,"
Verbals/VC_VerbalsNPC_Merchant,8B374BAE48923EB9874530B3BF28623D,"They said no one could get into them, but you’re talking to the man who did and lived to tell the tale! "
Verbals/VC_VerbalsNPC_Merchant,36CBF7D9454620077C62929886ACF3C7_cue_5,They tried hauling me off to Shoreditch;
Verbals/VC_VerbalsNPC_Merchant,0A980652401F13D35AFA0196D7A1BBE5,They weren't. They were armin' a Nephilim.
Verbals/VC_VerbalsNPC_Merchant,8604B5074F6BC79AC2394AB48FAEF348_cue_2,"This is the final sin I must confront,"
Verbals/VC_VerbalsNPC_Merchant,068A98B44E429049983D708CC8360F90_cue_0,Three Stones.
Verbals/VC_VerbalsNPC_Merchant,068A98B44E429049983D708CC8360F90,"Three Stones. Three gods. One Nephilim. Ya like something out of the legends, friend."
Verbals/VC_VerbalsNPC_Merchant,068A98B44E429049983D708CC8360F90_cue_1,Three gods.
Verbals/VC_VerbalsNPC_Merchant,B5309169497035B68B0420B071247F74_cue_1,Three of 'em.
Verbals/VC_VerbalsNPC_Merchant,11F6A943421354B53D87C09439630A4E_cue_2,Time to pass the ring on to someone it'll do some good.
Verbals/VC_VerbalsNPC_Merchant,817522BE4302C3B7ABF4229628318ACD_cue_2,Time to pass the ring on to someone it'll do some good.
Verbals/VC_VerbalsNPC_Merchant,7DCB3A1E4FC16F1C52C50BA95D85575D,Tired of gettin’ your ass kicked? Step right up.
Verbals/VC_VerbalsNPC_Merchant,3FF76BEC4D18F615FE9599B564780B4E_cue_2,"To make a long story short,"
Verbals/VC_VerbalsNPC_Merchant,B5309169497035B68B0420B071247F74_cue_2,Toby — couldn't of been more than sixteen.
Verbals/VC_VerbalsNPC_Merchant,E65CF84F4210C69B2EF8FE9E0216C4DC_cue_2,Toby — eight months.
Verbals/VC_VerbalsNPC_Merchant,DFD701E440F47B59B5A5FF8E6F9DE4ED_cue_0,"Toby,"
Verbals/VC_VerbalsNPC_Merchant,DFD701E440F47B59B5A5FF8E6F9DE4ED,"Toby, Magda, Hux. Carrick, Rooke, Pennant. Write it down if ya need to. I'd understand."
Verbals/VC_VerbalsNPC_Merchant,0385CED847310795127FB0AEB09D8D62,Topped up and ready.
Verbals/VC_VerbalsNPC_Merchant,D12AD8BE4D8DB4CB371F0FA36AA7FC47,"Turned up in the strangest place, that one."
Verbals/VC_VerbalsNPC_Merchant,B11B075544C266B6A1F62AA9D4378DFC_cue_0,"Two Stones,"
Verbals/VC_VerbalsNPC_Merchant,B11B075544C266B6A1F62AA9D4378DFC,"Two Stones, two gods. And ya still shop here. I'm honored, friend. Deeply, deeply honored."
Verbals/VC_VerbalsNPC_Merchant,BFFA61904610354A466D94BDB9A8A7CB,"Used to fit through a keyhole, me. Now I AM the keyhole."
Verbals/VC_VerbalsNPC_Merchant,6891E5CA4D7B0AE7589A8F9108CF1F55_cue_2,We ordered a WEAPON.
Verbals/VC_VerbalsNPC_Merchant,516DAD62404EDB7CFB9482888844D0C9_cue_1,We'ave nuff to worry about
Verbals/VC_VerbalsNPC_Merchant,61A74BF44079392992C308B072755152_cue_0,Wear it.
Verbals/VC_VerbalsNPC_Merchant,61A74BF44079392992C308B072755152,"Wear it. Feel the mana, eh? That's Archspire-grade work right there. Not bad for a thief's goodbye gift."
Verbals/VC_VerbalsNPC_Merchant,482E999846A57121B63106A5CA398559,"Well well, the stray returns. Got coin?"
Verbals/VC_VerbalsNPC_Merchant,2AFDE02643C1F7A4D8876D8DEBAEF722_cue_3,"Well — ""live."""
Verbals/VC_VerbalsNPC_Merchant,4079810F49C106C16E11278C0AFC5BFF_cue_5,"Well, that’s why I’m here."
Verbals/VC_VerbalsNPC_Merchant,AE0E21464364CBE6F01033B4831E37F9_cue_0,Well... would you look at that.
Verbals/VC_VerbalsNPC_Merchant,AE0E21464364CBE6F01033B4831E37F9,"Well... would you look at that. Y’know, this was supposed to buy a new life for us. Get us out of that city, onto brighter pastures... No more crime, just the good life. Take this coin, and go. I’ll bother you later."
Verbals/VC_VerbalsNPC_Merchant,4B72B33746C58DF4AA8A3DA9B0424BFF_cue_1,We‘ave nuff to worry about without Lotte running
Verbals/VC_VerbalsNPC_Merchant,37A6EB6941C68D0CBFF848987D14E2E1,What brings you in today?
Verbals/VC_VerbalsNPC_Merchant,3A52830F459D791404915ABD6DE73E18_cue_4,Whatever it is I'm doin'.
Verbals/VC_VerbalsNPC_Merchant,93D49BB14F61960791B1268AA5CC07A3_cue_0,"Whatever's waitin' for ya out there,"
Verbals/VC_VerbalsNPC_Merchant,93D49BB14F61960791B1268AA5CC07A3,"Whatever's waitin' for ya out there, and I've a feeling it ain't small, it's gonna meet a blessed Archspire artifact crackin' it in the teeth. Courtesy of ol' Lotte."
Verbals/VC_VerbalsNPC_Merchant,34B7DC594C6C294328DBAFBD247A804C_cue_0,"When ya drink it,"
Verbals/VC_VerbalsNPC_Merchant,34B7DC594C6C294328DBAFBD247A804C,"When ya drink it, best to just close your eyes and think of ol' Lotte."
Verbals/VC_VerbalsNPC_Merchant,8FFCD5D24E1F03042A660C89342C7FAD_cue_4,Where else you alf breeds buyin from?
Verbals/VC_VerbalsNPC_Merchant,F7CC9FA04A1911ED83A83DAC88D86C1A_cue_0,Whole city's sproutin' weeds with teeth.
Verbals/VC_VerbalsNPC_Merchant,F7CC9FA04A1911ED83A83DAC88D86C1A,Whole city's sproutin' weeds with teeth. Ain't that somethin'.
Verbals/VC_VerbalsNPC_Merchant,1D148CCD4157497F8118E0A31C7FEAA3_cue_1,"With gold, preferably. But alive'll do."
Verbals/VC_VerbalsNPC_Merchant,A2CA8BDD41409B384873A186403A7710,"Workin' for a church is a proper write-off, innit."
Verbals/VC_VerbalsNPC_Merchant,DFD701E440F47B59B5A5FF8E6F9DE4ED_cue_6,Write it down if ya need to.
Verbals/VC_VerbalsNPC_Merchant,729985E343FBA61ECEEC979B097C30DC_cue_0,Ya came back with the locket.
Verbals/VC_VerbalsNPC_Merchant,729985E343FBA61ECEEC979B097C30DC,"Ya came back with the locket. That... meant somethin', friend. Don't get used to me sayin' so."
Verbals/VC_VerbalsNPC_Merchant,74FB8D9F44D75623DD65CD9B23388584_cue_0,Ya feel it?
Verbals/VC_VerbalsNPC_Merchant,74FB8D9F44D75623DD65CD9B23388584,Ya feel it? I feel it. Like the job ain't done. Like the REAL mark just showed his hand.
Verbals/VC_VerbalsNPC_Merchant,77E571CE49B45DCAB0CA7B890C028B8C_cue_2,"Ya gave me that,"
Verbals/VC_VerbalsNPC_Merchant,024223D74A9C4620FC3D09BAF0B9CBAE_cue_0,"Ya keep takin' runs this hard,"
Verbals/VC_VerbalsNPC_Merchant,024223D74A9C4620FC3D09BAF0B9CBAE,"Ya keep takin' runs this hard, I'm gonna run out of potions. And coin. Mostly coin."
Verbals/VC_VerbalsNPC_Merchant,2627A4524FB76BA1F14A30BFCAD03611_cue_0,Ya killed the Dry Rot King?
Verbals/VC_VerbalsNPC_Merchant,E0708FE84EA0138B6CE82996DB59FE05_cue_0,Ya killed the Dry Rot King?
Verbals/VC_VerbalsNPC_Merchant,2627A4524FB76BA1F14A30BFCAD03611,"Ya killed the Dry Rot King? A DEAD GOD? Mate. Mental, that. Absolutely mental."
Verbals/VC_VerbalsNPC_Merchant,E0708FE84EA0138B6CE82996DB59FE05,"Ya killed the Dry Rot King? A DEAD GOD? Mate. Metal, that. Absolutely metal."
Verbals/VC_VerbalsNPC_Merchant,191EA58D43DD75203C1E24AE4054C97C_cue_0,Ya know their names now.
Verbals/VC_VerbalsNPC_Merchant,191EA58D43DD75203C1E24AE4054C97C,Ya know their names now. Nobody knows their names but me. Thanks for carryin' 'em a bit.
Verbals/VC_VerbalsNPC_Merchant,068A98B44E429049983D708CC8360F90_cue_3,"Ya like something out of the legends,"
Verbals/VC_VerbalsNPC_Merchant,42087AA94345D4A1644D9E8094278037_cue_0,Ya walk in here and I swear the armor feels lighter.
Verbals/VC_VerbalsNPC_Merchant,42087AA94345D4A1644D9E8094278037,"Ya walk in here and I swear the armor feels lighter. Daft, innit."
Verbals/VC_VerbalsNPC_Merchant,2E695A3C40FB1C4C150EB7A238B021EC,Ya won't regret it. Probably.
Verbals/VC_VerbalsNPC_Merchant,267EB1DE4990FDF6A44158933EC44D52,"Ya've an eye for quality, friend."
Verbals/VC_VerbalsNPC_Merchant,82966E024EB359FA1870E4B8C8A06D2F_cue_0,"Yeah,"
Verbals/VC_VerbalsNPC_Merchant,82966E024EB359FA1870E4B8C8A06D2F,"Yeah, I’m a local, bet you wouldn’t believe it, eh? Judging by my looks, right? Now, before you’re thinking I was some well-heeled jockey, I didn’t always have these bags of sand."
Verbals/VC_VerbalsNPC_Merchant,0E54258C4674D8F568074BB05A5AE4A3_cue_0,"Yer the new one, yeah?"
Verbals/VC_VerbalsNPC_Merchant,0E54258C4674D8F568074BB05A5AE4A3,"Yer the new one, yeah? Don't die too quick. Bad for repeat business."
Verbals/VC_VerbalsNPC_Merchant,3151C41C4D83225BDD2E76A6598E9C1B_cue_1,You're the one swept up from the streets
Verbals/VC_VerbalsNPC_Merchant,AE0E21464364CBE6F01033B4831E37F9_cue_1,"Y’know, this was supposed to buy a new life for us."
Verbals/VC_VerbalsNPC_Merchant,3FF76BEC4D18F615FE9599B564780B4E_cue_1,a tab to big to bother lookin’ at...
Verbals/VC_VerbalsNPC_Merchant,3C8243F7495A3995069E7384024447D7_cue_1,and I give ya the ring.
Verbals/VC_VerbalsNPC_Merchant,5DADE43F421C96178E8423BA8BC19CEF_cue_1,and I give ya the ring.
Verbals/VC_VerbalsNPC_Merchant,0FAF292D47AAD7B2D58B70AA043AEBAC_cue_1,and I mean it this time.
Verbals/VC_VerbalsNPC_Merchant,93D49BB14F61960791B1268AA5CC07A3_cue_1,"and I've a feeling it ain't small,"
Verbals/VC_VerbalsNPC_Merchant,4B72B33746C58DF4AA8A3DA9B0424BFF_cue_7,"and friends look out for one another,"
Verbals/VC_VerbalsNPC_Merchant,6DE1619545E3C8872A50EE89F09842FF_cue_3,"and no ordinary crankman,"
Verbals/VC_VerbalsNPC_Merchant,5E64FC9B406AEB3663A257862D479341_cue_1,"and there's a whole city just waitin' to be plundered now,"
Verbals/VC_VerbalsNPC_Merchant,4FA49F1547F5EA6A7285DDACC01E6109_cue_1,"and there’s a whole city just waitin’ to be plundered now,"
Verbals/VC_VerbalsNPC_Merchant,3C0733B44A834284E041B3A91FDC801C_cue_3,bad for business.
Verbals/VC_VerbalsNPC_Merchant,3C0733B44A834284E041B3A91FDC801C_cue_2,"bad for the soul,"
Verbals/VC_VerbalsNPC_Merchant,82966E024EB359FA1870E4B8C8A06D2F_cue_7,"before you’re thinking I was some well-heeled jockey,"
Verbals/VC_VerbalsNPC_Merchant,34B7DC594C6C294328DBAFBD247A804C_cue_1,best to just close your eyes and think of ol' Lotte.
Verbals/VC_VerbalsNPC_Merchant,82966E024EB359FA1870E4B8C8A06D2F_cue_2,"bet you wouldn’t believe it,"
Verbals/VC_VerbalsNPC_Merchant,B5309169497035B68B0420B071247F74_cue_6,"big bastard,"
Verbals/VC_VerbalsNPC_Merchant,1BA8AEFE4D80F28110C8078740A24D19_cue_4,bloated soul a grand turn.
Verbals/VC_VerbalsNPC_Merchant,8B374BAE48923EB9874530B3BF28623D_cue_1,but you’re talking to the man who did and lived to
Verbals/VC_VerbalsNPC_Merchant,98B5426C47F83003B96946BEF3E86284_cue_7,cell block D.
Verbals/VC_VerbalsNPC_Merchant,8B502B594001689806E145AF6748BF31_cue_2,"cor, I can't count the years."
Verbals/VC_VerbalsNPC_Merchant,93D49BB14F61960791B1268AA5CC07A3_cue_3,crackin' it in the teeth.
Verbals/VC_VerbalsNPC_Merchant,B11B075544C266B6A1F62AA9D4378DFC_cue_6,deeply honored.
Verbals/VC_VerbalsNPC_Merchant,9F72CF7F443D3A844B032CB8F89A6160_cue_1,don't matter — and Mereda can work her magic.
Verbals/VC_VerbalsNPC_Merchant,F2683C0148D2F404AE7D498FE7CC0FDD_cue_1,don't matter — and Mereda can work her magic.
Verbals/VC_VerbalsNPC_Merchant,7C2BD2CB4AC19A63B521A8B613D681EC_cue_3,drinkin' on my name.
Verbals/VC_VerbalsNPC_Merchant,61A74BF44079392992C308B072755152_cue_2,eh?
Verbals/VC_VerbalsNPC_Merchant,82966E024EB359FA1870E4B8C8A06D2F_cue_3,eh?
Verbals/VC_VerbalsNPC_Merchant,A0422D5145D5EB4CDFAB78AEAC9CBF6D_cue_1,eh?
Verbals/VC_VerbalsNPC_Merchant,CE82C8EF4DE20F4B55B2D4B73CBB4F51_cue_1,eh?
Verbals/VC_VerbalsNPC_Merchant,321075D24522E9BC5F8FAC847590938F_cue_5,find it and bring it back to me.
Verbals/VC_VerbalsNPC_Merchant,5E82766B4511E9988AC9B580D870229A_cue_3,"friend,"
Verbals/VC_VerbalsNPC_Merchant,068A98B44E429049983D708CC8360F90_cue_4,friend.
Verbals/VC_VerbalsNPC_Merchant,0F0EC14E464B4AABA8CE8A9C11F199D5_cue_1,friend.
Verbals/VC_VerbalsNPC_Merchant,11F6A943421354B53D87C09439630A4E_cue_1,friend.
Verbals/VC_VerbalsNPC_Merchant,21DC6CBF441B54BDCCC65DB1DCE71FCE_cue_1,friend.
Verbals/VC_VerbalsNPC_Merchant,3EF8945F4E3A817D1D1F62BEFA62EE5D_cue_1,friend.
Verbals/VC_VerbalsNPC_Merchant,729985E343FBA61ECEEC979B097C30DC_cue_3,friend.
Verbals/VC_VerbalsNPC_Merchant,77E571CE49B45DCAB0CA7B890C028B8C_cue_3,friend.
Verbals/VC_VerbalsNPC_Merchant,817522BE4302C3B7ABF4229628318ACD_cue_1,friend.
Verbals/VC_VerbalsNPC_Merchant,B11B075544C266B6A1F62AA9D4378DFC_cue_4,friend.
Verbals/VC_VerbalsNPC_Merchant,8FFCD5D24E1F03042A660C89342C7FAD_cue_1,get your potions ‘ere.
Verbals/VC_VerbalsNPC_Merchant,B5309169497035B68B0420B071247F74_cue_7,heart of gold buried under six feet of muscle.
Verbals/VC_VerbalsNPC_Merchant,ADF3ABBA4C49D47C89F70B8CE4494020_cue_2,in the day.
Verbals/VC_VerbalsNPC_Merchant,7C2BD2CB4AC19A63B521A8B613D681EC_cue_5,innit.
Verbals/VC_VerbalsNPC_Merchant,93D49BB14F61960791B1268AA5CC07A3_cue_2,it's gonna meet a blessed Archspire artifact
Verbals/VC_VerbalsNPC_Merchant,8FFCD5D24E1F03042A660C89342C7FAD_cue_3,it’s a dry day.
Verbals/VC_VerbalsNPC_Merchant,0F0EC14E464B4AABA8CE8A9C11F199D5_cue_5,"jailer's books,"
Verbals/VC_VerbalsNPC_Merchant,B6A0BC404F1A89D2207E9BA115249B8F_cue_2,just for you!
Verbals/VC_VerbalsNPC_Merchant,9F72CF7F443D3A844B032CB8F89A6160_cue_4,lass has been waitin' for a reason to stick it to that Cathedral.
Verbals/VC_VerbalsNPC_Merchant,F2683C0148D2F404AE7D498FE7CC0FDD_cue_4,lass has been waitin' for a reason to stick it to that Cathedral.
Verbals/VC_VerbalsNPC_Merchant,33373FC345C3FEFFE079D795ED58A1B0_cue_2,magick works from their own forges.
Verbals/VC_VerbalsNPC_Merchant,9C31ECB345A70C0F224513B7DB477CC1_cue_2,magick works from their own forges.
Verbals/VC_VerbalsNPC_Merchant,B6A0BC404F1A89D2207E9BA115249B8F_cue_5,"mate,"
Verbals/VC_VerbalsNPC_Merchant,269B721F485CFDA1D0388ABFBB0F239A_cue_1,mate.
Verbals/VC_VerbalsNPC_Merchant,7C2BD2CB4AC19A63B521A8B613D681EC_cue_1,maybe — maybe they got out.
Verbals/VC_VerbalsNPC_Merchant,729985E343FBA61ECEEC979B097C30DC_cue_2,"meant somethin',"
Verbals/VC_VerbalsNPC_Merchant,197D6DFB41A2C248392149B0C0D6EDF3_cue_3,most likely.
Verbals/VC_VerbalsNPC_Merchant,6DE1619545E3C8872A50EE89F09842FF_cue_4,no sir.
Verbals/VC_VerbalsNPC_Merchant,5F41A4944568B469E3EFB68275E99919,"oh sonny, lunch ain’t sittin’ well innit?"
Verbals/VC_VerbalsNPC_Merchant,ADF3ABBA4C49D47C89F70B8CE4494020_cue_4,one of them’s the archives.
Verbals/VC_VerbalsNPC_Merchant,4B72B33746C58DF4AA8A3DA9B0424BFF_cue_2,out of the good stuff.
Verbals/VC_VerbalsNPC_Merchant,98B5426C47F83003B96946BEF3E86284_cue_5,processed the same day.
Verbals/VC_VerbalsNPC_Merchant,6DE1619545E3C8872A50EE89F09842FF_cue_2,"quite a few pounds lighter,"
Verbals/VC_VerbalsNPC_Merchant,82966E024EB359FA1870E4B8C8A06D2F_cue_5,right?
Verbals/VC_VerbalsNPC_Merchant,D00669074BC0193A24A9869CC651BDE8_cue_2,rock like that.
Verbals/VC_VerbalsNPC_Merchant,B5309169497035B68B0420B071247F74_cue_4,she taught me everythin'.
Verbals/VC_VerbalsNPC_Merchant,321075D24522E9BC5F8FAC847590938F_cue_3,something important.
Verbals/VC_VerbalsNPC_Merchant,7C2BD2CB4AC19A63B521A8B613D681EC_cue_7,"stupid,"
Verbals/VC_VerbalsNPC_Merchant,7C2BD2CB4AC19A63B521A8B613D681EC_cue_8,stupid.
Verbals/VC_VerbalsNPC_Merchant,ADF3ABBA4C49D47C89F70B8CE4494020_cue_1,s’what we called the Cathedral in Gildenarch back
Verbals/VC_VerbalsNPC_Merchant,8B374BAE48923EB9874530B3BF28623D_cue_2,tell the tale!
Verbals/VC_VerbalsNPC_Merchant,0F0EC14E464B4AABA8CE8A9C11F199D5_cue_6,that sort.
Verbals/VC_VerbalsNPC_Merchant,2627A4524FB76BA1F14A30BFCAD03611_cue_4,that.
Verbals/VC_VerbalsNPC_Merchant,E0708FE84EA0138B6CE82996DB59FE05_cue_4,that.
Verbals/VC_VerbalsNPC_Merchant,8604B5074F6BC79AC2394AB48FAEF348_cue_3,the love I sold out.
Verbals/VC_VerbalsNPC_Merchant,3151C41C4D83225BDD2E76A6598E9C1B_cue_2,"there in the city, right?"
Verbals/VC_VerbalsNPC_Merchant,36CBF7D9454620077C62929886ACF3C7_cue_6,they took the chalice there at least.
Verbals/VC_VerbalsNPC_Merchant,D19A3CCE403B408C714822A330F86F5E_cue_2,thinkin' they were patchin' up a cursed merchant.
Verbals/VC_VerbalsNPC_Merchant,B11B075544C266B6A1F62AA9D4378DFC_cue_1,two gods.
Verbals/VC_VerbalsNPC_Merchant,6891E5CA4D7B0AE7589A8F9108CF1F55_cue_1,we didn't order a replacement.
Verbals/VC_VerbalsNPC_Merchant,3A52830F459D791404915ABD6DE73E18_cue_2,what a time to be alive.
Verbals/VC_VerbalsNPC_Merchant,8604B5074F6BC79AC2394AB48FAEF348_cue_1,where a woman named Aleria Hawthorn was taken.
Verbals/VC_VerbalsNPC_Merchant,FA30523249C4A9E94C3339A116E0887F_cue_2,wine and pretend they weren't cursed.
Verbals/VC_VerbalsNPC_Merchant,36CBF7D9454620077C62929886ACF3C7_cue_1,with a cursed item instead.
Verbals/VC_VerbalsNPC_Merchant,516DAD62404EDB7CFB9482888844D0C9_cue_2,without Lotte running out of the good stuff.
Verbals/VC_VerbalsNPC_Merchant,5E64FC9B406AEB3663A257862D479341_cue_2,would you believe it?
Verbals/VC_VerbalsNPC_Merchant,4FA49F1547F5EA6A7285DDACC01E6109_cue_2,would you believe it? Aha!
Verbals/VC_VerbalsNPC_Merchant,4B72B33746C58DF4AA8A3DA9B0424BFF_cue_8,ya?
Verbals/VC_VerbalsNPC_Merchant,B6A0BC404F1A89D2207E9BA115249B8F_cue_7,yeeesh.
Verbals/VC_VerbalsNPC_Merchant,D570240242EBAA1BDC07B6864295F9FF_cue_1,you have it.
Verbals/VC_VerbalsNPC_Merchant,671E1C7E4284AD0CFA93F9974470F8C9_cue_1,you’d have done it by now.
Verbals/VC_VerbalsNPC_Merchant,4079810F49C106C16E11278C0AFC5BFF_cue_1,you’ve done me a nice turn with that Locket.
Verbals/VC_VerbalsNPC_Merchant,98B5426C47F83003B96946BEF3E86284_cue_1,{a long silence} Toby.
Verbals/VC_VerbalsNPC_Merchant,F1052F314612B425C87EC8A80A78800E,{a long wet sigh from inside the helmet}
Verbals/VC_VerbalsNPC_Merchant,BE748FEE4A31933E5A7839A049CFCA80,{counting coin under his breath}
Verbals/VC_VerbalsNPC_Merchant,D570240242EBAA1BDC07B6864295F9FF_cue_2,{somber silence} Y’know it's true.
Verbals/VC_VerbalsNPC_Solomon,5866710C49994952363920973EFCBEC4,(labored breathing)
Verbals/VC_VerbalsNPC_Solomon,C1B91F4A4BFCF9F0068CA9A69628B804_cue_0,(laughs) Well done!
Verbals/VC_VerbalsNPC_Solomon,C1B91F4A4BFCF9F0068CA9A69628B804,"(laughs) Well done!  You've banished the first god! But when you have to do it all over again, then we shall see about your... faith."
Verbals/VC_VerbalsNPC_Solomon,007520D9444FF34D00DAF0970E8C3772_cue_1,A bridge between man and divine.
Verbals/VC_VerbalsNPC_Solomon,53E1EFB14BB4A1044934CFB07AC081E9_cue_5,A fair price to pay for the destruction of theirs
Verbals/VC_VerbalsNPC_Solomon,060757EA4E18F7FC0D7E4BBC0A0BC50B_cue_3,A mere consequence of its true purpose.
Verbals/VC_VerbalsNPC_Solomon,DC04FDE849ED35035433079046C9B91E_cue_2,A mere consequence of its true purpose.
Verbals/VC_VerbalsNPC_Solomon,297B11234BDC68491711AABF9F3698B5_cue_1,A shame that you will die with the rest of this accursed realm!
Verbals/VC_VerbalsNPC_Solomon,AB791ADE48B34E45D3F793B62F29AE2B,A willingness to a put an end to this charade you call an age.
Verbals/VC_VerbalsNPC_Solomon,0018A788485CE3F2AEE0BBA79C0344CC,"After Aegoroth, you're next."
Verbals/VC_VerbalsNPC_Solomon,53E1EFB14BB4A1044934CFB07AC081E9_cue_0,"After Gildenarch, we will march upon the capital of Luminar."
Verbals/VC_VerbalsNPC_Solomon,53E1EFB14BB4A1044934CFB07AC081E9,"After Gildenarch, we will march upon the capital of Luminar. Every city will contain the seeds for another harvest. After the Infernal Flora has reached critical mass, it will consume Eden, and the Legion will lay claim to this realm as their own. A fair price to pay for the destruction of theirs"
Verbals/VC_VerbalsNPC_Solomon,53E1EFB14BB4A1044934CFB07AC081E9_cue_2,"After the Infernal Flora has reached critical mass,"
Verbals/VC_VerbalsNPC_Solomon,62B5D56F4B3DAFE4EDA642A56B5F21EF_cue_0,"After their victory,"
Verbals/VC_VerbalsNPC_Solomon,62B5D56F4B3DAFE4EDA642A56B5F21EF,"After their victory, the Holy Lineage was formed and started the Lunitarian Church. Once they received Imperial support, they demanded that the Sentinels abandon the old ways; when the Sentinels refused, they slaughtered them all."
Verbals/VC_VerbalsNPC_Solomon,501F5630456A13B6201D38AE4ADA2D09_cue_4,All I seek to do is finish it.
Verbals/VC_VerbalsNPC_Solomon,86103398469F34BCE5FF2CB1DD1E4187_cue_0,All in due time.
Verbals/VC_VerbalsNPC_Solomon,86103398469F34BCE5FF2CB1DD1E4187,All in due time. Provided you survive what lies ahead.
Verbals/VC_VerbalsNPC_Solomon,E6914F4F4F028FB9362ED7B66EDE3E52,All tests can be endured through faith!
Verbals/VC_VerbalsNPC_Solomon,F6B4153542AF546731EB8A9BA1BD6899_cue_2,All you must do is take it!
Verbals/VC_VerbalsNPC_Solomon,ECA9158B43B7E60848F8C4953B8B4CD2_cue_2,"An uncomfortable thought, hmm?"
Verbals/VC_VerbalsNPC_Solomon,C31229374857B10C676739A482038887,And what do you think he will say?
Verbals/VC_VerbalsNPC_Solomon,6B38424E491A03C0686E4DB2FDAB997E_cue_0,"And yet the Spire still turns,"
Verbals/VC_VerbalsNPC_Solomon,6B38424E491A03C0686E4DB2FDAB997E,"And yet the Spire still turns, and you must do it all over again. How much longer can you evade death? How many times have you 'resurrected' ?"
Verbals/VC_VerbalsNPC_Solomon,ECA9158B43B7E60848F8C4953B8B4CD2_cue_3,Angels do not feel.
Verbals/VC_VerbalsNPC_Solomon,706D882E401A4BF0759D30A77ACD20F3_cue_0,Another Nephilim for the slaughter.
Verbals/VC_VerbalsNPC_Solomon,706D882E401A4BF0759D30A77ACD20F3,Another Nephilim for the slaughter. Turn back if you want to live!
Verbals/VC_VerbalsNPC_Solomon,94AD650E418D3598700B8B97A91AA659_cue_1,Another cult in service to another titan 
Verbals/VC_VerbalsNPC_Solomon,461F89914714BE689E2CD4A5F78F5AC9_cue_2,"Another war, another cultural conflict,"
Verbals/VC_VerbalsNPC_Solomon,65D3609D43E6629CACFC3ABD158A0DE5_cue_3,Any end can justify the means dear Nephilim.
Verbals/VC_VerbalsNPC_Solomon,D3DB6B1B4FC98369EEC66B979B803BB4,Aren't you getting tired dog?
Verbals/VC_VerbalsNPC_Solomon,D078C4C644494F3BFA4AC18349CBE2D3_cue_3,Be a good slave!
Verbals/VC_VerbalsNPC_Solomon,B85C3B8249F966EA5A42FF8C307DAC25_cue_0,Believe not his lies Nephilim.
Verbals/VC_VerbalsNPC_Solomon,B85C3B8249F966EA5A42FF8C307DAC25,Believe not his lies Nephilim. This victory is proof the Divine watches over us!
Verbals/VC_VerbalsNPC_Solomon,0F98340747861F7F227E3EBD4184D3E3_cue_0,Blind faith breaks upon the stone of reality.
Verbals/VC_VerbalsNPC_Solomon,0F98340747861F7F227E3EBD4184D3E3,Blind faith breaks upon the stone of reality. I've seen it many times. Soon you shall see it too
Verbals/VC_VerbalsNPC_Solomon,C1B91F4A4BFCF9F0068CA9A69628B804_cue_2,"But when you have to do it all over again,"
Verbals/VC_VerbalsNPC_Solomon,F0B986F54330836B6677139691FD3CBE_cue_1,"By the time I had reached my hearth in grief,"
Verbals/VC_VerbalsNPC_Solomon,501F5630456A13B6201D38AE4ADA2D09_cue_1,Cain waged the Rite of Desolation
Verbals/VC_VerbalsNPC_Solomon,DC04FDE849ED35035433079046C9B91E_cue_5,Cannot say I'm surprised.
Verbals/VC_VerbalsNPC_Solomon,DC04FDE849ED35035433079046C9B91E_cue_0,Did Gallant fail to tell you?
Verbals/VC_VerbalsNPC_Solomon,DC04FDE849ED35035433079046C9B91E,"Did Gallant fail to tell you? The fabric of your realm churns with the Spire. A mere consequence of its true purpose. I'd have assumed the Church mentioned this with the Abraxas Stones, no? Cannot say I'm surprised."
Verbals/VC_VerbalsNPC_Solomon,69C8EC9C4338937B96FB48B3ACE27A10_cue_0,Do not try to stop me.
Verbals/VC_VerbalsNPC_Solomon,69C8EC9C4338937B96FB48B3ACE27A10,Do not try to stop me. Turn back and overthrow your masters!
Verbals/VC_VerbalsNPC_Solomon,421F0F704DFF7051B2E8BAB8FD051CC2_cue_3,Do you really want to save the species that enslaved you?
Verbals/VC_VerbalsNPC_Solomon,E3FED8144851D307F1FE0D8FA236B4AA,ENOUGH!
Verbals/VC_VerbalsNPC_Solomon,B992ED5B4F54B298C68A619A0CF2F6B2_cue_1,Ever heard of the Apostate Hunts?
Verbals/VC_VerbalsNPC_Solomon,F582D46B47867B44DF24BA915F9F8ADF_cue_1,Ever wonder why that is?
Verbals/VC_VerbalsNPC_Solomon,53E1EFB14BB4A1044934CFB07AC081E9_cue_1,Every city will contain the seeds for another harvest.
Verbals/VC_VerbalsNPC_Solomon,9AF5A81B4FA3E08DF4958DB89F6B16AB,Felwyl! What are you doing?!
Verbals/VC_VerbalsNPC_Solomon,5D94448A4D16887F7F1A2DB0DF4EC14E,Finally. It's dead. One more remains.
Verbals/VC_VerbalsNPC_Solomon,CD9B1A1C4AA791ADE91C718B08C67B7B_cue_0,For The Dead Gods Cry and the Fallen Lords Lie.
Verbals/VC_VerbalsNPC_Solomon,CD9B1A1C4AA791ADE91C718B08C67B7B,"For The Dead Gods Cry and the Fallen Lords Lie. Our victory, guided by faith!"
Verbals/VC_VerbalsNPC_Solomon,7E76005B46A7451D2EC37D9F62E4D17A_cue_0,"Gallant Alexander,"
Verbals/VC_VerbalsNPC_Solomon,7E76005B46A7451D2EC37D9F62E4D17A,"Gallant Alexander, the first Nephilim and slayer of Valahk - Nor. He who helped enslave and murder his own kind and upholds the Lunitarian world order! You’d do well not to trust him."
Verbals/VC_VerbalsNPC_Solomon,3B4964F3424F65914E4F91B13E5C9D4E_cue_2,Gallant knows.
Verbals/VC_VerbalsNPC_Solomon,326CADD342456C2767C87AB4E21A2C2C,Gallant will protect me
Verbals/VC_VerbalsNPC_Solomon,BEB0D49547923416B8776FA5081F3342_cue_0,Gallant?
Verbals/VC_VerbalsNPC_Solomon,BEB0D49547923416B8776FA5081F3342,Gallant? The same person who helped enslave his people at the behest of the Church? You're being misled
Verbals/VC_VerbalsNPC_Solomon,93620A26417FB783CEEB1E9707D40556_cue_0,"Gildenarch's people revered you,"
Verbals/VC_VerbalsNPC_Solomon,93620A26417FB783CEEB1E9707D40556,"Gildenarch's people revered you, they trusted you and you betrayed them."
Verbals/VC_VerbalsNPC_Solomon,9E15C437476E5BA0B8485EB704102ABE,Go back to your order. Leave this city.
Verbals/VC_VerbalsNPC_Solomon,D078C4C644494F3BFA4AC18349CBE2D3_cue_2,"Go on, bring that stone back to the Church."
Verbals/VC_VerbalsNPC_Solomon,7E76005B46A7451D2EC37D9F62E4D17A_cue_2,He who helped enslave and murder his own kind
Verbals/VC_VerbalsNPC_Solomon,A65E5B874C3EB7C3C27E52B2312255A3,He will explain everything!
Verbals/VC_VerbalsNPC_Solomon,3B4964F3424F65914E4F91B13E5C9D4E_cue_3,He's even carried it out before.
Verbals/VC_VerbalsNPC_Solomon,F0B986F54330836B6677139691FD3CBE_cue_4,Heed the lessons of my harrowing well.
Verbals/VC_VerbalsNPC_Solomon,7603DE0E4466FB2628FCEA975A173843_cue_0,Hmm? No prayers this time? No battle cries?
Verbals/VC_VerbalsNPC_Solomon,7603DE0E4466FB2628FCEA975A173843,Hmm? No prayers this time? No battle cries? Only silence.
Verbals/VC_VerbalsNPC_Solomon,6B38424E491A03C0686E4DB2FDAB997E_cue_3,How many times have you 'resurrected' ?
Verbals/VC_VerbalsNPC_Solomon,6B38424E491A03C0686E4DB2FDAB997E_cue_2,How much longer can you evade death?
Verbals/VC_VerbalsNPC_Solomon,461F89914714BE689E2CD4A5F78F5AC9_cue_4,Humans are merely narrative animals;
Verbals/VC_VerbalsNPC_Solomon,86DD9DCF40D0E480FDB2458FFB115420_cue_3,I can offer no salvation greater than to be spared existence
Verbals/VC_VerbalsNPC_Solomon,344B4EC54B8EFAEC97F6F390737E92FC_cue_1,I demanded funding for the Godsreach Spire civic project.
Verbals/VC_VerbalsNPC_Solomon,C12685C84A4A9622211CC69148070BEA_cue_1,"I do not deal in lies, Nephilim."
Verbals/VC_VerbalsNPC_Solomon,8C24D6004D23721998DE9CBA7FD904C5_cue_0,I don't understand.
Verbals/VC_VerbalsNPC_Solomon,8C24D6004D23721998DE9CBA7FD904C5,I don't understand. Why didn't the Church prepare us for this?
Verbals/VC_VerbalsNPC_Solomon,F0B986F54330836B6677139691FD3CBE_cue_2,I found crusaders standing over my corpse of my son.
Verbals/VC_VerbalsNPC_Solomon,C12685C84A4A9622211CC69148070BEA_cue_2,I gave them what they wanted.
Verbals/VC_VerbalsNPC_Solomon,A37237D3407A5ED6C1B9788329993786_cue_5,I had hoped one day my name might join theirs.
Verbals/VC_VerbalsNPC_Solomon,F6B4153542AF546731EB8A9BA1BD6899_cue_1,I have armed you with the knowledge necessary to earn your freedom.
Verbals/VC_VerbalsNPC_Solomon,A37237D3407A5ED6C1B9788329993786_cue_0,I know the Church's secrets well
Verbals/VC_VerbalsNPC_Solomon,A37237D3407A5ED6C1B9788329993786,"I know the Church's secrets well because I was once a member of the cloth long ago. I was inspired by Saint Uriel the Kind, Saint Aevestus the Savior, and the Saintess Reliqua of Virtue. I had hoped one day my name might join theirs. Instead they took my family away from me."
Verbals/VC_VerbalsNPC_Solomon,A37237D3407A5ED6C1B9788329993786_cue_2,"I was inspired by Saint Uriel the Kind,"
Verbals/VC_VerbalsNPC_Solomon,B700EB0641C4DD043415F5A772814BAA_cue_1,I wonder how much more you can endure?
Verbals/VC_VerbalsNPC_Solomon,060757EA4E18F7FC0D7E4BBC0A0BC50B_cue_4,I would have expected him to mention that.
Verbals/VC_VerbalsNPC_Solomon,DC04FDE849ED35035433079046C9B91E_cue_3,I'd have assumed the Church mentioned this
Verbals/VC_VerbalsNPC_Solomon,0F98340747861F7F227E3EBD4184D3E3_cue_1,I've seen it many times.
Verbals/VC_VerbalsNPC_Solomon,6772E86745D756D932CB4194D3D2A9A5_cue_1,I've spoken nothing but truth.
Verbals/VC_VerbalsNPC_Solomon,49101FAB44DE209E17D3EC8B26B87451_cue_2,"If you knew the things I did,"
Verbals/VC_VerbalsNPC_Solomon,344B4EC54B8EFAEC97F6F390737E92FC_cue_0,"In exchange for that knowledge,"
Verbals/VC_VerbalsNPC_Solomon,344B4EC54B8EFAEC97F6F390737E92FC,"In exchange for that knowledge, I demanded funding for the Godsreach Spire civic project. What you see before you is not their creation, but the result of my... enhancements."
Verbals/VC_VerbalsNPC_Solomon,A37237D3407A5ED6C1B9788329993786_cue_6,Instead they took my family away from me.
Verbals/VC_VerbalsNPC_Solomon,43395BBF49F9B2D73B2253B62B7FFEA1,Is that what the Church is telling you now?
Verbals/VC_VerbalsNPC_Solomon,65D3609D43E6629CACFC3ABD158A0DE5_cue_0,"It is true that my efforts have wrought destruction,"
Verbals/VC_VerbalsNPC_Solomon,65D3609D43E6629CACFC3ABD158A0DE5,"It is true that my efforts have wrought destruction, but for good reason. To destroy the old and correct history. Any end can justify the means dear Nephilim. One day soon you will learn this!"
Verbals/VC_VerbalsNPC_Solomon,8E0A13754DDAEB5A7D87D6B47888D18F_cue_0,"It takes strength to forge in the face of despair,"
Verbals/VC_VerbalsNPC_Solomon,8E0A13754DDAEB5A7D87D6B47888D18F,"It takes strength to forge in the face of despair, and only weakness to destroy, Solomon."
Verbals/VC_VerbalsNPC_Solomon,007520D9444FF34D00DAF0970E8C3772_cue_4,It's enough to make one... resentful
Verbals/VC_VerbalsNPC_Solomon,F6B4153542AF546731EB8A9BA1BD6899_cue_0,"Just as I slowly built the spire beneath the Church's noses,"
Verbals/VC_VerbalsNPC_Solomon,F6B4153542AF546731EB8A9BA1BD6899,"Just as I slowly built the spire beneath the Church's noses, I have armed you with the knowledge necessary to earn your freedom. All you must do is take it!"
Verbals/VC_VerbalsNPC_Solomon,D8CAB9D64ACBDD67ADC1F5BC2D9E4D0A_cue_0,Just as he watched over the people of this city? Hmph. 
Verbals/VC_VerbalsNPC_Solomon,D8CAB9D64ACBDD67ADC1F5BC2D9E4D0A,Just as he watched over the people of this city? Hmph. Perhaps he plays favorites? Perhaps he's absent.
Verbals/VC_VerbalsNPC_Solomon,FF8636F141C612C4BE649EAB7BB9177F_cue_2,"Learn about the Apostate Hunts,"
Verbals/VC_VerbalsNPC_Solomon,7798CF2840411CC7E8638BB0B1BDD48C_cue_4,"Little did they know he had plans of his own,"
Verbals/VC_VerbalsNPC_Solomon,3E8A864C43B9774A2AF7969D4C23B38D_cue_3,"Mathias heeded my counsel,"
Verbals/VC_VerbalsNPC_Solomon,3E8A864C43B9774A2AF7969D4C23B38D_cue_0,Mathias was a tender soul who only wanted to do right 
Verbals/VC_VerbalsNPC_Solomon,3E8A864C43B9774A2AF7969D4C23B38D,"Mathias was a tender soul who only wanted to do right by the faith and the city. Unlike that troublesome Archbishop, Mathias heeded my counsel, and I gave him what his chapter wanted: the knowledge of the Abraxas Stones"
Verbals/VC_VerbalsNPC_Solomon,060757EA4E18F7FC0D7E4BBC0A0BC50B_cue_1,Maybe Gallant failed to mention 
Verbals/VC_VerbalsNPC_Solomon,B992ED5B4F54B298C68A619A0CF2F6B2_cue_0,Maybe he will. Maybe he'll just kill you.
Verbals/VC_VerbalsNPC_Solomon,B992ED5B4F54B298C68A619A0CF2F6B2,"Maybe he will. Maybe he'll just kill you. Ever heard of the Apostate Hunts? What do they do to bad dogs who get off their leashes? Hmm? You don't have to trust me, precedent speaks for itself."
Verbals/VC_VerbalsNPC_Solomon,F0B986F54330836B6677139691FD3CBE_cue_0,My faith died on the pyre with my dearest Deliliah.
Verbals/VC_VerbalsNPC_Solomon,F0B986F54330836B6677139691FD3CBE,"My faith died on the pyre with my dearest Deliliah. By the time I had reached my hearth in grief, I found crusaders standing over my corpse of my son. This is what they do to their servants when they step out of line, Nephilim. Heed the lessons of my harrowing well."
Verbals/VC_VerbalsNPC_Solomon,421F0F704DFF7051B2E8BAB8FD051CC2_cue_0,Necessary casualties to bring about the change
Verbals/VC_VerbalsNPC_Solomon,421F0F704DFF7051B2E8BAB8FD051CC2,Necessary casualties to bring about the change this realm so desperately needs... To right the wrongs of those before you. Do you really want to save the species that enslaved you?
Verbals/VC_VerbalsNPC_Solomon,6772E86745D756D932CB4194D3D2A9A5_cue_0,"Oh, but I'm not the one who's deceived you."
Verbals/VC_VerbalsNPC_Solomon,6772E86745D756D932CB4194D3D2A9A5,"Oh, but I'm not the one who's deceived you. I've spoken nothing but truth."
Verbals/VC_VerbalsNPC_Solomon,BA2FC79F484CF49010F91EA5C4186B2F_cue_4,"Once I had the masses in the palm of my hands,"
Verbals/VC_VerbalsNPC_Solomon,94AD650E418D3598700B8B97A91AA659_cue_0,Once the faith was like all others.
Verbals/VC_VerbalsNPC_Solomon,94AD650E418D3598700B8B97A91AA659,Once the faith was like all others. Another cult in service to another titan vying for lordship over the cosmos. The Lunar Sentinels fought in the War of the Gods under Lunarin’s banner and were victorious. 
Verbals/VC_VerbalsNPC_Solomon,62B5D56F4B3DAFE4EDA642A56B5F21EF_cue_2,"Once they received Imperial support,"
Verbals/VC_VerbalsNPC_Solomon,65D3609D43E6629CACFC3ABD158A0DE5_cue_4,One day soon you will learn this!
Verbals/VC_VerbalsNPC_Solomon,7603DE0E4466FB2628FCEA975A173843_cue_1,Only silence.
Verbals/VC_VerbalsNPC_Solomon,CD9B1A1C4AA791ADE91C718B08C67B7B_cue_1,"Our victory,"
Verbals/VC_VerbalsNPC_Solomon,D8CAB9D64ACBDD67ADC1F5BC2D9E4D0A_cue_1,Perhaps he plays favorites?
Verbals/VC_VerbalsNPC_Solomon,D8CAB9D64ACBDD67ADC1F5BC2D9E4D0A_cue_2,Perhaps he's absent.
Verbals/VC_VerbalsNPC_Solomon,4C7FE0F5475DC322BDDBEB8F05070B5C_cue_1,Preyed upon their hopelessness and despair!
Verbals/VC_VerbalsNPC_Solomon,14143ED5429057380D2EB0B4B2084DF3_cue_1,Prove that they have no control over you.
Verbals/VC_VerbalsNPC_Solomon,86103398469F34BCE5FF2CB1DD1E4187_cue_1,Provided you survive what lies ahead.
Verbals/VC_VerbalsNPC_Solomon,F9F0A8594A19F6C49F0E42BE81AD56A4,Remember Gallant's promise.
Verbals/VC_VerbalsNPC_Solomon,A37237D3407A5ED6C1B9788329993786_cue_3,"Saint Aevestus the Savior,"
Verbals/VC_VerbalsNPC_Solomon,3A146CA940D0B1DFF893F5AEFD8340DF_cue_0,Sheep want Shepherds;
Verbals/VC_VerbalsNPC_Solomon,3A146CA940D0B1DFF893F5AEFD8340DF,Sheep want Shepherds; they don’t care if they’re led to the pastures or the slaughter. They’re not a species worth dying for.
Verbals/VC_VerbalsNPC_Solomon,F0CB1C2243EB9BDB27A559B9864BFFA3,Silence deceiver! Reveal yourself
Verbals/VC_VerbalsNPC_Solomon,FB924C184D59B05677A8E1878AD947C7,Silence! Your games are nothing to us!
Verbals/VC_VerbalsNPC_Solomon,887E791D49D30F6C7D9D9CB69DAD0D08,Silence. You cannot hide behind your deceit forever!
Verbals/VC_VerbalsNPC_Solomon,00FEED234A35D4DFF7ADEE8C10DBEB5A_cue_1,"Simply ask yourself, why?"
Verbals/VC_VerbalsNPC_Solomon,7123DDE84EAF5CAEF429809D8EFABD36_cue_3,"Since their founding,"
Verbals/VC_VerbalsNPC_Solomon,0F98340747861F7F227E3EBD4184D3E3_cue_2,Soon you shall see it too
Verbals/VC_VerbalsNPC_Solomon,E0797AAB44DBDD88B64348A81BF2C830_cue_0,Sound familiar?
Verbals/VC_VerbalsNPC_Solomon,E0797AAB44DBDD88B64348A81BF2C830,Sound familiar? What I've done is nothing the Church wouldn't do if given the chance
Verbals/VC_VerbalsNPC_Solomon,6539B226462D43EB4EE4F1B0735231B0_cue_0,The Church has no control over my mind
Verbals/VC_VerbalsNPC_Solomon,6539B226462D43EB4EE4F1B0735231B0,The Church has no control over my mind and neither do you Solomon.
Verbals/VC_VerbalsNPC_Solomon,461F89914714BE689E2CD4A5F78F5AC9_cue_0,The Dead Gods are no different than yours.
Verbals/VC_VerbalsNPC_Solomon,461F89914714BE689E2CD4A5F78F5AC9,"The Dead Gods are no different than yours. The victors simply wrote the history books. Another war, another cultural conflict, resulting in a world divorced from reality. Humans are merely narrative animals; they care not for what truly is, but for how something feels. Truth breaks man, but for one over man, like a Nephilim perhaps, it can ignite a fire"
Verbals/VC_VerbalsNPC_Solomon,501F5630456A13B6201D38AE4ADA2D09_cue_0,The Infernal Legion are my master's children.
Verbals/VC_VerbalsNPC_Solomon,501F5630456A13B6201D38AE4ADA2D09,The Infernal Legion are my master's children. Cain waged the Rite of Desolation to correct the wrongs of Lunarin and your progenitors. All I seek to do is finish it. To right the ancient wrongs.
Verbals/VC_VerbalsNPC_Solomon,94AD650E418D3598700B8B97A91AA659_cue_3,The Lunar Sentinels fought in the War of the Gods
Verbals/VC_VerbalsNPC_Solomon,7123DDE84EAF5CAEF429809D8EFABD36_cue_1,The Lunitarian Church has a storied history
Verbals/VC_VerbalsNPC_Solomon,007520D9444FF34D00DAF0970E8C3772_cue_0,The Nephilim.
Verbals/VC_VerbalsNPC_Solomon,007520D9444FF34D00DAF0970E8C3772,The Nephilim. A bridge between man and divine. The next step in the species yet subdued by weaker... fearful men. It's enough to make one... resentful
Verbals/VC_VerbalsNPC_Solomon,7798CF2840411CC7E8638BB0B1BDD48C_cue_0,"The Reborn were desperate, useful idiots, nothing more."
Verbals/VC_VerbalsNPC_Solomon,7798CF2840411CC7E8638BB0B1BDD48C,"The Reborn were desperate, useful idiots, nothing more. They were Felwyl’s creation; they had marveled at the wonders he could perform with Infernal Flora. Little did they know he had plans of his own, and our interests were well aligned."
Verbals/VC_VerbalsNPC_Solomon,C12685C84A4A9622211CC69148070BEA_cue_0,The Reborn were sold on eternal life.
Verbals/VC_VerbalsNPC_Solomon,C12685C84A4A9622211CC69148070BEA,"The Reborn were sold on eternal life. I do not deal in lies, Nephilim. I gave them what they wanted. This “Hellgrowth” as you call it, is a form of life that will never expire."
Verbals/VC_VerbalsNPC_Solomon,319274DD466062B3111225B818AA3AD6_cue_0,The Suffering of Two Souls.
Verbals/VC_VerbalsNPC_Solomon,319274DD466062B3111225B818AA3AD6,The Suffering of Two Souls. The consequences for the sins of our fathers.
Verbals/VC_VerbalsNPC_Solomon,00FEED234A35D4DFF7ADEE8C10DBEB5A_cue_0,"The anger, the fury you feel is your paladin's pain."
Verbals/VC_VerbalsNPC_Solomon,00FEED234A35D4DFF7ADEE8C10DBEB5A,"The anger, the fury you feel is your paladin's pain. Simply ask yourself, why?"
Verbals/VC_VerbalsNPC_Solomon,319274DD466062B3111225B818AA3AD6_cue_1,The consequences for the sins of our fathers.
Verbals/VC_VerbalsNPC_Solomon,DC04FDE849ED35035433079046C9B91E_cue_1,The fabric of your realm churns with the Spire.
Verbals/VC_VerbalsNPC_Solomon,14FE46A0481E6C7F5E4246951A7E09DA_cue_1,"The more you learn, the more you realize "
Verbals/VC_VerbalsNPC_Solomon,007520D9444FF34D00DAF0970E8C3772_cue_2,The next step in the species yet subdued by weaker...
Verbals/VC_VerbalsNPC_Solomon,86DD9DCF40D0E480FDB2458FFB115420_cue_1,"The people of GIldenarch needed a savior,"
Verbals/VC_VerbalsNPC_Solomon,7123DDE84EAF5CAEF429809D8EFABD36_cue_0,The plight of your kind is not unique.
Verbals/VC_VerbalsNPC_Solomon,7123DDE84EAF5CAEF429809D8EFABD36,"The plight of your kind is not unique. The Lunitarian Church has a storied history of subjugation, manipulation, and deceit. Since their founding, they’ve betrayed their own and enslaved their saviors. To those who learn better, they kill them."
Verbals/VC_VerbalsNPC_Solomon,269A598342CFD6EBA5FFC2808A085C09_cue_0,The same evil which allowed this City to languish.
Verbals/VC_VerbalsNPC_Solomon,269A598342CFD6EBA5FFC2808A085C09,The same evil which allowed this City to languish. Your Church.
Verbals/VC_VerbalsNPC_Solomon,BEB0D49547923416B8776FA5081F3342_cue_1,The same person who helped enslave his people
Verbals/VC_VerbalsNPC_Solomon,25F9EF7948EC0FEA12579C9A83E14F06_cue_2,The unchecked power of the Dead Gods 
Verbals/VC_VerbalsNPC_Solomon,461F89914714BE689E2CD4A5F78F5AC9_cue_1,The victors simply wrote the history books.
Verbals/VC_VerbalsNPC_Solomon,297B11234BDC68491711AABF9F3698B5_cue_0,Then you are potential squandered!
Verbals/VC_VerbalsNPC_Solomon,297B11234BDC68491711AABF9F3698B5,Then you are potential squandered! A shame that you will die with the rest of this accursed realm!
Verbals/VC_VerbalsNPC_Solomon,FF8636F141C612C4BE649EAB7BB9177F_cue_4,Then you’ll know your Knight Commander for who he really is.
Verbals/VC_VerbalsNPC_Solomon,25F9EF7948EC0FEA12579C9A83E14F06_cue_0,These fools had no concept of the forces 
Verbals/VC_VerbalsNPC_Solomon,25F9EF7948EC0FEA12579C9A83E14F06,These fools had no concept of the forces they were attempting to uncover. The unchecked power of the Dead Gods would have blindly destroyed your realm if I had not intervened. 
Verbals/VC_VerbalsNPC_Solomon,ECA9158B43B7E60848F8C4953B8B4CD2_cue_4,They do not bleed!
Verbals/VC_VerbalsNPC_Solomon,BA2FC79F484CF49010F91EA5C4186B2F_cue_0,They needed jobs; I provided them.
Verbals/VC_VerbalsNPC_Solomon,BA2FC79F484CF49010F91EA5C4186B2F,"They needed jobs; I provided them. They wanted wealth? I had plenty to spare. They needed someone to hate, and I told them to look at each other. Once I had the masses in the palm of my hands, my conquest was all too easy."
Verbals/VC_VerbalsNPC_Solomon,BA2FC79F484CF49010F91EA5C4186B2F_cue_2,"They needed someone to hate,"
Verbals/VC_VerbalsNPC_Solomon,E6CD7076459011A9915F0DA4089FB9C9,"They rely so heavily upon you, yet tell you so little."
Verbals/VC_VerbalsNPC_Solomon,BA2FC79F484CF49010F91EA5C4186B2F_cue_1,They wanted wealth? I had plenty to spare.
Verbals/VC_VerbalsNPC_Solomon,7798CF2840411CC7E8638BB0B1BDD48C_cue_1,They were Felwyl’s creation;
Verbals/VC_VerbalsNPC_Solomon,3A146CA940D0B1DFF893F5AEFD8340DF_cue_2,They’re not a species worth dying for.
Verbals/VC_VerbalsNPC_Solomon,AC36B4CF4FCAE3E9F98540B063B5A7A4_cue_0,This destruction.
Verbals/VC_VerbalsNPC_Solomon,AC36B4CF4FCAE3E9F98540B063B5A7A4,This destruction. What evil is behind such a horrific display? 
Verbals/VC_VerbalsNPC_Solomon,F0B986F54330836B6677139691FD3CBE_cue_3,"This is what they do to their servants when they step out of line, Nephilim."
Verbals/VC_VerbalsNPC_Solomon,14143ED5429057380D2EB0B4B2084DF3_cue_0,This is your last chance.
Verbals/VC_VerbalsNPC_Solomon,14143ED5429057380D2EB0B4B2084DF3,This is your last chance. Prove that they have no control over you. Turn. Back. Now!!
Verbals/VC_VerbalsNPC_Solomon,DA61302B4F9E8EEB621EA99A706F2E97,This isn't right. We should be at the graveyard
Verbals/VC_VerbalsNPC_Solomon,B85C3B8249F966EA5A42FF8C307DAC25_cue_1,This victory is proof the Divine watches over us!
Verbals/VC_VerbalsNPC_Solomon,C12685C84A4A9622211CC69148070BEA_cue_3,"This “Hellgrowth” as you call it,"
Verbals/VC_VerbalsNPC_Solomon,336A72EE4B3E6F00D39698B3E6773BFE,Through my actions. I will show the Church a better way.
Verbals/VC_VerbalsNPC_Solomon,65D3609D43E6629CACFC3ABD158A0DE5_cue_2,To destroy the old and correct history.
Verbals/VC_VerbalsNPC_Solomon,501F5630456A13B6201D38AE4ADA2D09_cue_5,To right the ancient wrongs.
Verbals/VC_VerbalsNPC_Solomon,421F0F704DFF7051B2E8BAB8FD051CC2_cue_2,To right the wrongs of those before you.
Verbals/VC_VerbalsNPC_Solomon,7123DDE84EAF5CAEF429809D8EFABD36_cue_5,"To those who learn better,"
Verbals/VC_VerbalsNPC_Solomon,461F89914714BE689E2CD4A5F78F5AC9_cue_7,"Truth breaks man,"
Verbals/VC_VerbalsNPC_Solomon,69C8EC9C4338937B96FB48B3ACE27A10_cue_1,Turn back and overthrow your masters!
Verbals/VC_VerbalsNPC_Solomon,706D882E401A4BF0759D30A77ACD20F3_cue_1,Turn back if you want to live!
Verbals/VC_VerbalsNPC_Solomon,14143ED5429057380D2EB0B4B2084DF3_cue_2,Turn. Back. Now!!
Verbals/VC_VerbalsNPC_Solomon,3E8A864C43B9774A2AF7969D4C23B38D_cue_2,"Unlike that troublesome Archbishop,"
Verbals/VC_VerbalsNPC_Solomon,082C2D5644EEDD08EB5F7893CFCC1E26,We'll see about that.
Verbals/VC_VerbalsNPC_Solomon,5F87E42C4C226C13956CF996657DEE70,"Welcome back, hound."
Verbals/VC_VerbalsNPC_Solomon,E0797AAB44DBDD88B64348A81BF2C830_cue_1,What I've done is nothing the Church wouldn't do if given the chance
Verbals/VC_VerbalsNPC_Solomon,B992ED5B4F54B298C68A619A0CF2F6B2_cue_2,What do they do to bad dogs who get off their leashes? Hmm?
Verbals/VC_VerbalsNPC_Solomon,3B4964F3424F65914E4F91B13E5C9D4E_cue_0,What do you think the Church will do to you
Verbals/VC_VerbalsNPC_Solomon,3B4964F3424F65914E4F91B13E5C9D4E,What do you think the Church will do to you once they find out you know the truth... Gallant knows. He's even carried it out before.
Verbals/VC_VerbalsNPC_Solomon,AC36B4CF4FCAE3E9F98540B063B5A7A4_cue_1,What evil is behind such a horrific display?
Verbals/VC_VerbalsNPC_Solomon,87D1775946013AC387E70DBEE29DF17E,What was that?
Verbals/VC_VerbalsNPC_Solomon,14FE46A0481E6C7F5E4246951A7E09DA_cue_0,"What will you do with your fire, Nephilim?"
Verbals/VC_VerbalsNPC_Solomon,14FE46A0481E6C7F5E4246951A7E09DA,"What will you do with your fire, Nephilim? The more you learn, the more you realize that I am justified in the things I have done."
Verbals/VC_VerbalsNPC_Solomon,344B4EC54B8EFAEC97F6F390737E92FC_cue_2,"What you see before you is not their creation,"
Verbals/VC_VerbalsNPC_Solomon,060757EA4E18F7FC0D7E4BBC0A0BC50B_cue_0,What's wrong? Not where the Divine was meant to guide you?
Verbals/VC_VerbalsNPC_Solomon,060757EA4E18F7FC0D7E4BBC0A0BC50B,What's wrong? Not where the Divine was meant to guide you? Maybe Gallant failed to mention how the Spire twists the fabric of your realm. A mere consequence of its true purpose. I would have expected him to mention that.
Verbals/VC_VerbalsNPC_Solomon,3DEB5DB34FD8F9449F7598B79AAA968F,What's your point? What makes you any better?
Verbals/VC_VerbalsNPC_Solomon,86DD9DCF40D0E480FDB2458FFB115420_cue_0,"When I arrived from Nachtendale, I found a city in squalor."
Verbals/VC_VerbalsNPC_Solomon,86DD9DCF40D0E480FDB2458FFB115420,"When I arrived from Nachtendale, I found a city in squalor. The people of GIldenarch needed a savior, and they decided it would be me. I can offer no salvation greater than to be spared existence from this miserable world. "
Verbals/VC_VerbalsNPC_Solomon,768A25AA41286DAFD35D95A989201623_cue_0,Whoever you are. 
Verbals/VC_VerbalsNPC_Solomon,768A25AA41286DAFD35D95A989201623,Whoever you are. You face the judgment of the Lunitarian Church of Velchoria!
Verbals/VC_VerbalsNPC_Solomon,8C24D6004D23721998DE9CBA7FD904C5_cue_1,Why didn't the Church prepare us for this?
Verbals/VC_VerbalsNPC_Solomon,B992ED5B4F54B298C68A619A0CF2F6B2_cue_3,"You don't have to trust me, precedent speaks for itself."
Verbals/VC_VerbalsNPC_Solomon,768A25AA41286DAFD35D95A989201623_cue_1,You face the judgment 
Verbals/VC_VerbalsNPC_Solomon,D078C4C644494F3BFA4AC18349CBE2D3_cue_0,"You know something isn't right,"
Verbals/VC_VerbalsNPC_Solomon,D078C4C644494F3BFA4AC18349CBE2D3,"You know something isn't right, yet you blindly follow your orders. Go on, bring that stone back to the Church. Be a good slave! Your orders are to do, not to think."
Verbals/VC_VerbalsNPC_Solomon,5D6EFF6E442D4E1ABD30D1BD270F5A28,You merely deceive yourself to justify your own weakness!
Verbals/VC_VerbalsNPC_Solomon,4C7FE0F5475DC322BDDBEB8F05070B5C_cue_0,You misled the people of this city.
Verbals/VC_VerbalsNPC_Solomon,4C7FE0F5475DC322BDDBEB8F05070B5C,You misled the people of this city. Preyed upon their hopelessness and despair!
Verbals/VC_VerbalsNPC_Solomon,49101FAB44DE209E17D3EC8B26B87451_cue_0,"You see them as monsters; I see them differently,"
Verbals/VC_VerbalsNPC_Solomon,49101FAB44DE209E17D3EC8B26B87451,"You see them as monsters; I see them differently, as the true heirs to the Throne your god slumbers upon. If you knew the things I did, you’d lay your weapons down, or turn them to where they rightfully belong."
Verbals/VC_VerbalsNPC_Solomon,ECA9158B43B7E60848F8C4953B8B4CD2_cue_1,You shy away from the truth.
Verbals/VC_VerbalsNPC_Solomon,F582D46B47867B44DF24BA915F9F8ADF_cue_0,You sound rather exhausted for an angel.
Verbals/VC_VerbalsNPC_Solomon,F582D46B47867B44DF24BA915F9F8ADF,You sound rather exhausted for an angel. Ever wonder why that is?
Verbals/VC_VerbalsNPC_Solomon,FF8636F141C612C4BE649EAB7BB9177F_cue_0,"You trust Gallant with your life,"
Verbals/VC_VerbalsNPC_Solomon,FF8636F141C612C4BE649EAB7BB9177F,"You trust Gallant with your life, just as many others have. Learn about the Apostate Hunts, and the role he played in upholding the Crimson Concordat. Then you’ll know your Knight Commander for who he really is."
Verbals/VC_VerbalsNPC_Solomon,1E075CBA43704EB8FAA710B00E496A7B,You will face my Holy Retribution!
Verbals/VC_VerbalsNPC_Solomon,C73B7A1340FA47FED36C99BEE72304E3,You'll heed my warning if you know what's good for you
Verbals/VC_VerbalsNPC_Solomon,BEB0D49547923416B8776FA5081F3342_cue_3,You're being misled
Verbals/VC_VerbalsNPC_Solomon,6FA5D8404CC161502AD2C1823476C5C3,You're right. The deceit must end and I will start with you
Verbals/VC_VerbalsNPC_Solomon,C1B91F4A4BFCF9F0068CA9A69628B804_cue_1,You've banished the first god!
Verbals/VC_VerbalsNPC_Solomon,B700EB0641C4DD043415F5A772814BAA_cue_0,You've suffered much since you've set foot in this city.
Verbals/VC_VerbalsNPC_Solomon,B700EB0641C4DD043415F5A772814BAA,You've suffered much since you've set foot in this city. I wonder how much more you can endure?
Verbals/VC_VerbalsNPC_Solomon,269A598342CFD6EBA5FFC2808A085C09_cue_1,Your Church.
Verbals/VC_VerbalsNPC_Solomon,D078C4C644494F3BFA4AC18349CBE2D3_cue_4,"Your orders are to do, not to think."
Verbals/VC_VerbalsNPC_Solomon,2C4D33934EA6EFB24BC5E897F5259080,Your trickery will not stay my hand.
Verbals/VC_VerbalsNPC_Solomon,7E76005B46A7451D2EC37D9F62E4D17A_cue_4,You’d do well not to trust him.
Verbals/VC_VerbalsNPC_Solomon,3E8A864C43B9774A2AF7969D4C23B38D_cue_4,and I gave him what his chapter wanted:
Verbals/VC_VerbalsNPC_Solomon,BA2FC79F484CF49010F91EA5C4186B2F_cue_3,and I told them to look at each other.
Verbals/VC_VerbalsNPC_Solomon,ECA9158B43B7E60848F8C4953B8B4CD2_cue_0,and just like that.
Verbals/VC_VerbalsNPC_Solomon,ECA9158B43B7E60848F8C4953B8B4CD2,"and just like that. You shy away from the truth. An uncomfortable thought, hmm? Angels do not feel. They do not bleed!"
Verbals/VC_VerbalsNPC_Solomon,6539B226462D43EB4EE4F1B0735231B0_cue_1,and neither do you Solomon.
Verbals/VC_VerbalsNPC_Solomon,8E0A13754DDAEB5A7D87D6B47888D18F_cue_1,"and only weakness to destroy, Solomon."
Verbals/VC_VerbalsNPC_Solomon,7798CF2840411CC7E8638BB0B1BDD48C_cue_5,and our interests were well aligned.
Verbals/VC_VerbalsNPC_Solomon,53E1EFB14BB4A1044934CFB07AC081E9_cue_4,and the Legion will lay claim to this realm as their own.
Verbals/VC_VerbalsNPC_Solomon,A37237D3407A5ED6C1B9788329993786_cue_4,and the Saintess Reliqua of Virtue.
Verbals/VC_VerbalsNPC_Solomon,FF8636F141C612C4BE649EAB7BB9177F_cue_3,and the role he played in upholding the Crimson Concordat.
Verbals/VC_VerbalsNPC_Solomon,86DD9DCF40D0E480FDB2458FFB115420_cue_2,and they decided it would be me.
Verbals/VC_VerbalsNPC_Solomon,7E76005B46A7451D2EC37D9F62E4D17A_cue_3,and upholds the Lunitarian world order!
Verbals/VC_VerbalsNPC_Solomon,6B38424E491A03C0686E4DB2FDAB997E_cue_1,and you must do it all over again.
Verbals/VC_VerbalsNPC_Solomon,501F5630456A13B6201D38AE4ADA2D09_cue_3,and your progenitors.
Verbals/VC_VerbalsNPC_Solomon,49101FAB44DE209E17D3EC8B26B87451_cue_1,as the true heirs to the Throne your god slumbers upon.
Verbals/VC_VerbalsNPC_Solomon,BEB0D49547923416B8776FA5081F3342_cue_2,at the behest of the Church?
Verbals/VC_VerbalsNPC_Solomon,A37237D3407A5ED6C1B9788329993786_cue_1,because I was once a member of the cloth long ago.
Verbals/VC_VerbalsNPC_Solomon,65D3609D43E6629CACFC3ABD158A0DE5_cue_1,but for good reason.
Verbals/VC_VerbalsNPC_Solomon,461F89914714BE689E2CD4A5F78F5AC9_cue_6,but for how something feels.
Verbals/VC_VerbalsNPC_Solomon,461F89914714BE689E2CD4A5F78F5AC9_cue_8,"but for one over man, like a Nephilim perhaps, "
Verbals/VC_VerbalsNPC_Solomon,344B4EC54B8EFAEC97F6F390737E92FC_cue_3,but the result of my... enhancements.
Verbals/VC_VerbalsNPC_Solomon,3E8A864C43B9774A2AF7969D4C23B38D_cue_1,by the faith and the city.
Verbals/VC_VerbalsNPC_Solomon,007520D9444FF34D00DAF0970E8C3772_cue_3,fearful men.
Verbals/VC_VerbalsNPC_Solomon,86DD9DCF40D0E480FDB2458FFB115420_cue_4,from this miserable world.
Verbals/VC_VerbalsNPC_Solomon,CD9B1A1C4AA791ADE91C718B08C67B7B_cue_2,guided by faith!
Verbals/VC_VerbalsNPC_Solomon,7798CF2840411CC7E8638BB0B1BDD48C_cue_3,he could perform with Infernal Flora.
Verbals/VC_VerbalsNPC_Solomon,060757EA4E18F7FC0D7E4BBC0A0BC50B_cue_2,how the Spire twists the fabric of your realm.
Verbals/VC_VerbalsNPC_Solomon,C12685C84A4A9622211CC69148070BEA_cue_4,is a form of life that will never expire.
Verbals/VC_VerbalsNPC_Solomon,461F89914714BE689E2CD4A5F78F5AC9_cue_9,it can ignite a fire
Verbals/VC_VerbalsNPC_Solomon,53E1EFB14BB4A1044934CFB07AC081E9_cue_3,"it will consume Eden,"
Verbals/VC_VerbalsNPC_Solomon,FF8636F141C612C4BE649EAB7BB9177F_cue_1,just as many others have.
Verbals/VC_VerbalsNPC_Solomon,BA2FC79F484CF49010F91EA5C4186B2F_cue_5,my conquest was all too easy.
Verbals/VC_VerbalsNPC_Solomon,7123DDE84EAF5CAEF429809D8EFABD36_cue_2,"of subjugation, manipulation, and deceit."
Verbals/VC_VerbalsNPC_Solomon,768A25AA41286DAFD35D95A989201623_cue_2,of the Lunitarian Church of Velchoria!
Verbals/VC_VerbalsNPC_Solomon,3B4964F3424F65914E4F91B13E5C9D4E_cue_1,once they find out you know the truth...
Verbals/VC_VerbalsNPC_Solomon,49101FAB44DE209E17D3EC8B26B87451_cue_4,or turn them to where they rightfully belong.
Verbals/VC_VerbalsNPC_Solomon,461F89914714BE689E2CD4A5F78F5AC9_cue_3,resulting in a world divorced from reality.
Verbals/VC_VerbalsNPC_Solomon,14FE46A0481E6C7F5E4246951A7E09DA_cue_2,that I am justified in the things I have done.
Verbals/VC_VerbalsNPC_Solomon,62B5D56F4B3DAFE4EDA642A56B5F21EF_cue_1,the Holy Lineage was formed and started the Lunitarian Church.
Verbals/VC_VerbalsNPC_Solomon,7E76005B46A7451D2EC37D9F62E4D17A_cue_1,the first Nephilim and slayer of Valahk - Nor.
Verbals/VC_VerbalsNPC_Solomon,3E8A864C43B9774A2AF7969D4C23B38D_cue_5,the knowledge of the Abraxas Stones
Verbals/VC_VerbalsNPC_Solomon,C1B91F4A4BFCF9F0068CA9A69628B804_cue_3,then we shall see about your... faith.
Verbals/VC_VerbalsNPC_Solomon,461F89914714BE689E2CD4A5F78F5AC9_cue_5,"they care not for what truly is,"
Verbals/VC_VerbalsNPC_Solomon,62B5D56F4B3DAFE4EDA642A56B5F21EF_cue_3,they demanded that the Sentinels abandon the old ways;
Verbals/VC_VerbalsNPC_Solomon,3A146CA940D0B1DFF893F5AEFD8340DF_cue_1,they don’t care if they’re led to the pastures or the slaughter.
Verbals/VC_VerbalsNPC_Solomon,7798CF2840411CC7E8638BB0B1BDD48C_cue_2,they had marveled at the wonders 
Verbals/VC_VerbalsNPC_Solomon,7123DDE84EAF5CAEF429809D8EFABD36_cue_6,they kill them.
Verbals/VC_VerbalsNPC_Solomon,62B5D56F4B3DAFE4EDA642A56B5F21EF_cue_5,they slaughtered them all.
Verbals/VC_VerbalsNPC_Solomon,93620A26417FB783CEEB1E9707D40556_cue_1,they trusted you and you betrayed them.
Verbals/VC_VerbalsNPC_Solomon,25F9EF7948EC0FEA12579C9A83E14F06_cue_1,they were attempting to uncover.
Verbals/VC_VerbalsNPC_Solomon,7123DDE84EAF5CAEF429809D8EFABD36_cue_4,they’ve betrayed their own and enslaved their saviors.
Verbals/VC_VerbalsNPC_Solomon,421F0F704DFF7051B2E8BAB8FD051CC2_cue_1,this realm so desperately needs...
Verbals/VC_VerbalsNPC_Solomon,501F5630456A13B6201D38AE4ADA2D09_cue_2,to correct the wrongs of Lunarin
Verbals/VC_VerbalsNPC_Solomon,94AD650E418D3598700B8B97A91AA659_cue_4,under Lunarin’s banner and were victorious.
Verbals/VC_VerbalsNPC_Solomon,94AD650E418D3598700B8B97A91AA659_cue_2,vying for lordship over the cosmos.
Verbals/VC_VerbalsNPC_Solomon,62B5D56F4B3DAFE4EDA642A56B5F21EF_cue_4,"when the Sentinels refused,"
Verbals/VC_VerbalsNPC_Solomon,DC04FDE849ED35035433079046C9B91E_cue_4,"with the Abraxas Stones, no?"
Verbals/VC_VerbalsNPC_Solomon,25F9EF7948EC0FEA12579C9A83E14F06_cue_3,would have blindly destroyed your realm if I had not intervened.
Verbals/VC_VerbalsNPC_Solomon,D078C4C644494F3BFA4AC18349CBE2D3_cue_1,yet you blindly follow your orders.
Verbals/VC_VerbalsNPC_Solomon,49101FAB44DE209E17D3EC8B26B87451_cue_3,"you’d lay your weapons down,"
Verbals/VC_VerbalsNPC_Valahk,6E89FFBC49F1D7793581D39725D87858,*argh!* Your soul is tempered.
Verbals/VC_VerbalsNPC_Valahk,42AA14BE44F67D80731ED99B293E84AD,Akyreon will be avenged!
Verbals/VC_VerbalsNPC_Valahk,CE41054042B4D7D5BD52EA9D3F30FB94,Cain’s Will be done!
Verbals/VC_VerbalsNPC_Valahk,556018424F95D6916B4B3184DD9BA8BD,Enough of this!
Verbals/VC_VerbalsNPC_Valahk,F31D91C44A2778A1464D05836A91AE87,I am your doom!
Verbals/VC_VerbalsNPC_Valahk,12DB9FFF4D701607465AFBB34BDC0E2E,I shall delight in the defilement of your corpse.
Verbals/VC_VerbalsNPC_Valahk,F5D3989442B12FD327FD5E875E47AF22,I’ve filled mounds with the corpses of greater men!
Verbals/VC_VerbalsNPC_Valahk,E888FBB041068845D02263A9317FC5B2,My Legion! On me!
Verbals/VC_VerbalsNPC_Valahk,51DFE8E342F8F72D2B2B4A9B679F1CDF,Soul torn Aether-Spawn approaches! 
Verbals/VC_VerbalsNPC_Valahk,A335DDDB491EAFFDE46F15BD1469B1D2,"Submit to your demise, creature!"
Verbals/VC_VerbalsNPC_Valahk,8BE931814ACFC86C60144993E8FDE20E,The Demiurge died for this?
Verbals/VC_VerbalsNPC_Valahk,AA996F494896A63F1BD47CA77C0BB0C3,To your coffin wretch!
Verbals/VC_VerbalsNPC_Valahk,FBAD1279428D670E397178B22486F191,Where is your Commander?! You mock his legacy!
Verbals/VC_VerbalsNPC_Valahk,220698344A81533C222017A325709D08,You are a footnote in my people’s legacy!
Verbals/VC_VerbalsNPC_Valahk,574722DC49F059A1E27A1F87B5729D42,"You grace belies your weakness, wretch!"
Verbals/VC_VerbalsNPC_Valahk,AD686233422596EECC471E95468B79B8,You live and die for a lie.
Verbals/VC_VerbalsNPC_Valahk,A524C3CC4F46EF7618143690230BFE43,You wear his shadow!
Verbals/VC_VerbalsNPC_Valahk,F32EB3C1477ABDCF0100A6BC2305166C,You will die on your knees!
Verbals/VC_VerbalsNPC_Valahk,E867A07F4405DD0C52A2179C0C61E903,Your Aeonic blood cannot protect you forever.
Verbals/VC_VerbalsNPC_Valahk,AFBB079B4D2CACB5A9CC999C6CAC7F5B,Your blood is an abomination of the Astral tide.
Verbals/VC_VerbalsNPC_Valahk,57D83EB44E1E7CAE8F13B0B59F6EE82D,You’re worthy of your commander’s legacy.
